"pnhwht12","pnhblk12","phisp12","pntv12","pfb12","polang12","phs12","pcol12","punemp12","pflabf12","pprof12","pmanuf12","pvet12","psemp12","hinc12","incpc12","ppov12","pown12","pvac12","pmulti12","mrent12","mhmval12","p30old12","p10yrs12","p18und12","p60up12","p75up12","pmar12","pwds12","pfhh12"
89.47000122,2.599999905,1.970000029,0.209999993,10.47999954,10.23999977,14.39000034,61.52999878,5.340000153,64.12999725,61.56999969,9.880000114,8.869999886,9.609999657,88017,40514,0.959999979,95.22000122,1.809999943,6.96999979,1250,198400,52.97999954,37.18000031,23.97999954,26.51000023,9.600000381,68.20999908,12.65999985,2.50999999
81.41999817,3.829999924,11.10999966,1.029999971,2.890000105,7.460000038,24.37000084,37.65000153,5.239999771,58.65000153,45.68000031,8.56000042,15.67000008,8.399999619,70000,38272,1.039999962,72.41000366,5.369999886,22.40999985,723,131700,63.61000061,55.68000031,23.95000076,29.37000084,6.920000076,59.99000168,19.20000076,15.13000011
44.22999954,21.85000038,14.26000023,0,19.5,31.95000076,19.20000076,55.93999863,8.300000191,70.69999695,55.38000107,3.640000105,6.949999809,15.76000023,49826,39770,2.890000105,11.89999962,7.059999943,94.04000092,1080,400000,96.37999725,70.84999847,12.14000034,17.97999954,5.460000038,28.25,22.17000008,8.369999886
93.41000366,0.25,1.429999948,4.599999905,1.350000024,3.369999886,31,28.12999916,5.070000172,65.37000275,29.39999962,13.67000008,16.25,7.400000095,44328,24271,10.64000034,54.31000137,10.60999966,35.09000015,646,140500,73.51000214,64.47000122,22.94000053,21.59000015,7.800000191,38.49000168,28.42000008,26.17000008
97.36000061,1.5,0.5,0,1.289999962,0.879999995,63.16999817,18.42000008,4.070000172,57.15000153,24.98999977,19.20999908,9.510000229,4.420000076,45426,25603,14.01000023,74.11000061,2.00999999,9.529999733,525,115200,78.98999786,56.52999878,17.37999916,25.03000069,8.699999809,47.88000107,24.40999985,9.569999695
100,0,0,0,0.899999976,2.75,41.88999939,27.69000053,5.769999981,74.45999908,38.34000015,22.89999962,7.880000114,13.18999958,96011,37648,1.409999967,99.12999725,1.590000033,0,0,245800,35.38000107,49.27999878,25.5,14.85000038,2,79.94999695,6.119999886,2.140000105
81.97000122,0.980000019,13.44999981,1.830000043,9.130000114,10.86999989,38.93999863,34.27000046,6.190000057,55.65000153,41.47999954,14.31999969,10.27000046,24.64999962,86102,31679,4,92.33999634,10.56000042,0,2001,189700,18.36000061,73.62000275,31.14999962,14.5,3.99000001,77.88999939,6.079999924,0
84.19999695,8,3.529999971,0.300000012,5.630000114,6.369999886,33.68000031,30.59000015,7.820000172,64.02999878,38.84000015,8.529999733,11.64999962,14.43000031,77538,26869,3.359999895,93.44999695,4.889999866,0,547,195900,17.15999985,84.91999817,31.30999947,14.14000034,1.730000019,69.25,12.82999992,2.849999905
93.58999634,2.470000029,1.340000033,0,3.480000019,7.340000153,12.59000015,73.38999939,3,56.91999817,68.62000275,12.19999981,9.130000114,16.19000053,125417,88632,5.429999828,89.63999939,4.400000095,31.37999916,1071,377800,85.12000275,60.77000046,18.09000015,28.87999916,9.479999542,50.11000061,21.54000092,7.630000114
50.00999832,0.270000011,40.40999985,5.369999886,5.289999962,24.61000061,45.79999924,14.94999981,8.31000042,59.91999817,24.40999985,14.63000011,12.44999981,7.340000153,42418,20600,20.67000008,75.16000366,5.599999905,10.13000011,645,132200,17.06999969,55.81000137,27.60000038,15.56999969,2.309999943,40.81999969,27.07999992,19.72999954
98.87000275,0.150000006,0,0,0.330000013,2.49000001,69.13999939,9.329999924,11.52000046,50.5,19.62000084,15.64999962,13.31999969,7.53000021,37482,19247,11.90999985,81.48999786,16.07999992,6.320000172,319,69600,85.12999725,35.86000061,17.81999969,25.90999985,9.630000114,55.06999969,21.27000046,6.050000191
99.88999939,0.109999999,0,0,0.49000001,0.709999979,70.26999664,9.359999657,6.5,43.15999985,22.10000038,5.380000114,12.77999973,9.899999619,33492,19035,24.37999916,85.76999664,11.80000019,1.639999986,393,75000,51.02999878,49.40999985,28.29999924,20.04999924,4.610000134,63.59999847,20.90999985,11.26000023
32.36000061,2.420000076,17.82999992,0.140000001,20.60000038,48.29000092,8.850000381,81.33999634,15.69999981,38.25,51.36000061,1.970000029,1.49000001,0.670000017,43542,8594,29.84000015,12.42000008,1.679999948,86.94999695,984,432900,71.62000275,91.83999634,8.25,1.309999943,0.330000013,9.859999657,3.599999905,9.75
89.80999756,0.059999999,7.900000095,0,4.079999924,10.10000038,37.09000015,27.34000015,4.130000114,62.00999832,39.20000076,22.32999992,14.77000046,6.519999981,60420,30650,7.070000172,80.94000244,2.940000057,11.42000008,624,140500,71.30999756,56.54999924,24.59000015,28.44000053,9.06000042,63.58000183,16.70999908,5.710000038
98.41000366,0.899999976,0.419999987,0,0.689999998,2.529999971,44.34000015,21.93000031,10.56000042,63.77999878,34.90999985,18.37000084,11.75,6.21999979,63412,32737,6.710000038,82.69999695,10.07999992,0,616,196700,31.27000046,54.18999863,22.86000061,26.14999962,7.059999943,60.58000183,21.62999916,6.889999866
53.33000183,6.010000229,12.06000042,0,22.18000031,28.31999969,17.95999908,58.63999939,9.090000153,52.90000153,62.29999924,22.29000092,6.46999979,8.279999733,107377,41679,9.699999809,79.04000092,2.539999962,18.47999954,1276,689100,96.05000305,54.13999939,29.37000084,14.56999969,3.609999895,59.56000137,18.43000031,6.070000172
14.09000015,19.11000061,13.44999981,0.310000002,36.00999832,54.36999893,27.35000038,49.13000107,10.72000027,69.52999878,45.63999939,5.699999809,3.119999886,10.59000015,96823,37944,1.75,65.91000366,6.539999962,42.95999908,1908,503200,37.27000046,71.45999908,27.54999924,10.97999954,3.00999999,48.34999847,13.40999985,7.710000038
91.55999756,0.159999996,2.160000086,2.710000038,2.75,3.589999914,29.82999992,33.59000015,5.639999866,68.62999725,33.72999954,9.18999958,12.43000031,12.47000027,61947,29068,7.360000134,92.62999725,26.40999985,0.959999979,525,191900,42.36999893,51.99000168,23.42000008,21.62999916,4.170000076,64.11000061,13.78999996,5.329999924
96.47000122,0.090000004,0.800000012,0.340000004,0.920000017,4.800000191,39.5,29.84000015,4.559999943,65.70999908,32.86000061,10.42000008,13.90999985,16.13999939,67957,32178,4.329999924,88.83000183,6.389999866,7.190000057,436,220600,60.27999878,44.38000107,27.13999939,20.11000061,5.21999979,68.51000214,13.13000011,9
79.68000031,5.96999979,6.739999771,0,2.029999971,4.949999809,20.44000053,42.81999969,3.720000029,71.04000092,42.24000168,2.789999962,8.649999619,10.10000038,50291,29555,7.639999866,55.22000122,3.75999999,41.11999893,680,146500,56.52000046,67.45999908,19.31999969,13.64000034,6.929999828,36.68999863,17.79999924,12.60000038
48.90000153,17.29000092,30.29999924,0,15.19999981,29.20999908,51.68000031,17.35000038,10.44999981,57.66999817,28.85000038,14.77000046,11.56000042,4.539999962,44639,24759,8.270000458,66.54000092,4.130000114,43.13000107,875,132200,63.34000015,61.20999908,20.28000069,24.87000084,9.670000076,41.74000168,27.77000046,14.35000038
98.29000092,0.600000024,0,0,0.779999971,1.669999957,60.25999832,13.85000038,5.269999981,55.25,31.45999908,15.18999958,12.36999989,10.56000042,40139,23918,11.92000008,82.56999969,14.72000027,8.430000305,449,120500,74.48000336,38.77000046,20.30999947,26.29999924,9.670000076,54.25,20.48999977,10.80000019
43.63000107,10.36999989,43.63999939,0.029999999,18.45999908,41.22000122,53.59000015,20.54000092,7.309999943,57.45000076,28.06999969,17.51000023,5.829999924,5.690000057,41094,17351,25.56999969,80.09999847,17.45999908,1.809999943,548,68700,46.86999893,62.16999817,29.48999977,13.26000023,4.650000095,49.84999847,16.30999947,26.20000076
2.579999924,83.61000061,10.63000011,0,13.80000019,9.130000114,38.72000122,28,14.77999973,67.05000305,45.25,0,11.73999977,5.090000153,67877,31374,5.360000134,88.40000153,8.949999809,1.070000052,1148,328300,94.72000122,30.84000015,15.27999973,28.87999916,14.81999969,34.97999954,23.45000076,16.03000069
2.410000086,66.97000122,29.37999916,0,31.15999985,29.22999954,61.36999893,17.59000015,7.760000229,48.93000031,14.92000008,15.89000034,4.800000191,3.269999981,63472,20109,17.86000061,58.83000183,11.48999977,6.110000134,1189,277900,80.11000061,63.43000031,27.27000046,10.73999977,1.679999948,36.91999817,12.18000031,20.02000046
88.80000305,1.99000001,5.090000153,0.370000005,8.390000343,9.899999619,44.11999893,31.42000008,6.03000021,55.45999908,35.27999878,15.44999981,9.420000076,11.01000023,89716,38448,0.720000029,71.97000122,2.74000001,16.60000038,739,244400,43.86999893,70.12999725,14.11999989,28.5,8.460000038,60.83000183,18.77000046,3.069999933
94.19000244,0.839999974,0,0.889999986,1.929999948,2.710000038,48.56999969,21.19000053,4.960000038,57.09000015,31.67000008,12.90999985,16.52000046,10.09000015,55556,28698,5.340000153,78.45999908,7.329999924,1.620000005,549,122800,56.95000076,39.47999954,21.81999969,23.20999908,6.309999943,58.13000107,16.29000092,0
49.50999832,15.11999989,34.22999954,0,5.53000021,25.64999962,54.15000153,14.15999985,18.82999992,41.40999985,25.12000084,7.139999866,8.890000343,4.920000076,22438,16496,35.18999863,35.90000153,9.720000267,56.95999908,724,111900,33.22999954,84.93000031,21.04999924,24.62000084,11.88000011,29.38999939,38.56999969,17.70999908
55.86999893,18.79999924,14.32999992,0,11.44999981,16.81999969,32.20999908,30.28000069,8.5,65.26000214,37.5,6.420000076,21.39999962,5.769999981,82679,23579,8.630000114,84.88999939,10.51000023,5.039999962,1193,180500,2.690000057,85.01999664,36.81000137,6.579999924,1.529999971,58.75,14.89999962,12.77999973
26.87999916,71.81999969,0.25999999,0,0.159999996,0.170000002,63.06000137,13.67000008,15.82999992,51.77999878,24.03000069,15.34000015,6.829999924,6.909999847,29335,17708,27.82999992,69.23000336,12.18000031,5.269999981,344,65500,57.06999969,47.29999924,28.20000076,20.87999916,6.53000021,31.26000023,31.65999985,31.78000069
77.54000092,11.71000004,10.75,0,0.649999976,6.110000134,59.88000107,7.329999924,9.789999962,46.15000153,20.45000076,13.30000019,12.27999973,2.75999999,32847,15900,31.62000084,59.79000092,11.13000011,17.51000023,475,77200,97.66999817,51.93999863,28.13999939,22.51000023,7.889999866,50.22999954,14.85000038,19.23999977
98.43000031,0,0.649999976,0,0.379999995,2.059999943,61.95000076,19.90999985,8.25,58.34999847,27.01000023,15.93999958,9.409999847,4.28000021,52051,26308,10.01000023,81.19999695,6.110000134,8.640000343,482,122900,57.09999847,40.56999969,13.97000027,29.35000038,13.61999989,56.58000183,20.45000076,4.269999981
12.30000019,68.56999969,17.51000023,0,4.03000021,20.21999931,83.77999878,1,78.12999725,1.210000038,100,0,3.390000105,0,0,11142,55.18999863,0,0,0,0,0,0,0,0.439999998,1.220000029,0.02,7.159999847,10.86999989,0
92.98999786,3.099999905,2.859999895,0.790000021,2.089999914,1.75,42.13000107,29.23999977,6.260000229,69.01000214,38.29999924,7.820000172,11.43000031,8.5,53599,24140,5.019999981,75.63999939,4.5,7.650000095,483,131200,45.33000183,58.59000015,26.48999977,18.32999992,3.799999952,53.5,21.87999916,16.55999947
0.289999992,23.25,71.30000305,0,43.33000183,74.45999908,63.08000183,16.13999939,10.94999981,65.61000061,17.04999924,7.570000172,2.049999952,7.480000019,55436,15547,12.02999973,97.43000031,3.119999886,0,898,118100,4.650000095,95.73999786,38.15999985,3.680000067,1.590000033,49.86000061,13.46000004,20.94000053
75.98999786,12.02999973,4,0,8.06000042,10.22999954,25.87000084,39.49000168,4.599999905,61.74000168,46.54999924,10.11999989,10.47000027,4.03000021,66123,32857,3.099999905,91.23000336,2.039999962,13.56999969,684,153300,97.95999908,55.59999847,19.29999924,18.03000069,10.68000031,47.41999817,16.37999916,6.349999905
94.93000031,0,2.289999962,0.839999974,0.230000004,1.24000001,46.34000015,24.77000046,5.809999943,56.36999893,36.56999969,11.05000019,10.30000019,10.69999981,48667,22366,7.320000172,84.16000366,2.309999943,3.119999886,592,153900,49.08000183,55.66999817,24.78000069,22.51000023,6.480000019,63.13000107,21.70000076,10.18000031
14.72000027,81.65000153,0,0,3.049999952,2.940000057,58.75999832,9.340000153,13.01000023,64,20.82999992,9.460000038,8.859999657,7.480000019,37578,18515,18.39999962,72.84999847,13.06999969,8.989999771,494,85100,83.29000092,66.54000092,27.23999977,14.64999962,3.299999952,38.90000153,24.95999908,32.49000168
3.75,7.940000057,57.31999969,0,69.84999847,81.44000244,76.51000214,9.069999695,9.279999733,55.45000076,10.11999989,12.27999973,1.370000005,6.71999979,24083,11169,50.33000183,0.569999993,15.25,97.37999725,516,9999,81.44999695,90.43000031,29.34000015,8.619999886,2.329999924,39.47999954,13.77000046,16.02000046
68.83000183,1.840000033,16.64999962,0,20.55999947,25.87999916,4.46999979,85.43000031,4.420000076,56.79999924,77.01999664,4.320000172,4.230000019,10.06000042,161612,102343,11.14999962,33.38999939,26.18000031,99.25,2001,1000001,32.13000107,67.18000031,12.02999973,22.48999977,9.840000153,37.00999832,8.619999886,5.5
95.18000031,0,4.119999886,0.25,1.649999976,5.409999847,47.97000122,18.44000053,2.00999999,56.79999924,45.36000061,3.839999914,12.09000015,32.54000092,45478,26841,13.65999985,78.16999817,33.08000183,6.139999866,335,63000,72.36000061,49.16999817,19,29.79999924,11.67000008,70.30000305,14.69999981,3.559999943
12.47999954,2.180000067,83.15000153,0,19.30999947,65.76000214,50.11000061,18.54000092,8.590000153,59.59999847,29.20999908,5.349999905,9.239999771,7.329999924,46798,17687,12.07999992,66.12000275,2.99000001,20.82999992,735,122700,51.36000061,55.90000153,27.54000092,17.70000076,6.579999924,48.43000031,24.47999954,23.28000069
85.09999847,0.280000001,13.06999969,1.549999952,8.720000267,9.880000114,43.5,20.43000031,9.050000191,64.62999725,35.09000015,14.97000027,10.14000034,17.38999939,55583,32880,9.56000042,57.81999969,3.029999971,6.480000019,556,263100,41.88999939,65.33999634,23.44000053,20.54999924,4.440000057,59.68000031,12.65999985,18.87000084
66.06999969,14.59000015,16.75,0,16.93000031,15.23999977,50.04000092,14.53999996,10.02999973,53.72999954,26.62999916,10.32999992,15.17000008,4.619999886,42309,20627,13.42000008,82.93000031,19.17000008,4.769999981,835,107500,21.09000015,68.12000275,20.10000038,27.47999954,10.76000023,52.97000122,24.23999977,17.21999931
85.01000214,0.560000002,7.409999847,0,11.46000004,16,29.38999939,42.04999924,7.579999924,57.47999954,43.06000137,12.31999969,8.289999962,9.960000038,86424,34916,2.24000001,86.80000305,4.019999981,16.63999939,820,215600,92.73000336,38.31000137,22.72999954,24.89999962,8.31000042,57.81999969,16.27000046,5.889999866
61.20999908,0,32.54000092,1.080000043,14.60000038,31.57999992,40.16999817,27.51000023,9.619999886,65.08000183,25.57999992,9.68999958,9.529999733,19.37999916,62424,28729,16.76000023,61.56999969,11.85999966,8.25,1027,410100,39.72999954,66.83000183,27.20000076,17.62999916,3.569999933,61.66999817,15.5,6.860000134
99.11000061,0.370000005,0,0.340000004,0,0.379999995,69.33000183,10.72999954,11.46000004,52.31000137,22.31999969,19.97999954,12.56000042,7.400000095,48875,20150,11.03999996,83.94999695,10.88000011,1.049999952,478,120400,51.65000153,42.5,24.37999916,19.37000084,6,59.68000031,19.01000023,6.150000095
56.63999939,0,35.22999954,1.730000019,8.010000229,18.72999954,55.25,8.159999847,18.56999969,57.97000122,20.45000076,9.470000267,10.34000015,6.460000038,43068,17994,21.79000092,71.31999969,13.59000015,0,954,116800,48.41999817,67.33000183,29.26000023,17.94000053,9.359999657,46.65999985,28.25,24.69000053
3.75999999,10.89000034,80,0.449999988,43.50999832,80.68000031,74.63999939,4.130000114,12.98999977,58.79999924,9.100000381,6.46999979,2.849999905,14.15999985,31583,11236,28.70999908,38.86999893,15.36999989,60.58000183,598,94500,42.63000107,77.61000061,39.74000168,3.069999933,0.49000001,45.99000168,14.90999985,20.87000084
90.80999756,3.640000105,2.920000076,0.519999981,0.949999988,2.049999952,57,12.97000027,8.020000458,50.06999969,20.26000023,20.19000053,9.909999847,8.270000458,36949,17830,20.87999916,77.91999817,14.21000004,9.710000038,468,82400,68.79000092,49.18999863,22.59000015,22.56999969,7.960000038,53.36000061,21.04999924,11.93999958
91.75,2.089999914,3.099999905,0,2.279999971,6.190000057,43.20999908,14.06000042,7.699999809,66.91999817,26.5,16.79999924,9.130000114,5.860000134,65949,24387,5.800000191,82.54000092,1.820000052,8.800000191,743,178800,23.35000038,64.27999878,32.5,11.64000034,3.900000095,59.11000061,12.88000011,8.279999733
75.08000183,3.059999943,7.920000076,2.25,8.300000191,11.78999996,10.30000019,66.44000244,6.53000021,75.98999786,55.36000061,2.869999886,5.590000153,8.770000458,52185,48368,7.25,22.86000061,8.25,92.75,948,378500,79.30999756,83.83000183,4.289999962,18.81999969,7.309999943,30.87000084,15.11999989,3.24000001
76.69000244,0.970000029,18.54999924,0.079999998,5.809999943,11.34000015,23.40999985,40.45000076,2.279999971,55.13000107,54.91999817,4.260000229,10.68000031,9.510000229,62262,34838,1.690000057,88.26000214,1.309999943,6.360000134,728,267900,71.58999634,44.70000076,16.94000053,29.35000038,8.470000267,65.01999664,20.46999931,8.529999733
87.62999725,0.600000024,8.149999619,0.349999994,3.670000076,12.68000031,52.54999924,20.39999962,5.650000095,57.22999954,31.87999916,28.87000084,6.5,18.13999939,62857,25335,6.409999847,85.22000122,6.550000191,4.090000153,487,151300,61.29000092,51.77999878,31.65999985,19.54999924,8.039999962,63.84999847,10.47999954,2.619999886
75.77999878,0,23.38999939,0,4.46999979,14.32999992,50.72000122,22.67000008,3.49000001,44.99000168,32.5,3.369999886,10.94999981,18.01000023,37895,16801,26.69000053,67.19999695,17.70000076,13.85999966,621,231200,88.34999847,42.83000183,35.68000031,26.61000061,14.56000042,42.31000137,31.09000015,9.920000076
24.5,4.059999943,69.73999786,0.300000012,47.74000168,64.48000336,73.66999817,5.949999809,11.98999977,61.70000076,10.56000042,26.15999985,6.559999943,1.25,45179,14931,27.93000031,71.23000336,4.46999979,6.610000134,1032,119100,65.76999664,65.94999695,32.31000137,7.710000038,1.830000043,51.56000137,12.68000031,8.130000114
3.369999886,15.18999958,81.08999634,0,34.22999954,75.08999634,48.84000015,15.17000008,9.25,61.43000031,25.22999954,3.920000076,3.380000114,7.429999828,42353,19974,15.42000008,6.960000038,1.559999943,100,772,158200,86.37000275,57.99000168,24.31999969,14.67000008,3.75999999,26.61000061,29.20000076,34.84999847
43.72000122,50.88999939,5.21999979,0,2.650000095,3.579999924,70.62999725,12.68000031,5.119999886,36.97000122,24.76000023,13.77000046,7.389999866,9.369999886,31679,16051,31.01000023,79.37000275,19.03000069,1.230000019,325,73500,52.43000031,30.68000031,28.95999908,22.29999924,5.760000229,46.81000137,18.37000084,21.95999908
64.44000244,12.82999992,17.31999969,0.230000004,13.39999962,20.20999908,34.50999832,33.58000183,3.460000038,75.58999634,29.63999939,10.36999989,10.21000004,3.140000105,50172,24519,8.770000458,44.31999969,5.53000021,48.25,640,139700,29.28000069,81.62000275,28.44000053,9.130000114,3.170000076,49.79000092,16.94000053,17.57999992
79.61000061,3.470000029,13.84000015,0,10.81999969,16.45000076,67.83999634,9.06000042,15.60999966,65.48999786,26.47999954,17.31999969,10.64999962,4.769999981,48952,24549,12.10999966,62.5,6.46999979,20.04000092,679,172400,97.33999634,48.33000183,20.23999977,22.18000031,5.260000229,41.99000168,21.64999962,16.07999992
62.09000015,11.52999973,22.28000069,0.370000005,10.18000031,26.97999954,47.04999924,23.96999931,12.68999958,50.33000183,37.13999939,4.440000057,12.14000034,12.81999969,39255,24171,18.03000069,71.66000366,11.89999962,21.45999908,724,154500,61.47999954,62.68000031,18.87000084,24.42000008,11.35000038,42.31999969,25,13.32999992
63.81000137,10.72000027,24.84000015,0.370000005,9.829999924,19.97999954,49.59000015,22.09000015,7.369999886,57.75,23.67000008,5.320000172,7.329999924,7.789999962,23028,17111,33.16999817,0,20.5,91.40000153,505,0,70.36000061,92.90000153,12.65999985,23.37999916,6.21999979,24.21999931,33.22000122,25.96999931
0.769999981,98.98000336,0,0,0,0,59.59000015,8.409999847,21.88999939,47.97000122,16.78000069,8.140000343,7.920000076,4.360000134,27122,12714,42.18999863,34.70999908,24.26000023,80.69999695,651,159600,95.73000336,53.38999939,24.61000061,15.38000011,6.090000153,20.76000023,22.29999924,29.97999954
91.68000031,1.210000038,1.940000057,0,8.039999962,5.440000057,22.78000069,52.50999832,4.079999924,61.11000061,52.90999985,12.35999966,12.35999966,9.569999695,82773,43252,3.50999999,78.5,5.110000134,19.72999954,977,202400,49.34999847,49.41999817,22.34000015,25.85000038,8.090000153,60.59000015,17.55999947,6.789999962
95.66000366,0.330000013,2.829999924,0.050000001,0.660000026,1.840000033,39.36000061,24.68000031,6.880000114,64.33999634,29.21999931,11.84000015,9.829999924,11.52999973,67346,29180,7.090000153,82.04000092,4.739999771,7.119999886,579,172700,47.06000137,52.77999878,23.72999954,20.92000008,5.230000019,68.62000275,11.39999962,6.25
88.62000275,1.879999995,3.400000095,0.589999974,7.019999981,9.829999924,26.09000015,47.04999924,6.320000172,62.45999908,55.20000076,13.84000015,8.180000305,10.40999985,93199,39465,8.569999695,93.20999908,2.24000001,2.339999914,904,236700,24.07999992,70.87000275,30.54999924,16.32999992,4.079999924,64.23999786,14.82999992,7.769999981
72.16999817,0,25.62000084,0,20.30999947,21.98999977,57.84999847,9.180000305,6.489999771,43.29999924,15.42000008,8,26.53000069,5.929999828,27500,17505,34.29000092,55.66999817,21.04999924,6.050000191,313,56800,46.75,60,16.23999977,28.26000023,4.889999866,54.09999847,18.96999931,7.670000076
84.01000214,0,3.049999952,6.050000191,7.849999905,10.81999969,44.75,24.32999992,6.630000114,67.72000122,26.31999969,5.269999981,10.34000015,10.47000027,63105,26480,16.52000046,66.98000336,4.230000019,16.86000061,682,223500,39.77000046,78.04000092,26.20000076,16.61000061,4.710000038,55.36000061,17.78000069,10.01000023
82.37999725,1.230000019,9.31000042,0,13.97000027,15.25,16.53000069,62.84999847,3.970000029,56.34000015,62.25,9.880000114,5.980000019,18.12000084,118582,64631,4.019999981,83.37000275,5.710000038,16.43000031,1344,572300,64.37999725,39.68999863,24.95999908,25.87999916,6.320000172,61.31000137,14.84000015,8.619999886
9.300000191,75.76999664,14.40999985,0.270000011,3.380000114,13.56999969,69.84999847,1.860000014,21.98999977,64.76000214,18.54999924,7.190000057,9.239999771,4.619999886,25679,11605,39.33000183,44.61000061,11.86999989,8.25,654,92000,72.55999756,63.61999893,32.70999908,11.10000038,3.910000086,24.67000008,30.01000023,38.40000153
95.16000366,0.419999987,4.050000191,0,2.190000057,4.940000057,57.54999924,9.81000042,20.05999947,53.29999924,16.96999931,10.09000015,9.289999962,8.93999958,31017,15344,27.55999947,62.75999832,21.57999992,0,656,26000,18.67000008,68.29000092,25.52000046,18.37000084,5.96999979,41.70999908,22.01000023,20.88999939
3.200000048,64.18000031,30.25,0,29.64999962,35.04999924,52.59999847,22.48999977,14.85000038,50.65999985,34.50999832,0.74000001,4.699999809,4.570000172,38380,17925,24.87000084,31.21999931,8.149999619,81.29000092,684,367000,78.47000122,57.36000061,26.63999939,19.92000008,9.140000343,27.27000046,22.15999985,42.04000092
95.86000061,0,2.109999895,0.090000004,1.679999948,4.78000021,37.45000076,23.12999916,9.079999924,59.86999893,35.36999893,7.21999979,15.93000031,15.73999977,47417,25313,13.11999989,78.11000061,53.43999863,5.440000057,642,155800,69.47000122,45.90999985,24.69000053,25.63999939,7.809999943,54.20000076,21.75,15.30000019
92.31999969,0.939999998,6.050000191,0,8.829999924,18.28000069,37.79000092,33.75999832,9.670000076,66.36000061,36.20999908,11.81999969,6.96999979,11.67000008,101133,39741,3.049999952,85.91999817,2.650000095,9.359999657,1118,574500,91.44999695,42.38999939,18.62000084,25.89999962,12.19999981,63.31999969,10.31999969,2.710000038
92.56999969,0,5.610000134,0,0.75999999,1.690000057,70.94999695,12.77999973,6.739999771,42.59999847,25.75,21.12999916,8.979999542,14.11999989,28784,16209,24.61000061,71.41000366,10.17000008,3.519999981,292,46100,74.12000275,55.83000183,23.13999939,21.04999924,7.570000172,40.74000168,34.06000137,21.95999908
27.87000084,38.36000061,32.09000015,0,18.72999954,29.86000061,63.75,12.47000027,8.279999733,51.06999969,18.82999992,20.10000038,4.400000095,5.289999962,24681,13068,45.90999985,42.18000031,19.70000076,30.17000008,434,62100,58.47000122,72.16000366,25.76000023,14.35999966,5.800000191,32.20000076,22.36000061,25
94.36000061,0.170000002,3.549999952,0.129999995,2.980000019,8.680000305,63.84000015,12.35000038,5.699999809,64.65000153,26.68000031,24.79000092,9.510000229,17.05999947,57028,21915,13.31999969,86.73000336,3.75,3.680000067,480,145400,63.54000092,44.40999985,29.46999931,17.42000008,5.440000057,68.02999878,10.19999981,2.670000076
49.95000076,39.13999939,8.350000381,0,8.380000114,10.23999977,66.20999908,9.25,10.78999996,50.45000076,29.36000061,21.21999931,6.710000038,16.03000069,34271,18029,25.15999985,64.01000214,12.43000031,0.879999995,448,95900,44.18999863,46.70000076,30.32999992,15.13000011,4.510000229,56.84999847,17.13999939,21.53000069
42.11000061,2.160000086,30.88999939,0,16.43000031,25.39999962,38.86999893,22.43000031,18.48999977,62.45999908,43.91999817,2.720000029,8.75,5.289999962,87656,28362,6.769999981,87.04000092,4.010000229,0,1262,194900,7.71999979,57.04999924,21.01000023,16.90999985,4.130000114,45.09999847,23.09000015,10.92000008
88.16999817,0.230000004,4.289999962,0,26.51000023,40.22000122,36.52000046,30.21999931,16.88999939,54.18000031,52.25999832,0,0.850000024,15.47999954,58611,19387,11.77000046,40.15000153,9.739999771,67.86000061,1083,584500,99.31999969,50.38000107,25.70999908,16.62999916,10.10999966,45.70000076,11.76000023,3.980000019
88.44000244,6.630000114,1.639999986,0,1.00999999,3.210000038,61.02000046,17.63999939,11.81000042,70.87000275,28.32999992,16.75,16.26000023,3.210000038,47830,26795,9.329999924,64.52999878,5.179999828,34.20999908,668,137400,78.94000244,63.15000153,22.17000008,18.68000031,8.970000267,48.59999847,24.38999939,14.27000046
96.36000061,0.579999983,0.730000019,0.819999993,0.25999999,13.64000034,65.27999878,14.86999989,2.809999943,63.09000015,34.27999878,12.09000015,9.829999924,16.30999947,54189,19533,11.56999969,83.33000183,11.02000046,0.239999995,384,137100,51.38999939,52.5,31.78000069,18.10000038,4.050000191,68.19999695,12,4.849999905
11.01000023,79.37999725,8.220000267,0,0.49000001,4.570000172,59.75999832,11.89999962,12.47999954,56.88000107,20.59000015,12.43999958,6.550000191,15.38000011,28000,15149,19.38999939,36.09999847,34.59999847,35.13999939,805,148300,88.47000122,76.13999939,28.51000023,12,4.03000021,29.53000069,20.72999954,19.11000061
76.83999634,0.109999999,19.13999939,0.140000001,8.140000343,21.40999985,28.04000092,26.81999969,10.81999969,53.47000122,47.13000107,7.150000095,6.360000134,4.329999924,53468,16485,10.96000004,50.84999847,16.56999969,27.72999954,668,179100,80.01999664,70.98999786,28.05999947,9.619999886,2.75,54.61000061,15.32999992,3.519999981
98.48000336,0.409999996,0.620000005,0,0.970000029,1.889999986,49.04000092,21.44000053,6.059999943,54.04999924,34.65999985,11.82999992,13.93000031,17.73999977,51724,24658,9.140000343,80.95999908,29.67000008,8.56000042,468,92600,82.44000244,51.02999878,20.70999908,27.12999916,7.900000095,54.70000076,21.20999908,5.869999886
84.61000061,2.660000086,4.590000153,0.730000019,8.630000114,9.31000042,10.47000027,70.84999847,1.580000043,46.04000092,59.08000183,7.460000038,11.53999996,21.27000046,126563,60183,2.460000038,87.66999817,5.96999979,5.349999905,1375,367500,4.119999886,92.33999634,28.48999977,18.29999924,4.369999886,74.36000061,6.829999924,0.870000005
90.47000122,2.440000057,2.380000114,1.25,5.139999866,7.590000153,53.40999985,20.96999931,6.860000134,61.31999969,36.40000153,8.760000229,11.36999989,16.25,32969,16163,22.46999931,62.22000122,13.67000008,27.47999954,663,162100,58.84999847,62.70000076,21.29000092,13.73999977,3.980000019,37.00999832,16.04999924,16.89999962
17.59000015,4.199999809,4.849999905,0,62.47000122,70.68000031,22.62999916,60.43000031,6.380000114,52.52999878,59.54000092,18.70000076,1.179999948,4.75,83964,36587,12.81999969,45.41999817,4.570000172,53.27000046,1408,360700,50.43000031,81.75,26.67000008,11.36999989,3.269999981,61.83000183,12.72000027,7.539999962
67.23000336,27.07999992,3.359999895,0,0.819999993,2.00999999,63.74000168,11.65999985,6.710000038,53.06000137,23.89999962,8.43999958,7.980000019,4.409999847,38958,20670,21.47999954,66.80999756,30.04999924,7.619999886,320,61100,58.18999863,51.54000092,23.06999969,18.47999954,7.340000153,43.06999969,22.71999931,10.19999981
76.97000122,0.790000021,17.12999916,0,8.130000114,16.69000053,22.90999985,36.61000061,8.390000343,73.44000244,45.86999893,5.139999866,10.67000008,10.19999981,82560,34388,3.829999924,87.09999847,5.539999962,6.699999809,1264,239800,18.51000023,58.06999969,24.81999969,17.68000031,4.619999886,51.70000076,20.20000076,9.680000305
94.75,1.879999995,0.790000021,0.400000006,0.639999986,3.670000076,40.97999954,17.97999954,10.36999989,80.25,24.29999924,13.28999996,10.57999992,5.329999924,48442,23847,7.190000057,48.63000107,9.699999809,49.90000153,625,165800,83.94000244,72.11000061,21.75,15.15999985,6.590000153,34.75,29.95000076,22.93000031
9.930000305,37.88999939,43.86000061,0,25.31999969,41.06999969,55.43000031,15.25,6.539999962,61.56000137,20.60000038,7.010000229,5.690000057,5.570000172,33214,16120,31.02000046,43.65999985,17.12000084,52.11999893,600,109000,12.78999996,91.73999786,36.90999985,8.020000458,1.399999976,42.63000107,16.62999916,27.59000015
59.61000061,30.67000008,4.340000153,0,8.579999924,9.069999695,36.66999817,34.81000137,12.69999981,63.77000046,50.43000031,4.349999905,18.40999985,19.11000061,41840,27883,29.19000053,59.09000015,16.21999931,16.97999954,653,206300,90.94000244,62.54999924,14.47000027,24.37000084,5.429999828,45.97000122,31.17000008,16.07999992
63.88999939,34.13999939,0,0,2.369999886,1.820000052,40.86000061,39.11000061,18.22999954,63.91999817,51.13000107,9.279999733,9.859999657,6.079999924,42933,33689,20.90999985,57.93000031,17.54999924,53.70000076,442,101800,89.93000031,63.45000076,7.96999979,26.52000046,6.989999771,32.65000153,30.39999962,8.06000042
11.39000034,13.01000023,34.58000183,5.230000019,46.88999939,58.34000015,49.47999954,24,7.519999981,57.36000061,14.48999977,4.590000153,5.679999828,8.300000191,46418,23500,20.51000023,52.09000015,12.81999969,75.91000366,991,350000,95.48999786,46.31999969,22.77000046,25.11000061,10.39999962,39.29000092,22.38999939,17.42000008
34.02999878,18.71999931,21.28000069,0.910000026,27.92000008,42.79000092,29.57999992,48.88000107,7.559999943,74.19000244,52.33000183,10.71000004,4.059999943,9.890000343,71429,45456,19.19000053,57.31000137,6.400000095,28.44000053,1118,524900,85.62000275,60.61999893,21.92000008,14.90999985,3.680000067,50.50999832,14.02999973,11.15999985
88.22000122,0.769999981,9.149999619,0.829999983,3.190000057,7.340000153,62.63000107,11.02999973,5.019999981,47.18999863,31.37000084,11,10.53999996,12.42000008,41439,23006,13.18000031,80.20999908,19.28000069,0,516,85600,40.49000168,57.13000107,24.61000061,21.79000092,5.230000019,54.36000061,24.86000061,12.32999992
91.26000214,1.100000024,1.159999967,0.720000029,6.550000191,7.440000057,31.73999977,36.13000107,6.110000134,61.22000122,35.22999954,7.389999866,9.699999809,4.909999847,39049,28631,13.19999981,41.22000122,8.170000076,52.49000168,648,165300,33.52999878,76.44999695,20.12999916,22.47999954,7.940000057,49.40000153,22.54000092,13.40999985
91.58000183,0.109999999,5.760000229,0,3.559999943,4.289999962,25.21999931,33.04000092,6.960000038,59.65000153,38.31000137,7.409999847,20.87000084,10.53999996,83920,38265,3.660000086,82.52999878,9.850000381,2.619999886,865,351600,49.38000107,60.11000061,19.43000031,26.39999962,4.329999924,64,18.51000023,8.020000458
87.41999817,2.960000038,1.350000024,0.180000007,5.550000191,6.960000038,29.13999939,44.75999832,7.880000114,59.00999832,52,16.98999977,5.679999828,16.53000069,107125,55605,4.050000191,94.62999725,11.13000011,4.21999979,320,237500,24.95000076,56.09000015,22.78000069,26.87000084,3.630000114,75.33999634,8.260000229,2.480000019
40.95000076,0,7.380000114,0,21.98999977,23.27000046,15.06999969,62.08000183,3.039999962,49.31000137,53.65999985,3.430000067,8.5,28.94000053,116767,64849,5.710000038,79.84999847,22.73999977,14.97999954,2001,1000001,72.41000366,53.25999832,21.61000061,32.15999985,11.35999966,70.98000336,13.19999981,4.190000057
59.34999847,0,38.49000168,1.649999976,9.130000114,30.87999916,32.22000122,25.93000031,3.00999999,31.67000008,42.75999832,0,17.80999947,30.45999908,48491,20330,19.78000069,98.15000153,52.38999939,0,0,150900,59.25,30.32999992,22.62000084,31.61000061,14.65999985,46.61000061,21.87999916,4.239999771
87.97000122,1.799999952,8.989999771,0,4.119999886,8.050000191,62.95000076,8.050000191,24.82999992,48.18000031,25.34000015,19.11000061,8.68999958,6.489999771,26581,16088,28.30999947,60.25,9.420000076,16.35000038,275,73900,74.44999695,54.59000015,20.37999916,23.82999992,7.639999866,53.34000015,21.87000084,11.85999966
46.81000137,22.87999916,22.68000031,0,30.23999977,46.09999847,30.29999924,37.88000107,5.820000172,65.68000031,40.50999832,2.75999999,6.650000095,10.75,55633,32162,18.40999985,61.18000031,24.02000046,66.70999908,984,211500,64.76999664,75.94000244,23.42000008,19.51000023,7.460000038,47.25999832,24.98999977,13.35999966
19.12999916,79.20999908,0.74000001,0,0.180000007,0.239999995,59.38000107,8.590000153,30.23999977,55.77000046,18.60000038,7.989999771,3.670000076,4.239999771,22583,12002,44.61999893,56.29999924,10.89000034,13.31000042,310,52700,68.20999908,50.86000061,25.72999954,15.81000042,6.010000229,24.82999992,23.87999916,33.02000046
91.55000305,3.869999886,0.600000024,0.239999995,3.269999981,7.670000076,53.13999939,14.17000008,4.260000229,59.40000153,27.5,17,7.480000019,4.5,49941,22434,16.38999939,79.43000031,9.520000458,7.21999979,586,127900,87.01000214,37,23.56999969,21.25,11.18999958,41.50999832,26.54999924,4.929999828
71.87000275,25.85000038,0.639999986,0,1.25999999,2.630000114,35.81000137,31.20999908,5.400000095,59.13999939,42.00999832,13.89000034,7.789999962,11.35000038,47610,30010,10.32999992,54.74000168,9.25,33.86999893,449,151700,60.29000092,55.22999954,22.81999969,26.48999977,7.389999866,54.02000046,21.98999977,11.86999989
90.22000122,4.75,2.519999981,0,1.529999971,2.440000057,64.84999847,8.960000038,11.19999981,51.52999878,20.09000015,3.130000114,13.68999958,10.27999973,34682,18371,18.29000092,81.68000031,14.39000034,0,543,101700,27.88999939,55.77000046,22.04999924,25.27000046,7.380000114,56.93000031,22.45000076,13.14000034
34.93000031,60.56999969,2.450000048,0.430000007,6.389999866,6.480000019,41.04999924,28.26000023,13.63000011,53.02000046,36.09999847,3.910000086,5.190000057,7.110000134,26038,15289,27.75,13.69999981,11.55000019,66.75,552,78300,69.08000183,83.66999817,10.84000015,9.670000076,2.670000076,12.18999958,15,27.42000008
100,0,0,0,0.949999988,2.859999895,35.09999847,25.45999908,10.13000011,60.13000107,37.97999954,15.80000019,6.96999979,10.07999992,76004,35208,4.309999943,95.59999847,1.330000043,0,914,237000,47.34999847,46.52000046,25.01000023,16.81999969,5.78000021,59.61000061,12.18999958,1.210000038
95.77999878,0,1.019999981,2.140000105,1.980000019,2.420000076,51.75,18.63999939,6.599999905,51.99000168,27.81999969,13.81000042,13.21000004,9.789999962,38858,21900,16.20000076,78.58000183,16.37999916,7.949999809,364,119800,50.43999863,56.65999985,23.11000061,22.60000038,5.820000172,54.54999924,22.30999947,13.64999962
51.45999908,11.69999981,32.75,0,14.07999992,27.11000061,17.23999977,59.33000183,4.179999828,65.48999786,60.77000046,3.109999895,2.74000001,8.890000343,64211,42064,14.93999958,43,7.059999943,51.33000183,888,354800,19.62000084,100,17.77000046,4.5,1.840000033,36.68000031,12.21000004,9.590000153
78.43000031,2.579999924,1.50999999,0,25.75,33.13000107,15.55000019,67.01999664,7.619999886,59.13999939,52.75999832,7.090000153,7.659999847,18.62000084,102067,58619,1.330000043,83.62000275,8.609999657,26.12999916,2001,469800,54.79999924,47.88000107,19.32999992,34.24000168,13.72000027,59.02000046,22.19000053,5.039999962
46.66999817,25.72999954,3.640000105,1.350000024,22.61000061,27.32999992,34.47999954,52.36999893,6.579999924,48.52999878,79.97000122,1.25,7.599999905,0,21042,23538,39.97000122,0.800000012,32.54999924,96.63999939,834,0,84.16000366,90.34999847,3.589999914,8.630000114,3.00999999,17.81999969,12.63000011,10
70.62000275,4.650000095,17.89999962,1.110000014,5.590000153,14.26000023,31.14999962,21.96999931,9.840000153,37.70999908,26.40999985,2.289999962,24.82999992,0,42568,17859,5.449999809,1,7.539999962,55.52999878,1305,9999,26.37999916,99,29.42000008,0.25999999,0,61.06999969,1.779999971,4.659999847
54.20999908,1.340000033,43.49000168,0.479999989,7.949999809,25.68000031,56.56999969,13.97000027,8.829999924,45.59999847,36.72999954,1.789999962,7.739999771,17.60000038,30938,16540,30.43000031,73.62999725,15.89999962,10.03999996,341,94200,75.94000244,47.75999832,24.52000046,22.40999985,8.329999924,42.18999863,26.46999931,18.29000092
12.43999958,1.75,77.48000336,0,43.31000137,74.83999634,73.48999786,8.399999619,13.39999962,51.34999847,14.36999989,14.09000015,2.799999952,12.06000042,59255,14978,9.880000114,60.41999817,4.659999847,22.71999931,1316,294500,84.51000214,45.75999832,29.05999947,12.26000023,6.099999905,50.45000076,14.77999973,15.52000046
50.27000046,1.350000024,10.59000015,0,47.38999939,58.13999939,24.78000069,51.86000061,6.929999828,65.19000244,54.77000046,3.099999905,2.799999952,10.25,79762,38488,9.659999847,28.95999908,10.56000042,86.61000061,1439,869200,84.97000122,64.19999695,15.15999985,19.20000076,6.570000172,47.38000107,14.18000031,2.380000114
51.00999832,5.739999771,11.21000004,0.150000006,23.69000053,39.63999939,7.889999866,73.40000153,5.550000191,55.02000046,71.70999908,5.389999866,6.940000057,16.38999939,163505,67759,1.830000043,91.33999634,2.579999924,3.140000105,1000,396500,3.349999905,72.87000275,23.27000046,12.85000038,2.619999886,65.73000336,9.760000229,3.730000019
74.22000122,22.22999954,1.629999995,0,2.519999981,6.820000172,32.11000061,33.65999985,0.670000017,61.29000092,36.18999863,10.81000042,13.97999954,7.800000191,44577,30118,7.019999981,62.91999817,3.880000114,31.81999969,654,135500,81.43000031,60.18999863,24.09000015,21.94000053,8.170000076,38.38000107,32.81000137,16.20999908
1.379999995,94.91999817,2.75999999,0,26.17000008,21.29999924,54.5,15.47000027,24.53000069,70.55999756,30.20000076,5.139999866,5.400000095,2.980000019,35867,22992,19.86000061,30,7.880000114,73.44000244,758,203000,75.48999786,70.27999878,20.54000092,18.81999969,6.400000095,26.26000023,24.10000038,19.87000084
45.88000107,8.020000458,39.09000015,0,23.77000046,36.11000061,66.61000061,11.03999996,6.980000019,52.65000153,20.48999977,5.699999809,9.880000114,4.550000191,32318,16740,24.37000084,42.49000168,20.61000061,53.84000015,673,141500,84.06999969,76.76000214,28.06999969,14.35999966,3.730000019,34.99000168,22.38999939,24.02000046
77.05000305,0.560000002,13.10999966,0,18.30999947,27.19000053,7.650000095,77.88999939,2.730000019,73.62999725,72.62000275,3.029999971,5.5,18.25,99322,93177,7.440000057,49.77000046,13.55000019,51.40999985,1125,493800,61.08000183,76.16000366,14.72000027,23.29000092,4.570000172,44.08000183,17.38999939,14.5
68.22000122,2.410000086,11.25,0,18.80999947,28.25,14.85000038,55.99000168,7.96999979,62.20000076,57.70999908,7.889999866,10.44999981,14.78999996,110714,36817,3.349999905,94,10.56000042,0.340000004,535,254500,17.96999931,85.80999756,29.70000076,13.56999969,4.190000057,68.84999847,13.06000042,2.430000067
22.62000084,29,46.02000046,0,5.639999866,38.88000107,80.55999756,4.849999905,25.02000046,43.00999832,10.32999992,19.37000084,7.860000134,1.679999948,23237,11086,55.56000137,53.72000122,15.75,16.47999954,607,71100,97.01999664,73.12000275,35.79000092,8.510000229,1.50999999,23.45999908,19.31999969,39.40000153
18.92000008,16.27000046,56.70000076,0,30.04000092,62.40999985,53.02000046,29.54000092,8.930000305,62.59999847,31.55999947,3.059999943,2.390000105,8.369999886,34310,19956,28.44000053,1.570000052,7.820000172,97.91000366,920,593800,80.81999969,61.63000107,17.77000046,10.77000046,4.329999924,32.72000122,17.02000046,17.01000023
95.76000214,0.180000007,1.299999952,0,1.440000057,3.460000038,34.38000107,41.38999939,4.440000057,52.06000137,57.34000015,9.239999771,15.56000042,13.77999973,75605,43136,8.979999542,80.86000061,5.619999886,0,536,279400,30.79999924,58.47999954,22.15999985,21.10000038,4.269999981,70.54000092,11.52000046,1.980000019
96.04000092,0.090000004,2.529999971,0,3.470000029,4.889999866,19.12000084,64.41000366,2.420000076,56.52999878,57.65000153,2.549999952,8.56000042,19.11000061,67216,39995,2.559999943,64.80999756,12.46000004,27.65999985,643,201200,98.04000092,57.86999893,25.81999969,21.45000076,8.210000038,55.34999847,20.86000061,5.010000229
64.80000305,26.96999931,3.130000114,2.920000076,6.110000134,10.65999985,16.20999908,36.75999832,8.600000381,81.70999908,33.81000137,6.730000019,9.850000381,3.339999914,38317,24969,9.899999619,20.13999939,12.76000023,64.80000305,639,134600,39.40000153,88.06999969,21.29000092,9.029999733,0.899999976,32.95000076,14.71000004,21.30999947
2.809999943,36.54999924,54.68999863,0,39.77999878,48.15000153,66.75,15.05000019,10.51000023,54.04999924,17.90999985,7.789999962,1.779999971,5.639999866,37441,15521,27.86000061,14.75,4.690000057,89.25,1065,459600,80.33000183,76.37000275,28.20999908,10.84000015,3.25999999,25.30999947,18.54000092,36.29000092
80.26000214,2.920000076,3.599999905,0,17.86000061,26.04000092,25.46999931,55.08000183,3.279999971,56.83000183,59.99000168,4.210000038,3.900000095,18.17000008,112583,55507,0.25,85.37999725,1.850000024,8.81000042,1298,670400,82.70999908,44.11999893,25.71999931,17.37999916,4.139999866,63.54000092,9.130000114,4.230000019
62.22999954,4.570000172,19.59000015,0.389999986,16.40999985,21.34000015,47.04000092,18.54999924,10.67000008,63.49000168,21.70000076,9.899999619,5.28000021,11.56999969,27791,16019,27.87999916,30.37999916,24.28000069,60.66999817,425,92400,80.44000244,74.51000214,14.39999962,13.47000027,6.619999886,26.54000092,14.57999992,19.31999969
85.59999847,0.100000001,6.760000229,0.129999995,9.149999619,11.75,31.82999992,23.20000076,11.06999969,64.15000153,37.13999939,10.14000034,12.93000031,23.05999947,76582,30896,7.820000172,90.72000122,6.010000229,0,750,369200,68.15000153,38.90000153,21.28000069,27.48999977,8.75,67.81999969,13.48999977,2.930000067
76.61000061,0,12.93000031,0.699999988,9.149999619,7.659999847,11.98999977,64.51999664,0.970000029,69.79000092,65.09999847,30.89999962,11.73999977,11.72000027,114206,76051,1.409999967,36.24000168,21.70000076,32.02000046,2001,1000001,78,66.27999878,13.10000038,22.52000046,10.98999977,48.58000183,12.35000038,2.99000001
71.48000336,25.42000008,1.169999957,0,1.370000005,1.039999962,16.81999969,65.09999847,1.809999943,54.36999893,60.22999954,5.170000076,15.61999989,10.81999969,69900,46913,6.849999905,84.29000092,9.199999809,10.92000008,644,218100,84.43000031,62.27999878,26.18000031,23.93000031,7.800000191,62.18999863,16.76000023,12.98999977
82.41000366,7.619999886,8.75,0,11.21000004,13.86999989,46.81000137,16.12000084,3.49000001,65.55999756,29.78000069,22.82999992,7.070000172,2.569999933,42308,20663,16.46999931,76.83000183,2.170000076,17.70000076,502,89900,97.27999878,63.40999985,29.39999962,16.59000015,6.119999886,48.22000122,17.98999977,24.36000061
90.40000153,0,9.600000381,0,37.11000061,57.54999924,31.25,27.44000053,6.539999962,65.48999786,21.62000084,4.349999905,12.32999992,16.02000046,61563,34389,1.519999981,97.01999664,5.789999962,0,0,375500,88.79000092,36.11000061,24.47999954,30.25,12.19999981,67.65000153,11.21000004,3.829999924
70.56999969,1.399999976,8.909999847,0,20.68000031,24.88999939,22.95000076,60.22999954,7.300000191,62.5,41.04000092,4.840000153,3.49000001,28.10000038,103750,44696,13.13000011,60.56000137,0,30.78000069,988,524000,4.429999828,71.02999878,30.92000008,6.369999886,0,64.65000153,6.389999866,5.150000095
57.34000015,35.06000137,3.880000114,0.150000006,5.239999771,7.989999771,34.77999878,44.43000031,12.55000019,52.13999939,41.04000092,10.32999992,3.769999981,8.899999619,33138,17601,38.77000046,54.38000107,13.75,28.70000076,642,98600,21.44000053,74.86000061,13.96000004,12.02999973,4.199999809,31.82999992,9.890000343,12.81999969
73.88999939,3.930000067,11,0,24.45999908,31.06999969,18.26000023,46.40000153,15.31999969,60.04999924,57.24000168,2.660000086,5.889999866,15.89999962,74657,42812,7.769999981,49.52000046,11.69999981,53.86999893,1244,723900,83.01000214,64.58000183,17.56999969,19.45000076,5.420000076,42.36999893,20.94000053,17.47999954
4.289999962,92.88999939,0.560000002,1.25,0.219999999,0.25,63.41999817,9.430000305,29.53000069,43.25,13.93999958,16.37999916,7.159999847,7.820000172,13821,9461,61.86000061,34.00999832,13.72999954,36.70999908,332,56300,75.93000031,56.34999847,30.64999962,19.32999992,3.460000038,15.42000008,31.68000031,48.24000168
74.19000244,18.63999939,2.049999952,0.50999999,0.75,2.019999981,55,11.56000042,9.930000305,57.56999969,27.43000031,16.53000069,9.579999924,11.32999992,42589,19827,12.88000011,74.73999786,6.159999847,10.39999962,396,82800,73.70999908,51.24000168,22.95000076,23.40999985,9.460000038,50.65999985,25.37999916,12.63000011
14.39999962,24.01000023,52.47999954,1.600000024,26.03000069,52.68000031,52.61999893,8.130000114,21.12000084,56.02999878,18.11000061,4.610000134,5.21999979,4.179999828,37250,14952,21.62999916,43.84000015,8.119999886,36.84000015,1007,165600,11.77999973,66.75,36.81000137,9.359999657,1.600000024,50.65000153,11.93999958,24.84000015
81.94000244,0.629999995,15.93000031,0,6.789999962,14.42000008,22.19000053,42.43000031,3.309999943,68.36000061,41.24000168,7.369999886,10.03999996,15.32999992,89766,36787,3.880000114,97.08000183,4.980000019,0,1412,173400,47.02000046,63.02000046,32.49000168,11.43999958,3.640000105,67.48999786,7.059999943,6.980000019
88.76999664,8.729999542,1.690000057,0.360000014,1.559999943,1.429999948,51.02999878,14.89999962,8.760000229,57.27999878,29.45999908,14.56000042,9.079999924,6.650000095,40895,20425,17.71999931,50.15999985,8.180000305,42.52000046,591,154900,51.70000076,67.52999878,19.78000069,22.79000092,9.539999962,38.31000137,28.20000076,20.01000023
97.27999878,0.920000017,0.689999998,0,0,2.220000029,60.16999817,11.85999966,16.94000053,56.93000031,30.67000008,15.02999973,8.56000042,13.89999962,45383,20406,14.76000023,85.55000305,5.010000229,0.680000007,442,107500,52.38999939,48.95000076,25.70999908,22.29999924,7.03000021,58.52000046,18.04999924,9.930000305
93.26000214,0.170000002,4.190000057,0,0.540000021,2.720000029,46.90000153,18.21999931,5.21999979,70.37000275,27.40999985,23.05999947,11.31999969,5.239999771,56389,26482,8.75,73.08999634,6.289999962,18.27000046,541,120000,78.75,61.47999954,24.85000038,19.45999908,7.5,53.33000183,17.53000069,4.869999886
81.20999908,9.770000458,3.849999905,0,2.869999886,4.010000229,36.56000137,23.04999924,13.64999962,62.34999847,40.52000046,12.18000031,15.81999969,2.710000038,80642,27576,5.420000076,83.98000336,3.119999886,4.090000153,584,172200,11.93999958,71.12999725,30.73999977,13.77000046,3.369999886,59.63000107,18.02000046,6.860000134
45.20000076,0,2.380000114,0,9.020000458,13.60999966,30,30.27000046,15.98999977,70.94999695,39.72000122,1.470000029,9.699999809,15.13000011,76382,36292,7.570000172,71.04000092,12.28999996,3.730000019,1325,663900,26.13999939,58.93999863,17.65999985,23.73999977,4.25,63.09999847,15.14999962,5.940000057
58.31999969,32.52999878,3.049999952,0,4.940000057,4.800000191,48.24000168,27.29000092,17.62000084,67.33999634,16.31999969,2.059999943,6.599999905,6.5,13173,8588,75.33999634,10.10999966,28.68000031,54.08000183,497,44300,65.51999664,89.01000214,15.31999969,3.119999886,0.649999976,9.25,9.829999924,44.36999893
91.02999878,0.889999986,4.539999962,0.99000001,0.939999998,4.070000172,29.94000053,23.82999992,6.019999981,55.59000015,43.38000107,13.72000027,22.45999908,6.71999979,50431,33129,14.64000034,74.41999817,12.03999996,18.32999992,720,157300,58.33000183,57.47000122,12.61999989,30.03000069,5.230000019,54.27999878,30.30999947,8.050000191
0,0,0,0,0,0,0,0,0,0,0,0,0,0,0,0,0,0,0,0,0,0,0,0,0,0,0,0,0,0
84.41999817,2.630000114,8.369999886,0,10.59000015,15.10999966,34.86000061,32.08000183,4.989999771,67.81999969,39.40999985,9.069999695,12.15999985,12.81999969,88828,39887,1.629999995,92.58999634,16.93000031,5.210000038,1561,297100,88.33000183,42.25,20.14999962,25.32999992,3.849999905,65.79000092,13.89000034,4.849999905
98.72000122,0.310000002,0.579999983,0,0.189999998,0.980000019,53.18999863,14.71000004,5.489999771,54.84999847,30.38999939,21.64999962,11.27999973,11.94999981,41433,25642,16.37000084,78.94999695,14.72000027,8.029999733,407,75200,81.41999817,50.13999939,22.36000061,27.79000092,11.39999962,59.27999878,25.38999939,10.44999981
14.98999977,0.769999981,73.98999786,0,40.02999878,68.98000336,65.80000305,14.22000027,13.72999954,58.63999939,21.30999947,3.619999886,2.730000019,10.86999989,58363,18758,13.10999966,59.25999832,3.640000105,17.28000069,874,343300,41.11000061,73.48000336,33.47999954,10.92000008,4.659999847,49.75,10.28999996,10.68000031
36.52000046,28.90999985,12.52000046,0.079999998,31.04999924,41.11999893,29.26000023,38.43999863,10.06999969,65.44000244,41.52000046,10.56999969,4.789999962,11.68999958,66372,26239,9.760000229,83.55999756,3.569999933,5.28000021,994,191400,5.28000021,80.84999847,30.70000076,11.53999996,1.809999943,63.04000092,12.39999962,15.68999958
94.91000366,1.210000038,1.210000038,0.409999996,2.119999886,3.609999895,44.75999832,23.26000023,3.680000067,68.73999786,26.17000008,29.37999916,10.64999962,7.800000191,47585,23356,14.31999969,69.87999725,9.640000343,23.25,456,99800,51.75,54.29999924,27.15999985,19.95000076,8.5,58.36999893,16.56999969,11.80000019
92.45999908,6.690000057,0.159999996,0,4.579999924,7.329999924,48.25999832,20.59000015,11.43999958,58.59000015,30.36000061,4.53000021,12.23999977,4.449999809,39583,23546,16.11000061,63.31000137,20.61000061,18.25,545,126800,88.27999878,56.84999847,20.87999916,28,10.10999966,47.91999817,21.70999908,13.56999969
57.02999878,3.200000048,31.28000069,2,10.52999973,17.67000008,36.84000015,22.30999947,11.67000008,54.43000031,27.92000008,9.5,8.100000381,5.329999924,57031,23593,15.92000008,80.31999969,7.75,5.639999866,970,161900,7.050000191,66.27999878,26.35000038,24.45000076,7.130000114,53.84999847,20.55999947,6.409999847
94.80000305,0,4.389999866,0,3.180000067,7.130000114,38.11000061,33.63000107,1.5,29.94000053,46.54000092,0.939999998,14.65999985,9.729999542,56701,33463,17.69000053,71.94999695,64.90000153,63.52999878,1088,287100,49.97999954,58.06000137,14.44999981,43.15000153,19.42000008,54.34000015,26.92000008,15.35999966
91.30999756,0.620000005,7.420000076,0,6.079999924,10.10999966,39.54000092,29.96999931,5.420000076,62.70000076,39.72999954,11.44999981,8.710000038,11.69999981,67746,32600,8.56000042,89.19000244,2.49000001,14,738,168600,44.59000015,57.09999847,22.40999985,24.14999962,7.679999828,61.13999939,15.72000027,7.929999828
87.09999847,8.43999958,4.079999924,0,2.779999971,5.739999771,57.08000183,10.22000027,10.81000042,63.15999985,28.03000069,18.87000084,12.67000008,5.980000019,62813,28594,6.96999979,84.44999695,11.53999996,1.340000033,655,93900,23.87000084,55.63000107,20.38999939,16.44000053,2.609999895,61.95999908,22.28000069,5.820000172
97.19000244,0.400000006,1.190000057,0,0.670000017,2.930000067,53.63999939,17.69000053,10.18000031,60.93999863,31.84000015,12,11.72000027,9.649999619,47652,24488,5.599999905,82.69000244,6.190000057,6.659999847,470,104200,78.91000366,40.40999985,21.54999924,25.68000031,7.559999943,61.90000153,17.90999985,7.739999771
86.72000122,0.839999974,10.82999992,0.25,2.200000048,3.589999914,29.28000069,24.23999977,2.309999943,55.90999985,33.04999924,6.630000114,7.889999866,5.110000134,54861,26586,8.06000042,71.15000153,9.81000042,18.73999977,535,131200,90.62999725,56.5,24.34000015,22.86000061,9.229999542,57.72999954,19.29000092,12.39000034
10.13000011,87.30999756,0.039999999,0,0.039999999,0.670000017,66.01000214,7.21999979,25.02000046,63.04999924,9.800000191,13.10999966,7.730000019,6.5,26121,15492,32.61000061,44.25999832,15.21000004,33.56999969,551,119700,86.20999908,55.86000061,28.44000053,18.12999916,4.159999847,28.30999947,33.40999985,35.08000183
4.78000021,79.05999756,8.199999809,0,47.40000153,25.48999977,46.54000092,27.20999908,10.77999973,64.90000153,42.70000076,2.75,1.649999976,10.09000015,49116,24602,13.68000031,54.93999863,6.679999828,86.41999817,1089,239300,94.08999634,47.95999908,17.95000076,20.40999985,5.960000038,36.84999847,21.80999947,14.64999962
86.18000031,6.050000191,7.03000021,0,5.840000153,7.53000021,54.15000153,16.27000046,4.150000095,60.77000046,27.32999992,15.01000023,10.76000023,5.090000153,39836,22241,16.32999992,53.83000183,7.510000229,33,535,142200,75.12999725,61.11999893,24.44000053,24,10.19999981,45.70999908,29.72999954,20.20999908
83.77999878,5.46999979,3.019999981,3.279999971,4,4.329999924,14.89999962,53.24000168,1.99000001,60.77999878,53.56000137,7.579999924,13.53999996,20.52000046,60341,43503,7.46999979,66.91999817,8.050000191,30.20000076,635,195700,39.22000122,65.69000244,11.60000038,30.89999962,7.75,58.41999817,15.76000023,0
5.570000172,92.16999817,0,0,0,2.559999943,60.65000153,20.79999924,23.13999939,62.65999985,35.47000122,7.389999866,5.150000095,0,15250,16559,42.43000031,38.45999908,28.87999916,16.40999985,620,114600,96.94000244,61.54000092,15.64999962,23.29999924,4,16.37000084,23.38999939,41.59000015
89.15000153,0.709999979,1.590000033,0,6.909999847,9.340000153,7.650000095,72.84999847,5.440000057,57.90999985,60.20999908,9.100000381,5.289999962,17.11000061,108639,54242,0.620000005,98.48000336,3.920000076,0,825,306500,39.99000168,52.04000092,25.04000092,18.45999908,2.99000001,78.73000336,7.46999979,0.360000014
56.83000183,4.21999979,14.68000031,0,35.24000168,38.59999847,24.06999969,64.20999908,5.28000021,68.93000031,68.77999878,5.25,1.230000019,18.31999969,66944,59313,12.59000015,20.80999947,4.630000114,99.44000244,1642,800500,66.55999756,62.08000183,12.96000004,15.92000008,4.21999979,35.56000137,16.5,16.37999916
91.80999756,3.039999962,2.039999962,0.100000001,2.910000086,4.400000095,32.45999908,41.36000061,8.109999657,64.91999817,46.18000031,14.22000027,9.039999962,9.449999809,59820,32231,5.829999924,86.02999878,4.400000095,11.44999981,461,139400,53.97999954,57.79000092,19.45999908,26.62999916,10.10999966,62.84999847,18.57999992,5.650000095
5.940000057,84.47000122,7.670000076,0,8.039999962,11.14999962,58.97000122,5.539999962,0,0,0,0,6.670000076,0,0,8730,100,0,0,0,0,0,0,0,0.140000001,2.50999999,0.059999999,14.02999973,20.84000015,0
29.29999924,2.210000038,65.91000366,0,29.37999916,66.02999878,69.44999695,12.02000046,14.07999992,63.09999847,22.43000031,8.909999847,1.840000033,5.329999924,38694,18034,32.68999863,49.54000092,14.68000031,68.87999725,855,269500,89.33000183,66.05999756,27.65999985,13.89000034,3.920000076,37.5,19.04999924,20.97999954
41.79999924,10.47999954,38.79000092,0.569999993,20.14999962,38.36999893,48.83000183,25.97999954,8.699999809,64.66999817,35.33000183,3.470000029,11.67000008,3.880000114,72228,25312,9.470000267,85.23000336,3.720000029,0,1226,189100,2.75999999,53.04999924,30.57999992,16.12000084,3.910000086,45.70999908,19.92000008,17.01000023
80.47000122,0.689999998,5.769999981,11.97999954,6.590000153,13.14000034,18.81999969,55.77000046,2.49000001,69.06999969,47.34999847,2.99000001,7.289999962,19.40999985,75051,40958,8.569999695,60.74000168,29.45999908,25.20999908,964,416000,17.67000008,70.86000061,22.05999947,19.37999916,4.489999771,53.15000153,13.09000015,12.13000011
85.11000061,1.279999971,4.110000134,0.769999981,7.489999771,9.609999657,14.78999996,56.45999908,3.769999981,75.16999817,60.90000153,7.710000038,9.659999847,11.27000046,76673,42504,4.050000191,64.41000366,2.210000038,28.63999939,994,444200,78.98000336,62.61999893,21.04000092,17.27000046,4.679999828,47.74000168,17.92000008,13.68999958
86.12999725,5.679999828,3.960000038,0,6.440000057,9.880000114,36.15000153,45,8.430000305,53.79000092,43.09999847,6.690000057,11.11999989,6.570000172,54454,31406,13.31000042,64.12999725,7.360000134,28.38999939,616,229400,81.55999756,65.66999817,15.48999977,25.29000092,10.07999992,41.77000046,22.25,4.960000038
86.11000061,5.309999943,3.700000048,0.419999987,1.210000038,1.950000048,71.06999969,8.529999733,15.60999966,54.40000153,22.61000061,17.32999992,9.430000305,3.779999971,29207,17048,30.17000008,54.56999969,14.03999996,25.89999962,415,58300,93.23000336,58.70999908,23.54999924,23.23999977,5.360000134,40.09999847,32.72000122,21.47999954
91.5,5.199999809,1.879999995,0.300000012,2.569999933,3.24000001,41.63000107,25.48999977,7.119999886,57.45000076,30.54999924,13.80000019,9.300000191,6.880000114,48547,26394,11.35000038,62.06999969,4.389999866,31.56999969,562,158200,48.18999863,73.45999908,24.40999985,19.07999992,8,51.22999954,21.27000046,13.25
72.52999878,19.09000015,0.670000017,0,3.059999943,2.180000067,41.25,29.31999969,6.880000114,49.59000015,32.27999878,23.45999908,7.769999981,4.25,29773,20870,28.13999939,61.61000061,15.48999977,9.670000076,424,113400,54.59000015,64.63999939,21.19000053,24.23999977,5.670000076,46.02999878,24.90999985,11.28999996
94.02999878,1.919999957,2.200000048,0,2.75,3.309999943,41.63000107,23.87999916,4.010000229,65.08999634,33.20999908,23.79999924,5.78000021,3.319999933,63423,24134,5.409999847,85.81999969,4.28000021,18.77000046,624,144500,58.04000092,56.77999878,29.45999908,14.48999977,4.420000076,66.36000061,7.039999962,3.380000114
95.83000183,1.129999995,1.620000005,0,1.269999981,1.889999986,67.41999817,11.55000019,14.14000034,57.09000015,20.95000076,17.87000084,13.06000042,4.46999979,49569,21955,17.96999931,67.04000092,11.71000004,25.75,679,110900,72.94000244,51.79000092,22.29999924,20.77000046,7.849999905,44.70999908,23.79000092,13.10000038
82.63999939,9.760000229,3.480000019,0.75999999,1.440000057,3.680000067,51.02999878,12.5,11.26000023,61.38999939,25.37999916,3.099999905,15.52000046,11.25,50038,20777,8.739999771,83.23999786,11.59000015,5.519999981,402,100200,43.91999817,55.86999893,25.59000015,21.48999977,4.619999886,64.16999817,14.77000046,6.730000019
76.12999725,0.579999983,16.73999977,0,20.81999969,22.43000031,20.67000008,66.51000214,8.029999733,59.45999908,63.06000137,1.360000014,5.019999981,18.87999916,117299,75542,6.559999943,72.26000214,7.210000038,33.20999908,1572,788500,94.36000061,55.43999863,24.75,24.44000053,7.730000019,65.36000061,14.75,3.849999905
1.629999995,97.45999908,0,0,0,0,60.08000183,7.460000038,5.090000153,42.75999832,14.68999958,8.760000229,7.730000019,7.630000114,21600,20311,32.40000153,33.75999832,12.31999969,60.79999924,294,148400,66.08000183,68.98000336,24.59000015,31.30999947,9.710000038,25.87999916,41.29000092,45.31999969
93.16999817,1.039999962,2.549999952,0.050000001,3.779999971,4.840000153,54.66999817,17.5,11.05000019,64.09999847,26.76000023,11.14999962,10.39000034,10.67000008,54838,28558,7.099999905,76.90000153,9.270000458,7.699999809,676,146000,43.77999878,65.76999664,23.98999977,19.21999931,5.559999943,54.38999939,22.5,10.81999969
89.18000031,0,9.260000229,0,17.25,23.20000076,60.52999878,21.54000092,23.07999992,7.889999866,0,0,21.63999939,0,18669,20987,18.70999908,89.12999725,43.99000168,77.01999664,707,31600,78.54000092,70.65000153,0,92.19999695,55.56000137,44.34999847,51.06999969,0
87.87999725,1.5,8.010000229,0.129999995,5.940000057,9.159999847,56.54000092,19.87999916,10.93999958,60.20000076,31.21999931,36.13000107,9.479999542,8.489999771,50208,29382,9.960000038,82.08999634,11.51000023,6.730000019,561,156700,46.00999832,61.25999832,23.65999985,20.20999908,2.630000114,55.77000046,22.25,8
57.72999954,7.389999866,34.88000107,0,19.53000069,31.53000069,32.77999878,41.84000015,1.940000057,64.01000214,44.90000153,3.349999905,8.510000229,6.239999771,43750,32031,8.260000229,0,21.51000023,96.63999939,932,0,15.18999958,97.43000031,14.22000027,19.34000015,9.569999695,16.06999969,25.95000076,34.84000015
13.06000042,86.94000244,0,0,0,0.300000012,40.33000183,20.22999954,9.159999847,45.27999878,33.59000015,10.68000031,18.32999992,10.68000031,26616,22187,7.28000021,84.73000336,17.47999954,2.519999981,524,74400,40.66999817,23.82999992,14.06000042,51.34999847,7.480000019,36.06000137,34.90999985,24.27000046
97.84999847,0.280000001,0.280000001,0,0.07,2,49.43999863,18.89999962,3.25999999,77.34999847,27.61000061,17.90999985,8.100000381,14.10999966,67982,25179,4.789999962,87.98000336,2.230000019,8.579999924,434,145700,56.08000183,56.25,29.40999985,14.43999958,5.96999979,61.40000153,9.909999847,4.340000153
81.09999847,0.879999995,17.09000015,0,10.23999977,18.05999947,27.06999969,35.47000122,9.050000191,45.79999924,50.49000168,7.079999924,12.52000046,14.35000038,85766,34195,7.050000191,86.30000305,4.409999847,1.210000038,1162,505400,46.75999832,58.52999878,19.60000038,31.39999962,12.19999981,60.90000153,15.65999985,7.809999943
67.87999725,4.349999905,22.62999916,0,12.65999985,16.17000008,34.72999954,24,9.699999809,66.48000336,35.11000061,0.330000013,15.89999962,11.11999989,54063,29548,2.220000029,44.97000122,9.199999809,36.91999817,1106,210500,0.519999981,79.16000366,24.53000069,19.86000061,5.880000114,48.88999939,30.82999992,10.92000008
94.94000244,2.630000114,0.150000006,0,1.610000014,6.179999828,43.13999939,17.14999962,2.359999895,59.41999817,27.95999908,12.5,13.81999969,4.849999905,59038,36146,2.829999924,67.44999695,6.75,20.62999916,892,165300,69.94000244,65.63999939,12.65999985,22.54000092,9.010000229,53.38999939,24.88999939,10.42000008
30.63999939,0.159999996,67.59999847,0.219999999,22.69000053,47.29999924,68.5,8.789999962,22.77000046,60.20000076,25.37000084,10.72999954,4.71999979,8.029999733,56136,18055,15.06999969,64.55999756,1.669999957,6.039999962,905,235400,72.02999878,55.66999817,23.73999977,12.73999977,5.269999981,38.70000076,18.36000061,23.13999939
85.55999756,3.680000067,8.079999924,0,3.210000038,6.309999943,33.15000153,22.18000031,9.350000381,60.61000061,34.34000015,17.57999992,12.81000042,6.900000095,69688,34246,3.130000114,95.41000366,4.150000095,0,777,141900,95.04000092,38.86000061,17.88999939,27.29999924,8.640000343,61.41999817,15.34000015,4.690000057
62.45999908,3.450000048,14.15999985,0,24.03000069,31.87000084,47.99000168,30.82999992,8.210000038,61.68000031,40.86999893,4.289999962,3.559999943,9.449999809,33681,27098,13.25,48.95999908,6.960000038,32.86999893,801,243500,95.05000305,63.25999832,7.550000191,24.79999924,12.13000011,30.69000053,21.62000084,2.339999914
27.56999969,17.06999969,40.95000076,0.75,41.27999878,49.09000015,45.74000168,32.25999832,4.710000038,85.44999695,26.60000038,11.27000046,5.820000172,10.28999996,82650,28658,4.75,77.80999756,8.409999847,6.590000153,1549,272400,58.34000015,64.58999634,27.67000008,10.36999989,2.319999933,49.52999878,16.30999947,17.63999939
96.06999969,0.360000014,0.800000012,0,1.75,2.539999962,56.5,14.80000019,10.14000034,60,27.51000023,9.970000267,14.68999958,12.64000034,36594,25296,14.55000019,65.23000336,14.51000023,22.25,393,89500,86.73999786,56.24000168,18.63999939,23.90999985,8.300000191,46.88000107,24.95999908,5.300000191
67.51999664,2.910000086,7.420000076,0,26.78000069,39.86000061,17.70000076,68.73999786,6.309999943,47.86000061,72.98999786,13.47999954,4.940000057,27.73999977,145877,78665,4.619999886,96.83999634,0.930000007,0,2001,694500,31.84000015,31.54000092,20.40999985,24.77000046,4.829999924,64.87999725,11.18999958,0.769999981
28.55999947,20.81999969,48.18999863,0,18.75,49.33000183,59.09999847,11.59000015,19.53000069,61.70000076,14.76000023,13.63000011,6.630000114,3.029999971,43581,20053,16.05999947,23.45000076,16.94000053,87.80999756,811,237700,96.61000061,73.88999939,28.43000031,9.81000042,4.059999943,34.56000137,15.01000023,32.40999985
98.05000305,0,0.430000007,0,16.54000092,18,37.59000015,37.84999847,7.409999847,65.05999756,45.13000107,6.159999847,10.85000038,14.22999954,64909,36134,3.99000001,79.80999756,6.119999886,32.47999954,1235,335000,86.84999847,42.77000046,18.17000008,31.96999931,8.859999657,54.29000092,21.13999939,2.660000086
96.36000061,0.800000012,1.5,0.639999986,1.639999986,2.49000001,44.65999985,22.18000031,15.59000015,51.40999985,34.34999847,6.909999847,16.36000061,25.52000046,42450,23530,14,72.83000183,28.14999962,10.89999962,485,204400,66.54000092,55.04000092,16.63999939,33.59000015,12.82999992,51.90999985,25.40999985,9.010000229
80.77999878,6.039999962,5.289999962,0,5.119999886,7.070000172,37.06000137,28.95000076,6.849999905,58.18000031,34.81999969,13.34000015,12.06999969,3.25,46750,21243,16.96999931,63.38999939,9.779999733,27.14999962,519,128400,60.61999893,76.19000244,22.78000069,19.71999931,9.220000267,51.40000153,22.27000046,13.46000004
10.30000019,20.84000015,65.91000366,0,14.77000046,41.61000061,62.45999908,3.410000086,17.96999931,62.33000183,13.18000031,7.110000134,8.609999657,5.519999981,39471,12322,30.93000031,60.25,9.840000153,0,706,74700,25.55999947,57.29000092,39.68000031,6.559999943,0.330000013,45.08000183,18.23999977,27.87999916
66.45999908,2.559999943,28.69000053,0,5.980000019,15.22999954,52.33000183,19.68000031,6.139999866,55.34999847,34.29000092,14.27999973,19.84000015,4.590000153,63772,27281,2.849999905,87.91000366,7.909999847,1.320000052,718,118900,52.02000046,52.45999908,22.68000031,25.67000008,8.470000267,69.93000031,15.59000015,4.349999905
87.41000366,0,3.880000114,0.49000001,4.21999979,7.53000021,31.94000053,24.61000061,5.46999979,66.02999878,38.95999908,13.80000019,16.12000084,10.11999989,75729,33522,6.769999981,85.68000031,8.920000076,2.150000095,1002,273000,32.09000015,46.47000122,24.60000038,12.47999954,2.920000076,58.15999985,23.11000061,9.270000458
46.06999969,2.140000105,46.93000031,0,18.37999916,39.95000076,65.41000366,5.869999886,9.470000267,60.38999939,12.43000031,5.389999866,9.329999924,3.339999914,31657,14570,25.79999924,66.98999786,13.30000019,15,529,104700,86.86000061,62.34999847,32.79999924,11.98999977,2.49000001,46.66999817,17.5,19.87000084
71.62000275,19.30999947,0,0,1.690000057,6.53000021,52.79000092,12.81999969,23.90999985,59.29000092,27.09000015,22.21999931,7.769999981,4.130000114,37143,20298,19.30999947,77.15000153,10.73999977,9.829999924,773,66400,89.93000031,53.54000092,23.22999954,14.85000038,6.230000019,33.72999954,27.39999962,19.14999962
14.38000011,2.420000076,10.97000027,0,49.93000031,64.15000153,16.51000023,56.49000168,3.190000057,58.83000183,58.29000092,19.93000031,1.570000052,22.97999954,143750,41075,5.239999771,98.04000092,10.10000038,0,2001,914300,7.369999886,50.79999924,18.04000092,13.19999981,2.170000076,57.09000015,7.800000191,12.40999985
37.43000031,50.40999985,3.849999905,0,6.840000153,6.800000191,53.91999817,17.45000076,22.87000084,71.56999969,24.81999969,6.960000038,4.929999828,3.980000019,20799,14831,40.50999832,21.12000084,10.10000038,72.94999695,466,92200,81.12000275,84.30000305,22.68000031,13.82999992,5.739999771,20.96999931,21.72999954,47.68000031
75.76999664,10.90999985,4.989999771,0.409999996,3.890000105,3.970000029,36.61000061,30.34000015,14.47999954,53.58000183,34.38000107,13.51000023,16.27000046,16.12000084,41250,23988,19.14999962,51.33000183,11.40999985,35.56000137,517,130600,58.52999878,72.95999908,19.45999908,19.22999954,4.920000076,60.47000122,21.97999954,11.32999992
94.91999817,1.269999981,0.699999988,0,2.150000095,3.670000076,46.27999878,26.15999985,8.210000038,62.29000092,32.90000153,16.85000038,9.609999657,12.92000008,67696,32201,3.700000048,85.11000061,10.06000042,9.460000038,670,240000,46.81000137,47.00999832,22.65999985,23.19000053,5.809999943,62.24000168,15.27999973,5.28000021
11.02000046,6.75,57.22000122,0,30.12999916,61.63000107,46.81000137,23.34000015,16.69000053,56.54999924,26.45999908,4.679999828,6.21999979,4.929999828,56192,18744,3.420000076,56.84000015,0,24.76000023,1269,415300,94.94000244,47.36000061,28.13999939,19.29000092,8.069999695,54.59000015,15.55000019,14.05000019
93.33000183,0.879999995,1.570000052,0,7.730000019,5.400000095,55.06000137,19.86000061,9.970000267,58.41999817,35.56000137,15.42000008,10.68999958,3.869999886,66987,34091,6.050000191,89.65000153,6.5,7.989999771,815,213000,80.83999634,50.81999969,20.88999939,21.77000046,9.579999924,55.65999985,18.62000084,8.970000267
97.76999664,0,1.169999957,0.879999995,0.349999994,2.869999886,55.09999847,15.30000019,5.71999979,60.31999969,23.78000069,3.74000001,10.72999954,22.87999916,51810,28586,9.829999924,82.16999817,10.97000027,8.260000229,434,93700,65.41999817,45.65000153,26.17000008,22.59000015,6.400000095,55.65000153,17.17000008,9.229999542
4.150000095,79.98999786,13.31000042,0,5.519999981,12.59000015,42.29999924,7.46999979,33.02000046,50.97000122,11.43000031,11.23999977,8.25,1.519999981,19082,10246,56.02000046,32.09000015,15.09000015,37.31000137,306,84300,100,57.02000046,34.77999878,11.65999985,5.050000191,19.26000023,27.64999962,44.88999939
79.30000305,14.89999962,4.21999979,0,0.649999976,1.75,55.52000046,14.28999996,6.590000153,49.04999924,21.48999977,11.11999989,10.89999962,8.350000381,45688,19743,13.85999966,83.36000061,21.27000046,3.519999981,485,94600,43.61999893,54.11000061,23.55999947,21.06999969,5.519999981,46.97000122,21.76000023,5.5
23.35000038,72.66000366,1.559999943,0.209999993,0.349999994,17.47999954,52.61999893,19.82999992,10.76000023,58.13999939,32.20999908,5.53000021,8.520000458,5.96999979,38508,19896,18.52000046,76.87999725,8.93999958,17.06999969,459,139900,55.11999893,54.04999924,24.88999939,19.57999992,6.699999809,43.45000076,21.25,24.17000008
73,0.930000007,3.930000067,18.30999947,0.790000021,7.670000076,54.72000122,11.46000004,7.119999886,50.50999832,27.48999977,10.14999962,9.970000267,14.10999966,41524,19931,16.73999977,77.01000214,38.68999863,9.699999809,324,116700,52.04000092,45.72000122,25,20.03000069,6.039999962,47.84000015,21.18000031,14.56000042
48.18999863,7.130000114,41.02000046,0,19.37000084,50.29000092,64.48999786,8.039999962,18.03000069,62.43999863,16.72999954,18.77000046,8.840000153,2.609999895,33244,20739,29.34000015,34.75,11.68000031,70.12999725,458,180300,88.84999847,72.62000275,19.06999969,17.93000031,3.720000029,34.29000092,27.09000015,18.87000084
88,2.769999981,1.25,0,8.130000114,11.53999996,8.170000076,77.33000183,7.090000153,60.25,69.51000214,10.25,8.75,22.02000046,131023,64150,2.890000105,95.27999878,6.96999979,1.769999981,738,371500,55.47999954,40.63999939,21.34000015,27.82999992,5.46999979,68.68000031,9.010000229,3.130000114
16.88999939,26.92000008,45.74000168,0.02,54.84999847,70.62999725,55.33000183,27.14999962,5.230000019,65.44999695,25.96999931,0.49000001,6.579999924,6.090000153,57535,22473,4.829999924,55.43000031,8.819999695,44.09999847,1241,276200,53.93000031,74.77999878,26.69000053,8.140000343,1.75,45.02000046,16.26000023,14.31999969
94.66999817,0,0.920000017,0,1.039999962,1.659999967,31.67000008,28.03000069,5.159999847,61.49000168,43.24000168,11.63000011,10.72000027,10.53999996,67479,29166,9.220000267,89.52999878,6.099999905,0.720000029,1109,169700,59.97000122,42.86000061,24.20999908,19.90999985,3.569999933,64.38999939,14.57999992,8.350000381
85.04000092,0.039999999,8.520000458,2.049999952,3.329999924,3.809999943,40.24000168,14.64999962,14.22999954,61.68999863,29.05999947,6.380000114,10.46000004,15.17000008,49968,24916,12.88000011,76.48000336,15.10000038,8.520000458,738,278000,61.65999985,56.68000031,23.98999977,18.64999962,4.909999847,52.43999863,20.45000076,9.93999958
89.62999725,0.389999986,5.159999847,0.280000001,2.700000048,5.179999828,40.29000092,25.73999977,6.96999979,54.72000122,38.84000015,16.89999962,10.89999962,9.380000114,71949,30891,12.97000027,81.80000305,14.89000034,9.090000153,482,136800,46.86000061,59.68000031,25.17000008,18.34000015,5.21999979,61.06000137,16.70000076,7.920000076
94.05999756,0.25999999,1.789999962,0,1.870000005,3.75999999,61.34000015,10.36999989,15.06000042,61,24.63999939,10.55000019,10.40999985,5.269999981,77391,28553,7.380000114,88.72000122,0,3.200000048,956,190800,95.12000275,39.52999878,20.71999931,17.19000053,6.150000095,53.88000107,18.63999939,9.010000229
20.06999969,55.99000168,21.5,1.299999952,15.85999966,21.45999908,74.56999969,2.230000019,0,0,0,0,7.599999905,0,0,7722,0,0,100,0,0,0,100,0,0,5.519999981,0,21.03000069,31.02000046,0
97.05999756,0.709999979,1.659999967,0,12.36999989,16.5,46.16999817,22.03000069,15.01000023,58.45999908,32.18000031,7.059999943,9.880000114,1.809999943,32115,22179,14.65999985,55.65999985,12.85999966,46.43000031,625,254300,93.43000031,47.70000076,18.19000053,23.45999908,7.510000229,40.43000031,21.80999947,15.13000011
85.33000183,0.050000001,10.26000023,0.340000004,3.319999933,11.19999981,49.11999893,15.03999996,5.360000134,45.97000122,18.76000023,4.929999828,21.84000015,6.920000076,29761,18032,39.70999908,85.84999847,22.11000061,2.150000095,838,116600,30.48999977,61.15000153,27.48999977,23.29999924,8.210000038,54.18000031,24.80999947,8.220000267
57.13000107,28.84000015,7.730000019,0,6.78000021,9.850000381,43.06999969,25.45000076,12.32999992,57.36000061,34.31999969,10.13000011,9.319999695,5.110000134,32473,17613,30.10000038,49.04000092,9.710000038,35.59999847,615,155300,68.08000183,70.58000183,23.07999992,21.51000023,9.569999695,39.18000031,19.82999992,15.53999996
48.20999908,5.320000172,9.829999924,0.289999992,38.54999924,40.36999893,12.89999962,82.25,4.489999771,76.30000305,79.80999756,21.89999962,2.640000105,1.539999962,95069,44924,9.079999924,25.03000069,7.03000021,73.95999908,908,210600,6.340000153,89.09999847,12.43000031,5.840000153,1.210000038,40.29999924,12.38000011,24.45999908
29.04000092,70.13999939,0.479999989,0.289999992,0.479999989,2.890000105,69.55999756,12.89000034,17.28000069,59.91999817,26.65999985,3.319999933,7.989999771,5.039999962,26667,14979,38.11000061,59.86999893,10.97999954,15.84000015,278,70400,75.02999878,50,15.82999992,28.55999947,11.42000008,26.45999908,26.01000023,16.81999969
95.01000214,1.679999948,2.809999943,0.109999999,0.870000005,3.230000019,54.5,15.89000034,8.569999695,62.18999863,22.21999931,24.86000061,10.03999996,5.269999981,46406,21948,11.39000034,80.73000336,0,20.62999916,440,114900,93.23999786,52.06999969,26.35000038,12.53999996,7.429999828,48.09999847,20.45999908,7.340000153
70.02999878,0.879999995,28.73999977,0,23.20000076,29.57999992,51.31000137,21.45999908,6.090000153,45.61999893,26.05999947,4.940000057,8.600000381,4.21999979,55847,25186,4.869999886,53.66999817,15.64000034,73.40000153,1228,526400,97.83000183,40.66999817,23.32999992,22.18000031,9.989999771,57.47000122,13.18999958,10.39000034
63.54000092,0.159999996,34.56999969,0,27.95999908,34.50999832,48.06999969,19.20999908,5.539999962,51.45999908,27.45000076,5.400000095,10.56999969,15.43999958,54648,26691,20.95999908,85.44999695,29.12999916,39.02000046,582,237800,11.60999966,70.33999634,23.02000046,30.39999962,8.840000153,60.25,23.80999947,8.390000343
81.87000275,12.09000015,5.800000191,0.189999998,2.220000029,3.869999886,61.95999908,19.09000015,6.980000019,43.52999878,22.73999977,16.29000092,7.039999962,14.84000015,36139,21797,15.07999992,64.62999725,14.5,3.609999895,402,105800,41.18999863,58.95000076,19.88999939,23.84000015,5.639999866,55.25999832,21.02000046,6.400000095
95.90000153,0,2.130000114,0.280000001,1.289999962,1.919999957,56.36000061,12.15999985,5.5,57.31000137,31.62000084,14.60000038,14.26000023,14.85999966,44063,24027,10.31999969,81.30000305,37.70000076,4.110000134,477,69000,67.52999878,48.41999817,22.47999954,23.68000031,6.389999866,58.75999832,19.62000084,7.150000095
76.98000336,7.070000172,3.200000048,1.960000038,1.350000024,3.180000067,49.40999985,16.90999985,12.89000034,60.63000107,21.89999962,9.460000038,11.22999954,6.460000038,31918,19971,19.78000069,46.47000122,11.80000019,22.21999931,416,63200,72.69999695,74.05999756,20.62000084,17.44000053,5.269999981,33.61000061,29.32999992,23.05999947
89.95999908,4.269999981,3.349999905,0,8.609999657,6.690000057,19.10000038,55.15000153,1.629999995,57.88999939,54.20999908,4.440000057,12.07999992,12.18000031,85343,36924,2.059999943,71.76000214,10.69999981,17.25,1404,174300,5.289999962,84.95999908,27.79000092,8.75,3.650000095,71.80999756,9.350000381,0.769999981
93.29000092,0.889999986,1.75,0.100000001,1.24000001,1.049999952,55.45000076,11.82999992,9.289999962,53.86000061,23.5,23.02000046,10.88000011,7.429999828,42714,19128,12.36999989,75.87000275,16.71999931,7,381,91200,50.50999832,61.00999832,22.5,17.92000008,7.519999981,56.13000107,20.05999947,10.82999992
55.04000092,0.5,37.59999847,0.569999993,25.05999947,37.90999985,64.97000122,12.52999973,15.82999992,56.11000061,16.52000046,19.89999962,6.690000057,5.010000229,34920,12937,31.79999924,56.40000153,11.81999969,24.40999985,550,99400,91.40000153,70.41000366,32.02000046,9.329999924,2.289999962,35.86000061,24.12000084,20.10000038
63.99000168,11.96000004,15.09000015,0.519999981,21.17000008,29.01000023,16.47999954,53.15000153,2.75,63.25999832,49.84999847,7.78000021,8.140000343,10.02999973,73570,38597,6.46999979,45.65000153,10.14000034,51.45000076,1092,162100,41.86000061,73.19000244,19.96999931,16.44000053,4.090000153,51.47999954,14.61999989,11.85999966
13.77999973,71.33000183,12.78999996,1.090000033,7.230000019,16.98999977,46.47999954,14.93000031,11.18000031,61.25999832,21.98999977,14.35999966,9.039999962,4.079999924,45394,19036,14.47999954,72.51000214,9.119999886,9.909999847,794,85500,56.84000015,43.63999939,26.72999954,14.48999977,3.430000067,38.75999832,25.17000008,24
91.84999847,0,4.980000019,0,3.690000057,6.889999866,16.87000084,55.40999985,7.210000038,57.59000015,42.33000183,6.710000038,15.22999954,15.68000031,90156,37647,1.669999957,93.79000092,29.29999924,6.010000229,1592,491700,55.04000092,49.36000061,20.06999969,28.80999947,7.360000134,69.51999664,12.93999958,2.809999943
97.30999756,0.819999993,0.400000006,0.159999996,0.419999987,1.179999948,48.15000153,15.18000031,8.960000038,55.29999924,21.90999985,12.60999966,9.210000038,10.88000011,45518,23935,11.26000023,84.05000305,9.569999695,4.239999771,402,93400,58.43000031,52.77000046,22.67000008,27.87999916,10.39000034,61.36000061,19.54000092,9.079999924
59.58000183,9.979999542,23.81999969,0,14.68000031,23.40999985,27.64999962,36.58000183,11.64000034,63.81999969,47.61999893,5.880000114,7.179999828,7.119999886,77875,29862,11.76000023,86.75,5.989999771,0,863,166400,0,95.06999969,35.74000168,8.739999771,2.299999952,63.68000031,12.35999966,12.43999958
13.02000046,83.98999786,0,0,2.109999895,0.589999974,62.02000046,9.800000191,15.06000042,33.90000153,18.95999908,2.089999914,12.68000031,5.570000172,22018,15119,29.85000038,47.74000168,31.73999977,21.26000023,309,43200,97.45999908,54.91999817,16.79999924,36.45999908,9.979999542,22.73999977,34.16999817,26.19000053
94.88999939,0.620000005,2.109999895,0.090000004,4.539999962,4.949999809,17.72999954,49.40999985,10.94999981,18.35000038,51.93000031,0,27.30999947,35.02999878,84444,99529,2.640000105,93.87000275,63.13000107,80.93000031,747,370900,35.33000183,49.09999847,3.390000105,77.70999908,35.36999893,75.94999695,16.54999924,1.320000052
86.02999878,0,10.47000027,0.460000008,4.409999847,9.460000038,17.15999985,50.84000015,7.889999866,71.58000183,48.5,13.28999996,7.019999981,10.78999996,36364,34984,10.97000027,48.58000183,4.78000021,42.90999985,701,333200,79.05999756,69.05999756,15.92000008,12.22000027,2.289999962,48.95000076,14.35999966,3.819999933
82.91000366,9.420000076,1.549999952,0.639999986,4.03000021,9.319999695,28.52000046,45.77999878,6.159999847,69.94000244,46.20999908,6.329999924,14.19999981,14.14999962,50371,28023,10.34000015,68.37999725,12.56000042,25.87000084,684,216300,75.40000153,63.02000046,16.21999931,18.28000069,7.449999809,40.38999939,25.34000015,16.34000015
96.37000275,0.449999988,1.269999981,0.100000001,1.350000024,3.940000057,56.36000061,16,9.31000042,53.47999954,28.95000076,5.730000019,13.02000046,14.34000015,37188,18738,20.86000061,75.16999817,22.40999985,9.340000153,474,127400,52.16999817,54.00999832,18.35000038,21.46999931,6.199999809,45.75,22.56999969,10.03999996
72.48000336,5.139999866,5.260000229,3.940000057,2.730000019,5.159999847,53.77000046,17.55999947,4.909999847,66.11000061,31.86000061,10.73999977,10.90999985,7.820000172,44599,25647,7.110000134,64.37000275,10.65999985,13.89999962,628,92900,94.23000336,60.83000183,19.32999992,18.12000084,7.070000172,42.90999985,28.29999924,15.55000019
43.52999878,14.06000042,37.36999893,0,26.88999939,41.84999847,47.38999939,23.44000053,10.98999977,65.09999847,32.93000031,2.619999886,5.059999943,5.800000191,47483,22951,12.89000034,45.72999954,13.60000038,49.79999924,1021,209100,1.299999952,73.30999756,19.12999916,18.06999969,6.5,44.22999954,23.04000092,13.52999973
51.54000092,46.45999908,1.669999957,0,0.930000007,3.069999933,21.5,40.40999985,11.93999958,69.97000122,34.27000046,9.25,7.659999847,3.900000095,43194,20907,16.95000076,61.38999939,4.980000019,32.09000015,693,129100,54.90999985,73.11000061,24.77000046,15.03999996,6.119999886,45.83000183,16.13999939,23.36000061
0,0,0,0,0,0,0,0,0,0,0,0,0,0,0,0,0,0,0,0,0,0,0,0,0,0,0,0,0,0
85.77999878,0,9.149999619,0,10.30000019,12.97999954,28.43000031,37.09999847,8.420000076,61.65000153,37.33000183,7.360000134,11.32999992,25.75,64477,38847,3.519999981,79.69999695,24.44000053,2.50999999,1060,470000,77.5,57.36000061,13.52000046,29.40999985,6.159999847,48.84999847,22.10000038,2.49000001
96.11000061,0.379999995,1,0,2.440000057,5.659999847,15.56999969,46.41999817,2.460000038,72.08999634,48.88000107,17.12999916,10.39000034,7.610000134,102179,41596,2.00999999,95.37000275,3.769999981,0,1297,298700,26.63999939,52.47000122,29.84000015,11.60000038,1.75999999,65.66000366,10.81000042,7.760000229
97.18000031,0,0.25,0,1.909999967,4.590000153,49.47999954,17.89999962,4.789999962,70.47000122,33.70000076,10.97999954,8.050000191,7.460000038,61552,24501,10.56999969,83.54000092,3.930000067,10,643,133700,92.30999756,39.95000076,27.12000084,17.34000015,7.929999828,50.59000015,21.09000015,17.01000023
40.18000031,32.79999924,19.62999916,0,22.95000076,36.88000107,43.04999924,36.56999969,7.809999943,70.77999878,35.47999954,2.75,6.300000191,11.44999981,55479,29283,20.54999924,39.72000122,2.019999981,64.16000366,881,290100,47.45000076,88.98999786,23.57999992,16.05999947,3.970000029,45.84000015,15.85000038,15.56999969
86.01000214,1.620000005,3.99000001,0.50999999,9.640000343,15.77000046,30.01000023,40.58000183,2.160000086,64.55000305,49.88999939,6.079999924,10.80000019,10.60999966,51216,31560,10.38000011,61.95999908,2.450000048,34.65999985,845,207400,60.86000061,67.62000275,15.75,26.57999992,14.39000034,48.22000122,27.20000076,16.54000092
53.13999939,6.46999979,15.28999996,0.239999995,22.72999954,33.5,25.14999962,44.56000137,8.520000458,72.16999817,50.15000153,8.130000114,7.320000172,9.199999809,49018,28738,17.79000092,34.22000122,2.75999999,54.08000183,893,313500,55.06000137,72.61000061,13.56999969,14.89000034,3.980000019,41.97999954,19.97999954,8.699999809
94.23000336,0,4.650000095,0.389999986,1.74000001,3.200000048,49.40000153,14.81000042,12.77000046,57.70999908,27.98999977,23.36000061,11.22000027,13.18000031,43667,21036,10.72000027,78.12999725,12.38000011,6.269999981,456,129500,56.45000076,48.81999969,20.13999939,22.87999916,8.680000305,50.75999832,23.84000015,9.119999886
94.95999908,0,1.080000043,0.389999986,1.049999952,2.059999943,56.25,15.89999962,7.599999905,57.27000046,40.91999817,6.989999771,13.97000027,20.30999947,54209,24110,10.02000046,86.33999634,21.93000031,0.720000029,426,119400,51.29999924,58.38999939,22.73999977,25.79000092,7.059999943,69.83000183,15.48999977,6.860000134
96.08000183,0,1.860000014,0,3.430000067,5.519999981,17.54999924,55.70999908,5.829999924,50.56999969,61.45000076,2.319999933,12.78999996,23.13999939,81549,44661,5.269999981,94.91000366,4.46999979,3.99000001,993,357300,25.43000031,68.84999847,18.76000023,29.92000008,8.369999886,66.79000092,19.80999947,2.24000001
21.44000053,19.88999939,7.980000019,0.419999987,46.59999847,49.75999832,27.20000076,53.84000015,8.81000042,63.06999969,48.77999878,11.98999977,4.909999847,3.329999924,99199,38759,2.920000076,83.15000153,1.25999999,17.17000008,1668,357800,39.90999985,54.31000137,24.21999931,16.92000008,2.920000076,59.08000183,13.39000034,7.75
59.58000183,29.26000023,9.239999771,0,2.75,9.81000042,74.58000183,1.940000057,34.40000153,47.45000076,14.18000031,27.92000008,9.579999924,4.869999886,23031,12463,50.25999832,44.00999832,21.95999908,23.31999969,475,69600,88.33999634,71.75,31.42000008,15.68999958,3.74000001,29.51000023,32.65999985,42.86000061
81.01999664,13.48999977,1.529999971,0,3.079999924,5.079999924,58.58000183,14.73999977,6.610000134,44.31999969,25.71999931,19.46999931,10.78999996,12.73999977,34534,18447,19.79000092,66.59999847,5.119999886,20.73999977,375,99400,65.72000122,51.68000031,24.06999969,25.02000046,10.40999985,41.08000183,29.87000084,20.37999916
88.83000183,1,5.690000057,1.679999948,0.970000029,3.289999962,35.83000183,28.85000038,8.859999657,62.43999863,30.87999916,17.15999985,13.47999954,18.37999916,54295,32875,12.14999962,79.18000031,4.309999943,13.14999962,603,174800,48.41999817,61.31999969,24.45000076,22.12000084,6.360000134,58.06000137,22.29000092,9.710000038
0.319999993,96.01999664,3.25999999,0,0.860000014,2.390000105,79.58999634,3.920000076,15.65999985,46.27999878,14.25,9.340000153,6.210000038,1.559999943,19967,11983,43.20999908,70.37999725,34.50999832,3.720000029,582,44600,97.91999817,43.77000046,33.20999908,20.80999947,6.570000172,18.79999924,29.28000069,48.15000153
44.88999939,22.17000008,17.59000015,1.139999986,35.52000046,43.72999954,41.68000031,26.70000076,9.75,68.04000092,44.86999893,9.319999695,5.380000114,7.909999847,77237,35887,2.599999905,74.83999634,5.28000021,31.96999931,1135,326600,95.01999664,50.77999878,19.01000023,19.64999962,5.409999847,44.83000183,17.01000023,9.31000042
86.27999878,1.929999948,8.18999958,0.829999983,3.039999962,6.289999962,24.81999969,38.31000137,7.090000153,63.95999908,42,13.28999996,11.55000019,12.59000015,62586,33683,9.529999733,73.12999725,1.720000029,23.44000053,672,265000,50.68000031,65.40000153,26.59000015,17.54000092,6.460000038,54.15000153,18.20000076,7.239999771
57.18999863,0.289999992,37.16999817,0.810000002,25.01000023,37.81999969,44.70000076,26.73999977,16.19000053,59.93000031,30.21999931,9.020000458,9.510000229,9.020000458,47423,20003,21.02000046,84.25,8.319999695,12.17000008,822,130000,96.22000122,61.36999893,27.96999931,17.55999947,7,46.56999969,23.21999931,13.21000004
98.83000183,0.469999999,0.140000001,0,1.379999995,6.050000191,33.84999847,28.73999977,4.110000134,68.34999847,43.11999893,6.480000019,12.60000038,19.56999969,78889,36014,5.019999981,89.66999817,8.569999695,0.819999993,675,233100,43.31000137,44.54000092,26.20999908,19.01000023,4.619999886,67.55000305,11.72999954,3.49000001
17.68000031,0,14.89000034,0,63.08000183,81.16000366,55.79999924,18.72999954,10.85999966,57.27000046,28.82999992,8.460000038,0.800000012,9.739999771,50923,20241,13.23999977,41.47999954,1.549999952,63.88999939,1258,621300,85.47000122,63.54000092,23.59000015,12.21000004,4.170000076,51.16999817,12.89999962,9.869999886
0.589999974,99.08999634,0,0,1.049999952,0.720000029,57.88999939,14.53999996,27.36000061,43.41999817,12.40999985,5.400000095,8.180000305,6.71999979,22292,14410,36.84000015,47.95999908,38.63999939,37.86000061,573,87400,92.66000366,47.95999908,21.38999939,22.20999908,11.81000042,16.5,31.37999916,28.63999939
61.90999985,22.14999962,4.960000038,0,20.34000015,23.17000008,32.15000153,45.38999939,5.239999771,79.47000122,39.22000122,6.820000172,11.34000015,12,68810,35742,7.989999771,53.72999954,6.170000076,43.79000092,858,274700,57.91999817,62.95999908,23.57999992,16.20000076,3.119999886,40.90000153,21.03000069,13.42000008
96.79000092,0,1.299999952,0,0.159999996,3.450000048,60.47000122,11.01000023,12.82999992,54.27000046,28.82999992,16.47999954,10.81000042,14.93999958,51520,24267,7.139999866,86.27999878,10.23999977,2.140000105,420,93300,66.81999969,42.09000015,25.86000061,19.98999977,7.610000134,58.70999908,19.40999985,7.340000153
92.94999695,1.200000048,2.279999971,0,4.739999771,6.579999924,16.28000069,65.44000244,3.25999999,49.97000122,67.87999725,7.96999979,10.5,19.95000076,108594,61645,2.730000019,89.22000122,5.599999905,10.25,1038,431000,77.25,48.18999863,26.79999924,22.28000069,9.920000076,64.68000031,16.06999969,8.680000305
64.26000214,8.430000305,19.62000084,0,23.70000076,28.15999985,36.56999969,34.45999908,8.350000381,81.58000183,25.17000008,3.150000095,5.369999886,7.320000172,39979,21792,27.05999947,12.03999996,50.56000137,96.94999695,912,78500,8.81000042,96.56999969,4.849999905,5.880000114,1.779999971,23.06999969,23.38999939,2.940000057
95.44000244,1.720000029,1.279999971,0,1.070000052,1.360000014,66.61000061,13.22000027,10.11999989,47.13999939,24.95999908,10.63000011,10.82999992,10.15999985,32013,15462,29.65999985,83.93000031,27.70000076,3.089999914,273,100000,56.31999969,47.72000122,21.26000023,22.63999939,6.889999866,55.47999954,23.98999977,9
54.25,8.770000458,10.76000023,0,25.61000061,40.06000137,19.07999992,62.58000183,4.829999924,79.16000366,51.88000107,5.940000057,6.329999924,4.239999771,127708,48200,5.550000191,65.20999908,0,23.85000038,1320,469900,4.639999866,89.06999969,30.42000008,7.909999847,0.769999981,62.81999969,13.92000008,9.319999695
28.38999939,14.40999985,52.02000046,0,14.81999969,40.15000153,53.5,18.98999977,5.159999847,72.40000153,28.54000092,19.86000061,10.02000046,6.980000019,59906,18409,11.05000019,92.68000031,11.85000038,0,1278,113900,15.56999969,81.63999939,34.77000046,6.820000172,1.679999948,52.16999817,16.81999969,12.51000023
96.44000244,0.709999979,2.769999981,0,2.569999933,6.070000172,40.61999893,34.40000153,3.049999952,70.86000061,40.74000168,14.13000011,12.06000042,8.579999924,96513,38053,0.660000026,99.19000244,1.519999981,1.279999971,0,269000,61.40000153,36.34999847,19.89999962,22.04000092,4.389999866,68.41000366,8.93999958,0.860000014
87.23000336,4.420000076,5.389999866,0,12.19999981,11.52000046,35.70999908,28.43000031,3.210000038,76.47000122,37.93999863,20.79999924,11.98999977,9.460000038,64153,26332,7.949999809,73.68000031,1.320000052,16.30999947,820,129200,66.93000031,61.47999954,30.34000015,13.82999992,1.5,57.83000183,19.21999931,19.95000076
98.51000214,0,1.49000001,0,0,0.829999983,47.31999969,15.93000031,10.57999992,48.63999939,38.47999954,13.78999996,13.60000038,5.489999771,52197,25094,11.11999989,85.48000336,9.18999958,1.200000048,515,107800,51.40000153,46.84999847,21.12999916,23.72999954,5.260000229,65.41999817,22.20000076,2.089999914
95.59999847,0,1.389999986,0.589999974,2.960000038,3.559999943,31.75,18.76000023,4.03000021,70.98000336,38.90999985,13.23999977,8.289999962,13.98999977,79397,36323,2.890000105,92.72000122,2.099999905,2.369999886,745,262100,58.45000076,36.65999985,24.18000031,15.64999962,3.819999933,64.54000092,8.729999542,8.369999886
70.83000183,2.369999886,6.579999924,0,19.63999939,23.75,5.099999905,81.37999725,7.550000191,70.69999695,78.12999725,7.289999962,2.640000105,12.26000023,137649,60304,4.139999866,67.01000214,11.77000046,68.51999664,2001,610400,86.62999725,61.41999817,22.79000092,16.34000015,2.75999999,49.27000046,12.10999966,12.77000046
34.90999985,11.81000042,32.09999847,0.850000024,28.62999916,42.81999969,45.20000076,31.10000038,8.130000114,59.75,34.11999893,7.239999771,6.329999924,25.05999947,38738,33628,26.90999985,45.31000137,34.90999985,38.27999878,695,265400,23.42000008,86.55999756,20.81999969,22.78000069,4.309999943,39.02999878,18.45999908,8.670000076
93.30000305,2.539999962,2.980000019,0,4.440000057,6.480000019,12.31000042,63.20000076,7.909999847,64.95999908,52.54000092,27.06999969,8.039999962,15.40999985,118698,44421,3.140000105,97.20999908,0,0,0,270900,15.10999966,65.01000214,32.97999954,11.64999962,2.319999933,74.66999817,8.06000042,3.480000019
89.97000122,0,2.470000029,0.330000013,3.710000038,4.769999981,36.95999908,18.61000061,12.73999977,63.08000183,36.95000076,15.09000015,13.31000042,15.64999962,66837,33526,6.829999924,87.37999725,0.519999981,2.920000076,886,263800,54.90000153,53.90000153,24.03000069,21.63999939,5.480000019,66.30999756,14.77000046,2.339999914
59.47999954,12.13000011,6.340000153,0.620000005,21.36000061,31.28000069,9.760000229,72.30999756,3.109999895,75.73999786,62.38000107,6.059999943,16.10000038,9.199999809,83786,55377,10.92000008,49.09999847,18.48999977,62.83000183,1571,291600,74.15000153,69.98000336,8.890000343,18.05999947,2.210000038,31.29000092,26.54999924,31.54999924
61.59000015,12.68999958,12.64999962,0.49000001,7.019999981,12.59000015,18.68000031,35.68999863,2.869999886,57.29999924,45.81999969,4.070000172,14.31999969,9.949999809,80188,27894,4,64.73000336,8.100000381,16.32999992,1354,278800,9.300000191,91.66000366,33.16999817,11.51000023,2.769999981,68.43000031,8.56000042,3.400000095
58.81000137,1.809999943,18.46999931,0,16.63999939,19.69000053,25.29000092,47.79000092,8.420000076,57.50999832,61.27999878,18.53000069,6.619999886,14.94999981,108563,43313,3.960000038,76.76999664,0,0.970000029,2001,634100,94.76999664,44.81000137,24.70000076,16.07999992,5.849999905,61.02999878,11.25,5.320000172
83.79000092,5.650000095,2.710000038,0,11.47999954,12.53999996,44.86999893,19.20999908,10.65999985,64.01999664,28.75,11.03999996,16.80999947,11.11999989,51410,24463,11.93999958,80.30000305,11.07999992,0.569999993,940,132000,92.63999939,50.34000015,17.61000061,20.18000031,6.78000021,45.50999832,23.39999962,10.86999989
83.34999847,9.75,1.389999986,0,2.819999933,2.859999895,48.59999847,17.42000008,7.849999905,45.70000076,33.38999939,15.86999989,7.590000153,7.380000114,45757,15686,15.93999958,76.51999664,11.14999962,8.369999886,679,123600,34.38999939,56.27000046,14.13000011,15.73999977,3.539999962,35.77000046,13.06000042,9.93999958
90.29000092,1.870000005,5.71999979,0,4.949999809,3.809999943,45.13000107,25.47999954,9.069999695,58.83000183,40.59999847,8.020000458,10.39000034,9.390000343,52561,26592,21.87999916,71.56999969,9.090000153,25.15999985,842,164200,13.94999981,80.87000275,26.62999916,15.78999996,4.070000172,46.06000137,26.48999977,18.65999985
59.91999817,34.75999832,3.579999924,0.670000017,4.070000172,5.570000172,39.18999863,25.79000092,8.680000305,61.79000092,34.66999817,10.64999962,9.06000042,11.73999977,56485,28173,6.510000229,85.43000031,6.159999847,6.099999905,614,148100,30.03000069,68.69999695,25.95000076,19.34000015,3.670000076,56.45999908,18.70999908,14.85999966
88.06999969,3.319999933,4.559999943,2.220000029,2.940000057,3.380000114,49.43000031,16.17000008,8.93999958,51.34000015,24.81999969,22.60000038,12.72000027,13.96000004,47604,21939,15.10000038,90.09999847,18.70999908,0,383,68400,61.06999969,52.45000076,23.11000061,24.75,6.900000095,57.81000137,24.09000015,3.279999971
93.29000092,0.569999993,1.889999986,0,2.089999914,2.75999999,65.15000153,13.27000046,16.37000084,40,25.28000069,2.210000038,10.26000023,11.02999973,31163,17097,23.62999916,69.88999939,16.60000038,12.01000023,365,52800,48.33000183,45.97000122,19.92000008,18.68000031,4.03000021,56.25999832,19.92000008,12.88000011
60.65999985,30.72999954,2.420000076,0,8.140000343,10.05000019,32.49000168,30.54000092,6.619999886,81.05999756,39.79000092,8.06000042,9.340000153,6.349999905,56535,26084,5.920000076,63.58000183,4.179999828,35.50999832,710,143000,5.590000153,89.70999908,26.20000076,9.159999847,2.359999895,43.20999908,18.73999977,15.02999973
93.62000275,0.819999993,1.809999943,0.879999995,9.649999619,5.260000229,16.70999908,46.90000153,6.320000172,45.97999954,47.79999924,7.25,18.85000038,16.52000046,73138,42032,4.210000038,90.68000031,31.03000069,0,1963,329500,0,100,14.94999981,47.97999954,9.739999771,79.29000092,11.89999962,2.200000048
21.21999931,65.16999817,5.690000057,0.449999988,2.619999886,4.809999943,56.86999893,9.329999924,25.52000046,54.47000122,15.27000046,20.62999916,5.980000019,6.179999828,25091,10233,47.52000046,54.45999908,19.52000046,15.60000038,463,55800,85.93000031,54.58000183,38.70999908,9.279999733,2.339999914,27.37000084,22.07999992,41.75
76.86000061,20.40999985,0.790000021,1.070000052,2.970000029,1.99000001,62.75999832,7.829999924,8.220000267,68.40000153,16.48999977,7.769999981,6.800000191,3.680000067,50179,20106,16.28000069,69.41000366,8.630000114,15.30000019,640,101400,82.65000153,56.40999985,26.45000076,13.34000015,5.409999847,39.50999832,23.32999992,19.38999939
91.12999725,0.50999999,5.670000076,0.639999986,5.849999905,7.139999866,39.13999939,28.72999954,4.090000153,74.81999969,33.84000015,19.57999992,7.760000229,8.710000038,74567,29412,5.610000134,80.97000122,3.279999971,14.27000046,663,209600,34.04999924,57.79999924,28.14999962,12.30000019,2.99000001,63.70999908,8.609999657,10.19999981
69.65000153,25.57999992,2.130000114,0,0,0,65.05000305,3.630000114,12.68999958,39.79999924,11.76000023,23.87999916,10.60999966,1.379999995,19597,12341,31.79999924,50.66999817,17.09000015,42.33000183,320,40400,97.44000244,69.55999756,33.33000183,21.56999969,10.73999977,30.37000084,48.77000046,48.65000153
73.69999695,2.5,15.93999958,0.469999999,9.170000076,14.81000042,35.36999893,21.43000031,11.77000046,67.59999847,32.77999878,7.03000021,9.960000038,14.42000008,57401,32799,10.92000008,54.81000137,3.099999905,19.98999977,1154,317800,81.23000336,66.81999969,20.35000038,16.42000008,3.369999886,43.34999847,24.81999969,16.95000076
62.88999939,2.440000057,31.62000084,0,36.11999893,52.49000168,41.84000015,33.75,5.289999962,66.37999725,32.95999908,7.730000019,7.320000172,12.18000031,62488,36013,6.460000038,42.15999985,10.97000027,65.77999878,1251,457000,95.30999756,57.84000015,19.12999916,16.95000076,8.199999809,47.49000168,16.51000023,7.989999771
84.52999878,2.190000057,6.369999886,0,6.070000172,10.47999954,26.51000023,48.02000046,3.24000001,58.99000168,52.58000183,5.699999809,12.90999985,12.10999966,97957,43268,4.889999866,75.08000183,1.840000033,20.87000084,1362,364100,16.47999954,70.70999908,30.54999924,16.35000038,4.659999847,61.43000031,17.43000031,11.25
93.66999817,1.820000052,2.75,0,3.210000038,3.819999933,49.22000122,17.55999947,8.460000038,49.11999893,30.51000023,8.020000458,12.69999981,19.37999916,39021,26205,17.76000023,83.44000244,55,4.440000057,551,165000,57.02000046,42.00999832,16.80999947,36.54999924,11.13000011,48.47000122,28.78000069,14.06999969
87.86000061,2.400000095,3.619999886,0.050000001,1.960000038,2.230000019,26.60000038,43.68999863,6.559999943,79.63999939,42.34999847,4.829999924,10.09000015,14.73999977,59458,28148,10.71000004,79.01999664,7.440000057,7.599999905,619,156400,50.13000107,58.43999863,24.42000008,20.31999969,3.920000076,61.06999969,17.03000069,11.97000027
16.5,0,82.80000305,0.699999988,5.989999771,51.43000031,51.75999832,7.050000191,13.13000011,40.99000168,16.86000061,7.75,11.05000019,3.880000114,39375,16578,23.81999969,82.19000244,27.79000092,4.96999979,390,48600,76.33000183,43.70999908,21.23999977,24.29999924,8.979999542,35.27000046,19.94000053,9.850000381
41.06000137,18.62000084,38.75,0.49000001,11.78999996,25.04000092,52.66999817,13.60000038,12.25,58.29999924,22.81999969,14.03999996,4.320000172,4.199999809,37462,14920,22.17000008,51.36000061,6.269999981,51.13999939,704,127000,87.27999878,70.44999695,36.34000015,8.680000305,1.480000019,40.93999863,13.26000023,26.63999939
89.88999939,0,2.289999962,3.960000038,2.819999933,12.31999969,40.13000107,18.05999947,15.38000011,60.18999863,26.37999916,0.939999998,19.96999931,21.73999977,49917,27443,13.34000015,86.33000183,45.34000015,1.980000019,643,168600,24.70000076,60.86000061,19.68000031,24.89999962,3.940000057,60.72000122,17.64999962,6.789999962
10.39000034,0.829999983,3.650000095,0.319999993,74.18000031,85.23999786,30.85000038,56.59000015,5.559999943,64.44000244,49.58000183,18.38999939,1.470000029,1.710000038,84876,33923,5.480000019,21.62000084,2.25,77.5,1190,406000,69.11000061,82.63999939,21.02000046,10.77999973,3.190000057,67.51000214,7.809999943,1.919999957
97.43000031,0.300000012,1.830000043,0,0.899999976,1.440000057,54.20000076,17.47999954,3.24000001,59.88999939,31.38999939,18.78000069,9.930000305,18.48999977,52697,24152,8.890000343,83.27999878,8.920000076,7.96999979,347,85800,82.41000366,42.97000122,26.54000092,23.79999924,12.10999966,66.94000244,17.62999916,6.630000114
76.33000183,0.180000007,14.27999973,0,5.989999771,8.979999542,28.19000053,29.70999908,7.570000172,61.08000183,40.97999954,16.29999924,14.21000004,13.40999985,84324,33135,2.609999895,79.38999939,3.339999914,11.51000023,1139,366300,20.88999939,74.98000336,29.03000069,16.70999908,3.930000067,58.11999893,17.65999985,10.46000004
80.43000031,10.97000027,6.960000038,0,6.150000095,8.789999962,41.65000153,28.56999969,3.970000029,58.70000076,32,4.320000172,11.67000008,7.099999905,51065,24337,6.179999828,51.06000137,21.18000031,33.72999954,722,159800,67.63999939,70.61000061,25.78000069,16.67000008,3.109999895,47.65999985,21.26000023,23.85000038
91.63999939,1.730000019,5.050000191,0.349999994,3.170000076,8.329999924,55.90000153,21.52000046,12.68999958,48.83000183,39.68999863,20.07999992,9.329999924,8.850000381,42938,20749,17.89999962,69.87999725,10.94999981,15.86999989,467,129500,61.29000092,53.40999985,21.88999939,28.77000046,9.909999847,52.61999893,27.68000031,9.149999619
84.75,0,13.22000027,0.02,4.300000191,9.539999962,44.84000015,13.93999958,12.73999977,56.43000031,28.46999931,4.71999979,13.10999966,13.68000031,40489,26459,16.12000084,73.54000092,18.89999962,14.35999966,782,217400,69.51000214,68.66999817,20.63999939,24.97999954,4.889999866,59.70000076,24.64999962,11.57999992
35.52999878,24.80999947,3.200000048,0,33.52000046,36.45999908,18.21999931,59,7.599999905,71.19999695,52.61999893,15.52999973,4.099999905,1.899999976,51705,32338,9.390000343,2.920000076,9.779999733,94.44000244,776,192600,43.06000137,95.20999908,15.82999992,9.81000042,3.930000067,39.74000168,15.11999989,9.659999847
47.27999878,2.279999971,45.22000122,2.089999914,12.78999996,25.81999969,43.93999863,33.68999863,13.80000019,64.98999786,41.88000107,5.340000153,11.46000004,7.710000038,49673,24117,22.60000038,56.38999939,0,26.34000015,804,271800,93.91000366,60.68999863,19.79000092,12.15999985,4.690000057,40.16999817,16.69000053,7.369999886
94.75,0,1.580000043,0,5.679999828,8.670000076,9.43999958,74.01999664,6.590000153,57,57.22000122,14.86999989,7.800000191,9.510000229,129286,48770,0.980000019,91.90000153,5.730000019,0,1693,419600,67.30000305,50,27.73999977,19.45999908,4.139999866,66.54000092,10.27999973,1.169999957
8.069999695,5.690000057,79,0.300000012,34.49000168,69.83999634,54.34999847,16.90999985,7.599999905,63.77999878,31.31999969,7.800000191,5.639999866,18.11000061,50742,18976,15.15999985,63.54999924,11.22999954,37.61000061,1090,277700,44.65000153,67.87000275,29.82999992,8.800000191,1.669999957,51.43999863,11.97999954,15.56000042
82.55000305,3.680000067,7.659999847,0,16.89999962,29.12999916,40.34999847,37.52999878,7.309999943,58.83000183,51.40000153,3.630000114,4.869999886,16.76000023,120132,46840,0.699999988,97.80000305,1.279999971,0,745,534100,94.90000153,38.63000107,17.40999985,31.42000008,12.13000011,53.77000046,20.38999939,7.099999905
81.25,0,2.099999905,0,14.89999962,17.81999969,12.27999973,75.04000092,4.880000114,58.54999924,69.76000214,11.82999992,7.880000114,15.86999989,151743,55635,1.149999976,95.86000061,3.74000001,1,1775,423700,11.05000019,56,31.73999977,14.77000046,2.569999933,74.30000305,5.539999962,2.25999999
11.35999966,5.539999962,76.68000031,0.079999998,36.31000137,71.87999725,75.26999664,5.010000229,28.68000031,62.11000061,8.340000153,18.59000015,4.170000076,8.760000229,41730,12349,22.62000084,60.63000107,9.5,11.85000038,885,128300,75.80999756,56.86000061,29.52000046,9.539999962,2.710000038,35.63999939,18.79000092,17.54000092
63.72999954,1.629999995,15.43999958,0.779999971,30.06999969,36.43000031,24.76000023,40.38000107,7.059999943,78.84999847,38.52999878,14.19999981,5.659999847,4.199999809,30729,25251,28.93000031,3.420000076,7.110000134,94.02999878,847,62900,32.04999924,96.83000183,16.34000015,6.539999962,0.980000019,34.97999954,13.36999989,13.59000015
39.25999832,19.82999992,18.11000061,0.400000006,30.37000084,45.13000107,24.62999916,41.16999817,7.809999943,61.86999893,45.08000183,0,10.56999969,6.489999771,109180,38000,7.730000019,73.25,4.980000019,6.789999962,1683,348500,54.34000015,56.40000153,25.02000046,13.09000015,2.700000048,51.25,16.81999969,9.850000381
79.05000305,14.77000046,4.590000153,0.980000019,2.779999971,5.159999847,24.40999985,52.08000183,8.359999657,73.76999664,43.36000061,4.409999847,7.489999771,4.170000076,66304,34672,5.659999847,64.45999908,6.789999962,49.95000076,612,144600,93.05999756,52.75999832,17.18000031,16.76000023,6.460000038,37.99000168,18.05999947,9.18999958
48.63000107,12.47999954,27.70999908,0,12.60000038,22.5,33.79999924,25.37999916,7.550000191,58.61000061,41.72000122,11.61999989,10.86999989,7.460000038,83602,26613,12.27999973,80.62000275,6.119999886,8.319999695,1445,257400,6.28000021,83.06999969,32.66999817,10.51000023,2.039999962,56.38999939,15.40999985,8.039999962
8.239999771,2.930000067,84.83999634,0.779999971,20.81999969,70.83999634,37.70999908,29.45000076,4.889999866,62.45000076,40,6.659999847,13.47999954,6.789999962,75061,22048,16.29999924,86.30999756,10.06000042,0,1160,177500,3.140000105,98.63999939,38.75999832,6.050000191,0.300000012,57.13000107,14.06000042,10.52000046
45.63000107,22.86000061,24.52000046,0,3.670000076,24.45000076,74.47000122,5.78000021,26.27000046,35.00999832,17.43000031,23.04999924,5.429999828,13.22999954,20750,11709,48.79000092,41.02999878,28.89999962,48.70999908,479,73400,100,62.11000061,23.17000008,14.47000027,3.569999933,29.29000092,25.47999954,21.37999916
0,0,0,0,0,0,0,0,0,0,0,0,0,0,0,0,0,0,0,0,0,0,0,0,0,0,0,0,0,0
11.97999954,1.529999971,43.09000015,0,54.34000015,73.04000092,50.04000092,25.25,8.539999962,67.80999756,23.20999908,5.840000153,2.099999905,14.06000042,78225,25548,13.35999966,50.81999969,10.52000046,31.12000084,1277,596300,93.23999786,49.04000092,19.60000038,16.70999908,5.130000114,37.25999832,18.84000015,17.89999962
54.40999985,26.02000046,5.139999866,0.449999988,2.890000105,7.510000229,46.81999969,16.27000046,8.149999619,64.30999756,17.85000038,18.38999939,6.53000021,8.970000267,23417,13714,40.15000153,40.91999817,16.68000031,44.56000137,471,86100,97.47000122,72.72000122,27.60000038,10.98999977,4.119999886,22.19000053,25.61000061,31.96999931
60.77999878,24.88999939,11.68000031,0,9.109999657,12.57999992,50.45999908,22.12000084,9.75,61.06000137,26.71999931,12.88000011,6.880000114,11,35753,18550,29.61000061,61.59000015,10.18000031,4.230000019,403,94500,71.05000305,52.86999893,26.15999985,17,6.349999905,49.66999817,22.84000015,18.39999962
67.70999908,2.579999924,0.99000001,0,21.67000008,21.80999947,12.30000019,65.69000244,4.199999809,68.62999725,62.18999863,11.42000008,6.820000172,4.179999828,86723,46349,4.179999828,54.72999954,6.320000172,37.25999832,1016,214100,3.190000057,90.22000122,20.30999947,11.97000027,2.400000095,57.50999832,16.81999969,1.879999995
57.34999847,18.95000076,18.20000076,0.560000002,9.319999695,17.01000023,65.54000092,7.46999979,10.34000015,62.40999985,13.32999992,27.35000038,6.389999866,10.98999977,33406,14500,29.37999916,61.11000061,10.65999985,15.75,553,60400,97.31999969,66.80000305,29.94000053,9.819999695,3.480000019,37.58000183,25.61000061,23.54999924
98.65000153,0.090000004,0.129999995,0.07,0.180000007,3.25999999,73.62999725,11.67000008,5.510000229,53.38999939,22.45999908,13.10000038,11.22000027,11.22999954,45037,22356,12.76000023,80.40000153,12.78999996,3.279999971,345,79000,75.08000183,38.56000137,22.40999985,23.45999908,8.170000076,63.68000031,17.75,5.909999847
94.13999939,0.639999986,3.5,0,1.840000033,3.49000001,71.25,9.960000038,11.82999992,51.09000015,16.54999924,13.28999996,9.850000381,2.150000095,29265,20178,21.40999985,48.49000168,16.73999977,36.16999817,431,72800,93.51999664,58.29000092,25.37000084,27.09000015,9.93999958,35.04000092,33.31000137,22.95999908
68.23999786,4.190000057,18.79999924,0,28.10000038,39.5,20.43000031,56.65000153,7.949999809,63.70999908,52.08000183,4.21999979,4.099999905,20.64999962,64167,46588,13.98999977,11.14999962,7.480000019,79.80999756,1286,825800,90.77999878,70.33000183,4.940000057,19.04999924,11.46000004,21.87999916,22.48999977,8.960000038
93.91000366,4.079999924,2.00999999,0,0,0,56.5,18.86000061,6.960000038,54.56000137,27.98999977,32.06999969,11.81000042,10.68999958,45536,23387,6.659999847,67.26000214,7.739999771,22.02000046,441,133500,70.08999634,59.34999847,18.12000084,32.65999985,17.04999924,60.56000137,15.07999992,0
0.140000001,98.72000122,0.649999976,0,0.649999976,1.960000038,49.68999863,14.59000015,29.54999924,67.01000214,21.06999969,7.369999886,7.71999979,1.299999952,27038,16303,29.53000069,30.89999962,16.40999985,73.01000214,704,165300,98.48999786,60.59999847,28.46999931,15.39000034,5.25,16.75,26.55999947,44.41999817
1.279999971,81.69999695,16.31999969,0,21.57999992,22.54999924,66.36000061,4.980000019,30.04999924,63.86000061,23.36000061,3.440000057,5.210000038,8.5,21685,11212,34.27999878,21.19000053,27.14999962,90.13999939,729,89700,84.80999756,71.73999786,35.18999863,17.60000038,8.039999962,22.30999947,23.89999962,51.22000122
96.48000336,0,2.309999943,0,9.449999809,8.720000267,71.16999817,9.659999847,22.30999947,22.32999992,28.62999916,0,23.55999947,10.52999973,33088,24496,11.43999958,90.83999634,10.97000027,0,1079,146600,57.38000107,47.97999954,0,85.02999878,45.99000168,45.83000183,40.33000183,0
5.099999905,88.37999725,2.730000019,0,9.930000305,5.360000134,52.04000092,15.64000034,20.25,57.97999954,33.74000168,0,11.52999973,2.700000048,44116,18228,21.44000053,57.81999969,7.610000134,32.27999878,818,126800,94.36000061,48.66999817,21.94000053,22.62000084,6.599999905,27.09000015,27.43000031,27.09000015
35.59000015,32.86999893,7.409999847,0.330000013,18.64999962,25.27000046,45.18000031,19.05999947,10.42000008,65.61000061,22.60000038,23.46999931,9.399999619,4.119999886,45443,25163,23.15999985,62.47000122,11.32999992,31.90999985,715,155700,90.02999878,60.20000076,30.29000092,12.44999981,4.130000114,47.31000137,18.13999939,26.45999908
96.08000183,3.619999886,0.289999992,0,1.600000024,1.25999999,26.87999916,39.97999954,6.429999828,77.86000061,34.25,18.87999916,3.779999971,12.63000011,67886,27854,6.559999943,83.84999847,2.730000019,14.93999958,945,178100,17.85000038,74.27999878,28.37999916,12.06999969,3.589999914,56.02000046,14.90999985,13.96000004
30.12000084,32.04999924,36.25999832,0,13.13000011,26.14999962,49.06999969,18.70000076,11.07999992,66.98000336,26,10.5,7.300000191,4.199999809,44221,20227,12.68000031,52.88000107,4.039999962,24.68000031,886,94500,68.33999634,66.41000366,27.13999939,18.23999977,4.71999979,47.31000137,19.29000092,12.90999985
50.84999847,48.25,0,0.449999988,0,2,55.47000122,13.34000015,9.56000042,54.84999847,26.95000076,3.309999943,6.989999771,9.220000267,39107,15350,36.06999969,56.59000015,18.48999977,22.86000061,504,56700,100,50.97999954,34.52999878,15.43000031,2.599999905,26.60000038,19.47999954,51.06000137
83.79000092,2.950000048,8.56000042,1.809999943,6.809999943,11.56000042,59.56000137,12.72000027,5.5,53.20999908,28.40999985,10.01000023,9.289999962,7.389999866,41373,21791,14.26000023,69.86000061,16.75,9.100000381,443,95800,50.99000168,73.77999878,24.55999947,16.03000069,5.159999847,54.75999832,20.37999916,8.869999886
72.26000214,0.310000002,5.349999905,17.95999908,3.960000038,9.199999809,47.66999817,20.18000031,14.80000019,53.86000061,34.11000061,5.300000191,9.850000381,15.96000004,44571,20867,23.45000076,66.73000336,36.18000031,3.329999924,528,175600,55.75999832,57.54000092,21.23999977,28.62999916,6.550000191,62,17.46999931,9.100000381
11.76000023,12.78999996,74.12999725,0,34.81000137,69.04000092,77.83999634,7.559999943,15.28999996,38,17.76000023,6.050000191,4.429999828,17.88999939,35714,12962,32.47999954,67.34999847,4.849999905,4.849999905,608,87100,72.33000183,54.93000031,28.93000031,11.34000015,2.069999933,39.47000122,20.55999947,10.05000019
48.75999832,51.24000168,0,0,1.200000048,1.519999981,80.15000153,6.230000019,38.58000183,37.22999954,25.98999977,19.12999916,1.730000019,5.78000021,19583,11364,41.02000046,88.40000153,27.22999954,3.819999933,656,90100,46.5,45.50999832,30.35000038,22.09000015,6.840000153,50.70000076,18.70999908,9.93999958
67.33000183,14.5,7.260000229,0,9.960000038,13.21000004,28.47999954,49.52000046,12.59000015,40.52999878,49.63000107,2.519999981,4,4.699999809,47938,15429,14.92000008,35.81000137,13.14999962,47.77999878,1077,259900,41.02000046,81.81999969,9.670000076,11.94999981,4.860000134,20.14999962,9.180000305,17.47999954
84.52999878,0,2.799999952,5.489999771,0.379999995,9.550000191,41.65999985,26.12999916,4.349999905,70.16000366,42.31999969,4.849999905,11.93000031,4.949999809,36707,18978,14.47999954,53.75999832,12.89999962,9.159999847,581,97000,91.68000031,70.01000214,20.89999962,12.28999996,4.659999847,38.68000031,24.64999962,16.67000008
93.26999664,0.289999992,2.180000067,1.679999948,3.49000001,6.28000021,35.36000061,32.99000168,2.410000086,63.91999817,34.22999954,10.34000015,13.82999992,13.47000027,80947,39275,5.25,84.90000153,28.88999939,2.099999905,527,291100,36.15999985,63.45000076,18.79999924,22.04000092,7.139999866,66.37000275,10.78999996,1.230000019
17.19000053,70.55000305,5.789999962,0.5,4.349999905,6.389999866,45.97999954,12.81000042,12.18000031,71.66000366,30.59000015,11.78999996,17.12000084,0,40575,18455,18.21999931,27.53000069,9.960000038,59.06000137,817,199300,66.77999878,85.80999756,31.87000084,9.949999809,2.460000038,31.30999947,25.45000076,46.09000015
97.80000305,0,0,0,0.219999999,0.689999998,61.04999924,15.18000031,9.359999657,54.04999924,27.20000076,4.699999809,13.75,10.15999985,47904,22039,12.68999958,82.80999756,9.079999924,0,319,91500,51.45999908,44.97999954,25.5,19.89999962,4.96999979,56.20000076,24.72999954,6.610000134
49.22000122,14.21000004,12,0.219999999,22.09000015,34.15999985,47.13999939,20.85000038,15.5,76.12999725,23.01000023,18.98999977,11.14999962,6.389999866,51496,19930,24.06999969,49.25999832,6.980000019,44.18000031,973,227900,57.52999878,69.69999695,28.39999962,8.25,2.369999886,45.84000015,12.78999996,12.71000004
72.72000122,23.57999992,2.579999924,0.330000013,0.519999981,2.869999886,74.90000153,5.380000114,21.28000069,48.34000015,27.94000053,8.930000305,8.539999962,4.360000134,40166,13817,26.92000008,79.48999786,16.98999977,1.24000001,437,121100,23.5,56.56999969,25.5,15.38000011,3.099999905,47.77000046,21.02000046,11.39999962
86.40000153,0.730000019,0.469999999,0.550000012,7.869999886,8.470000267,28.06999969,36.77999878,12.22000027,56.43999863,35.41999817,5.960000038,15.15999985,15.43999958,56250,32055,7.510000229,86.72000122,36.31999969,6.829999924,1236,359800,58.06000137,46.52999878,19.88999939,34.79000092,9.069999695,65.55000305,15.56000042,12.63000011
29.29999924,70.69999695,0,0,0,0.610000014,67.80000305,11.85000038,17.73999977,39.09000015,29.38999939,7.710000038,6.679999828,8.109999657,31582,14365,57.22000122,65.54000092,25.37000084,7.820000172,197,76500,78.37000275,46.22000122,31.32999992,16.39999962,6.070000172,32.88999939,22.12999916,24.40999985
29.45000076,21.80999947,37.24000168,0,33.41999817,51.63999939,41.24000168,25.28000069,3.359999895,72.61000061,39.79999924,0.439999998,11.92000008,0.980000019,71786,26138,22.10000038,74.19999695,9.119999886,25.62000084,1137,208400,82.91999817,83.44000244,36.77000046,5.75,0.159999996,46.66999817,31.29999924,23.10000038
92.83999634,0.99000001,1.659999967,0,4.929999828,6.150000095,18.55999947,51.95000076,3.130000114,59.31999969,45.72000122,10.69999981,10.32999992,11.15999985,76992,34567,5.849999905,98.06999969,2.460000038,1.690000057,1059,153000,89.88999939,44.91999817,25.67000008,25.62000084,7.110000134,63.93999863,12.97999954,5.639999866
97.90000153,0.75999999,1.139999986,0.200000003,2.319999933,2.950000048,38.16999817,33.75999832,18.98999977,41.29999924,34.24000168,16.28000069,20.30999947,12.88000011,53380,32673,13.44999981,80.48999786,32.24000168,6.389999866,816,246100,29.20000076,54.88999939,11.93999958,41.75999832,13.53999996,65.05999756,20.02000046,6.869999886
2.289999962,14.96000004,77.91999817,0,40.36000061,62.13000107,78.25,6.289999962,12.77000046,42.95000076,13.90999985,3.710000038,4.099999905,12.64999962,26465,9761,49.5,41.36000061,19.64999962,37.36000061,573,104200,49.43999863,83.19000244,38.81000137,8.979999542,1.940000057,32.40999985,19.46999931,24.89999962
70.23000336,17.29999924,3.279999971,2.799999952,1.730000019,4.130000114,30.81999969,19.34000015,5.429999828,79.15000153,25.12000084,15.32999992,13.97999954,4.429999828,53717,22930,6.480000019,85.68000031,2.880000114,0.370000005,553,117200,20.95999908,63.97000122,25.04000092,9.289999962,2.019999981,48.38000107,22.01000023,15.92000008
89.86000061,0.479999989,5.809999943,0,3.809999943,4.840000153,26.05999947,42.65999985,4.659999847,69.23000336,44.54000092,22.48999977,9.159999847,6.5,94722,36057,0.25999999,95.30000305,0.620000005,1.99000001,1451,197900,11.77000046,66.41999817,26.45999908,19.30999947,4.199999809,66.83999634,12.72000027,6.550000191
96,0,0.680000007,1.320000052,1.75999999,2.109999895,25.92000008,31.26000023,12.57999992,68.51000214,41.40000153,7.210000038,20.45999908,13.59000015,80466,35469,1.600000024,90.77999878,6.46999979,1.809999943,739,242300,37.66999817,63.04000092,21.22999954,26.28000069,6.940000057,63.47000122,15.60999966,4.300000191
96.38999939,0,2.569999933,0.050000001,0.930000007,1.360000014,57.52999878,16.56999969,11.67000008,47.25999832,26.47999954,23.20999908,8.31000042,13.93999958,42083,18304,14.52999973,85,9.789999962,8.289999962,486,113200,67.02999878,47.40000153,25.35000038,19.12000084,8.140000343,52.84999847,18.20000076,12.15999985
69.19000244,7.210000038,22.13999939,0.879999995,18.12999916,23.93000031,49.84999847,17.62999916,9.5,80.72000122,22.47999954,4.849999905,8.25,14.55000019,42936,23307,10.57999992,50.47000122,20.01000023,51.97000122,790,123600,69.34999847,68.04000092,13.39999962,17.45999908,4.610000134,39.24000168,24.03000069,11.22999954
60.43000031,31.72999954,5.849999905,0,3.049999952,4.539999962,77.76999664,4.940000057,21.23999977,41.27000046,9.300000191,30.18000031,4.519999981,4.980000019,22967,13235,38.52999878,40.25999832,16.04000092,17.87000084,430,67700,61.79000092,68.59999847,24.42000008,22.95000076,9.279999733,26.51000023,31.46999931,30.75
84.65000153,3.049999952,7.199999809,0,47.31000137,56.38999939,21.61000061,48.29999924,17.10000038,52.72999954,46.70999908,4.059999943,3.779999971,25.89999962,48651,31480,11.85999966,34.24000168,5.829999924,89.73000336,1223,338600,81.38999939,72.12000275,10.15999985,32.45999908,16.13999939,46.90000153,26.12000084,4.039999962
93.76999664,0,1.25,0,5.110000134,5.489999771,26.65999985,46.36999893,6.409999847,70.58000183,58.97999954,19.40999985,6.059999943,16.95999908,91364,41827,5.010000229,81.81999969,3.170000076,14.02999973,875,355400,46.72999954,43.18000031,20.51000023,18.61000061,3.400000095,61.56999969,10.69999981,4.78000021
16.48999977,7.590000153,55.13000107,0,34.68999863,49.20999908,23.35000038,27.35000038,18.43000031,77.23999786,38.63999939,14.46000004,17.40999985,9.279999733,85329,26794,3.660000086,38.00999832,12.30000019,54.02999878,1760,390500,4.739999771,82.37000275,22.86000061,5.090000153,3.369999886,48.77000046,10.35000038,5.239999771
63.61000061,22.46999931,11.90999985,0,2.410000086,13.64999962,60.63999939,9,4.239999771,43.11000061,30.78000069,1.50999999,11.92000008,11.56999969,40132,13856,19.45000076,77.66999817,29.78000069,1.730000019,411,62300,48.38999939,62.70999908,14.73999977,22.63999939,8.140000343,33.79999924,34.25,16.95000076
88.98000336,0,6.849999905,0.150000006,5.110000134,11.85000038,40.41999817,17.69000053,13.72999954,60.83000183,22.54000092,21.54000092,10.77000046,6.980000019,44014,19428,13.42000008,65.04000092,4.880000114,19.25,862,185100,56.79000092,71.12999725,21.90999985,20.18000031,10.07999992,39.22000122,27.95000076,14.64999962
53.20000076,43.11000061,3.200000048,0,2.440000057,16.29999924,69.37999725,6.590000153,9.289999962,45.45000076,22.20000076,17.77000046,9.789999962,7.010000229,31680,22546,21.78000069,78.16999817,20.43000031,0,381,104000,45.25,56.34000015,26.98999977,17.54000092,7.739999771,53.61999893,20.34000015,18.18000031
93.63999939,0,0.790000021,0,10.02000046,13.92000008,14.97999954,64.51000214,4.579999924,48.84999847,58.25,10.77999973,12.10000038,27.68000031,98636,82720,0.74000001,94.91999817,4.269999981,17.36000061,1361,371500,42.24000168,53.15999985,12.88000011,42.63000107,12.07999992,63.5,17.77000046,2.589999914
70.08999634,0,21.29000092,0,11.82999992,21.32999992,38.20999908,25.93000031,7.800000191,59.22000122,33.47000122,10.05000019,12.39999962,14.97999954,67944,30674,3.670000076,77.33999634,8.590000153,5.46999979,1410,374700,31.92000008,70.27999878,23.69000053,23.71999931,8.210000038,60.20000076,19.72999954,11.06000042
78.26999664,12.48999977,5.949999809,0,0.769999981,3.309999943,54.45000076,15.75,12.77999973,46,29.35000038,8.619999886,14.19999981,2.319999933,27273,17167,30.45000076,47.97999954,22.45999908,39.61000061,507,87900,74.51999664,67.44999695,22.44000053,29.51000023,19.95999908,44.29000092,27.29999924,10.56999969
25.20999908,49.83000183,3.710000038,0,25.62999916,25.14999962,40,28.45000076,5.099999905,44.56000137,33.50999832,4.480000019,13.89999962,0,15218,17192,43.29000092,2.130000114,12.68000031,95.19000244,467,9999,80,94.23999786,5.989999771,12.47999954,3.630000114,15.03999996,26.03000069,0
89.97000122,0.540000021,1.529999971,4.610000134,0.910000026,0.930000007,61.16999817,12.23999977,12.97999954,46.72000122,31.80999947,7.03000021,13.02000046,13.11999989,46284,22165,12.34000015,78.01000214,18.95000076,1.830000043,368,65400,74.93000031,50.75999832,18.21999931,29.40999985,9.130000114,61.88000107,18.94000053,4.920000076
65.65000153,7.400000095,14.27999973,0,35.08000183,44.70999908,19.79999924,54.08000183,8.079999924,58.04000092,54.90999985,4.329999924,5.079999924,11.43999958,98482,46136,5.449999809,68.45999908,11.36999989,21.79999924,1282,635200,84.79000092,51.56999969,19.12999916,19.18000031,6.739999771,61.68999863,14.39000034,5.579999924
82.12999725,9.210000038,5.760000229,0.109999999,1.809999943,4.739999771,41.06999969,32.16999817,10.21000004,56.52000046,37.29000092,22.65999985,12.32999992,5.510000229,61411,37329,5.360000134,83.36000061,9.75,14.52999973,693,145600,51.72000122,53.61999893,21.39999962,28.42000008,12.43999958,60.61000061,15.97000027,11.44999981
62.04000092,12.81999969,23.62000084,0,25.04999924,30.45999908,40.29000092,38.93999863,7.570000172,61.27000046,37.79999924,10.59000015,4.360000134,8.380000114,46618,36386,8.600000381,42.27999878,11.43000031,68.47000122,1162,425400,85.26000214,58.63999939,10.17000008,25.13999939,9,43.54999924,24.97999954,4.190000057
85.68000031,5.690000057,2.440000057,1.029999971,2.369999886,4.599999905,39.45999908,13.26000023,8.119999886,58.79999924,30.38999939,4,18.55999947,8.979999542,66836,25575,7.71999979,90.58000183,13.05000019,0.389999986,708,162800,31.44000053,56.58000183,24.05999947,18.52000046,3.849999905,60.86999893,18.01000023,5.670000076
66.98000336,21.76000023,6.860000134,0,5.340000153,8.680000305,37.27999878,20.35000038,7.820000172,71.80999756,26.65999985,7.070000172,6.949999809,3.299999952,44183,21178,19.90999985,43.95000076,11.46000004,40.68999863,603,126300,78.73999786,74.41000366,23.18000031,15.13000011,4.28000021,35.38000107,21.29000092,26.02000046
87.68000031,5.159999847,0.360000014,0,2.690000057,5.150000095,28.62999916,44.47999954,4.579999924,61.61000061,47.15000153,16.11000061,16.11000061,10.64999962,76875,32608,9.489999771,82.34999847,6.050000191,11.64000034,651,189600,51.75999832,51,24.21999931,24.20000076,8.489999771,66.62999725,18.5,7.090000153
80.77999878,7.130000114,2.380000114,1.789999962,9.779999733,12.77999973,43.93999863,20.95999908,11.64999962,55.68999863,29.07999992,15.39999962,8.56000042,2.339999914,39602,24220,18.34000015,67.86000061,11.18999958,24.12999916,564,96400,93.70999908,46.84000015,17.32999992,24.68000031,12.43999958,48.41999817,24.98999977,13.23999977
23.12999916,75.69000244,0.370000005,0.170000002,0.270000011,1.340000033,68.23000336,8.979999542,6.03000021,47.68000031,20.88999939,10.06000042,8.020000458,1.519999981,17555,13372,30.04999924,38.61000061,26.5,31.76000023,403,98900,83.55999756,52.81000137,14.14000034,18.81999969,6.210000038,18.95999908,31.12000084,30.25
75.87999725,0.360000014,16.68000031,0,6.519999981,10.26000023,10.86999989,64.66000366,10.39000034,78.94999695,59.40000153,6.320000172,5.489999771,20.09000015,74265,58888,6.28000021,29.69000053,13.46000004,60.74000168,1407,1000001,82.94000244,75.12000275,12.86999989,21.36000061,3.920000076,47.16999817,21.62999916,5.079999924
89.61000061,3.269999981,4.610000134,1.700000048,1.25,6.170000076,63.08000183,11.81999969,13.84000015,54.43999863,16.77000046,15.10999966,8.279999733,13.03999996,36375,19831,22.61000061,70.38999939,12.02000046,0.479999989,425,68800,88.73999786,50.33000183,22.07999992,20.72999954,9.050000191,45.49000168,20.53000069,16.04000092
73.87000275,11.85000038,1.129999995,0,11.89999962,14.92000008,13.25,47.68999863,0.810000002,83.81999969,32.58000183,7.46999979,5.239999771,11.69999981,63125,30900,3.75,37.34999847,0,24.70999908,852,214900,18.37999916,77.94000244,26.19000053,6.010000229,0.829999983,43.63999939,12.80000019,24.12000084
80.26000214,1.5,15.65999985,0,2.50999999,8.130000114,22.44000053,42.24000168,9.640000343,70.44999695,48.75999832,8.069999695,7.760000229,9.569999695,72083,25638,3.289999962,72.91000366,9.079999924,0,1241,190700,5.929999828,99.04000092,45.22999954,10.78999996,1.379999995,62.15999985,18.70000076,28.82999992
44.95000076,0.50999999,18.36000061,0,62.02000046,77.38999939,57.25,25.55999947,8.140000343,49.91999817,21.01000023,3.220000029,1.460000038,3.400000095,46435,20843,16.57999992,32.15999985,5.289999962,80.37000275,1002,489500,95.37999725,65.16999817,21.20000076,15.78999996,7.389999866,55.84999847,12.43999958,6.25
80.19999695,14.21000004,0.01,0,9.359999657,11.43999958,28.04000092,45.83000183,5.880000114,70.80999756,46.84999847,18.44000053,10.78999996,6.659999847,87192,43125,1.779999971,88.84999847,6,5.53000021,789,211500,30.44000053,74.95999908,21.70999908,19.22999954,7.239999771,64.41999817,12.89000034,1.879999995
52.95999908,4.090000153,39.04000092,0.689999998,16.06999969,23.71999931,44.77000046,25.89999962,13.13000011,56.47999954,41.02000046,3.900000095,7.809999943,5.239999771,51180,31679,27.12999916,38.22999954,25.11000061,50.40999985,828,166300,68.86000061,75.51000214,19.20000076,17.40999985,4.369999886,27.04000092,24.5,21.19000053
6.949999809,79,9.5,1.169999957,26.35000038,26.72999954,51.90000153,11.72000027,18.20000076,76.5,20.5,5.909999847,5.869999886,7.010000229,39073,15278,27.30999947,47.54000092,9.890000343,32.02000046,872,149900,8.819999695,75.69000244,34.84000015,14.17000008,3.309999943,39.58000183,18.37999916,29.75
88.73000336,1.080000043,6.090000153,0,9.880000114,9.779999733,10.67000008,72.59999847,6.400000095,52.20999908,71.55000305,2.680000067,8.720000267,31,185431,109091,4.679999828,88.18000031,13.27000046,1.110000014,1576,927900,72.12000275,41.38999939,26.04000092,28.75,6.860000134,71.48000336,12.61999989,7.079999924
16.17000008,0,0.959999979,76.58000183,0.07,2.170000076,62.86999893,12.18000031,7.610000134,38.77000046,39.04000092,2.710000038,7.010000229,20.07999992,31345,14881,32.83000183,53.24000168,18.72999954,5.210000038,187,50200,81.26999664,49.36999893,31.87000084,14.39999962,3.099999905,29.92000008,19.72999954,29.65999985
82.72000122,0.730000019,10.31000042,0.310000002,5.980000019,9.609999657,38.84999847,27.54000092,7.460000038,63.24000168,32.09000015,14.23999977,6.360000134,5.849999905,76322,26659,3.930000067,92.05000305,3.549999952,7.420000076,681,188600,32.18000031,49.84999847,21.90999985,14.96000004,2.220000029,56.06999969,12.31999969,5.579999924
30.34000015,2.049999952,66.94000244,0,74.27999878,78.19000244,46.93000031,31.89999962,17.60000038,22.79000092,39.97000122,3.480000019,4.25,14.22000027,13741,22474,52.86999893,18.05999947,45.29999924,99.01999664,804,242700,88.70999908,71.23000336,11.76000023,41.38000107,22.37999916,24.71999931,43.79999924,0
10.85999966,17.5,66.58000183,0,48.36000061,73.41000366,36.47999954,35.52000046,9.470000267,71.81999969,38.54000092,9.020000458,1.899999976,6.340000153,52480,23503,8.460000038,66.04000092,10.36999989,35.08000183,1155,171500,11.35000038,71.84999847,22.20000076,17.42000008,5.179999828,49.24000168,18.61000061,20.63999939
17.01000023,54.97000122,26.45000076,0,0,25.84000015,76.94999695,4.980000019,24.79000092,37.20999908,15.90999985,1.889999986,9.850000381,26.52000046,20272,13472,39.59999847,58.45999908,24.23999977,18.53000069,230,28500,91.13999939,42.31000137,21.59000015,25.37999916,8.720000267,37.52000046,24.35000038,27.57999992
95.93000031,1.649999976,1.809999943,0.159999996,1.24000001,1.080000043,57.77000046,9.859999657,8.710000038,56.27999878,24.26000023,13.44999981,10.77999973,6.510000229,57809,23211,9.420000076,76.62000275,13.65999985,9.829999924,434,144400,38.13000107,64.43000031,25.79000092,17.97999954,4.179999828,63.93000031,16.19000053,9.130000114
0.860000014,38.56000137,57.34999847,2.980000019,46.81000137,83.06999969,91.62000275,0,14.47999954,39.29000092,4.840000153,0,1.620000005,0.829999983,15262,5953,66.62999725,18,44.20999908,26.53000069,394,82000,64.62999725,76.31999969,39.61999893,12.57999992,5.760000229,33.84000015,12.02000046,22.39999962
98.58999634,1.409999967,0,0,0.74000001,3.940000057,20.34000015,49.45999908,6.809999943,24.23999977,43.90000153,15.48999977,29.45000076,28.39999962,68390,79112,9.140000343,91.58000183,19.45000076,13.82999992,923,235400,25.51000023,58.25,2.150000095,75.90000153,47.15000153,70.61000061,20.61000061,0
97.44999695,0.610000014,0,0,5.769999981,7.139999866,30.54999924,48.25999832,4.75,59.90000153,53.18999863,10.88000011,12.06999969,9.630000114,81827,38620,2.539999962,84.33999634,27.59000015,8.350000381,974,425100,74.26999664,40.66999817,22.19000053,28.95999908,7.53000021,61.86999893,16.04999924,5.579999924
85.06999969,7.789999962,5.840000153,0,4.309999943,4.579999924,38.75999832,32.86000061,4.989999771,56.45000076,33.68000031,19.07999992,13.47999954,9.210000038,60595,30566,12.92000008,91.11000061,12.13000011,1.389999986,454,169600,47.97999954,41.59000015,21.23999977,28.54999924,8.140000343,68.01999664,11.92000008,3.190000057
56.79000092,17.81999969,12.73999977,3.380000114,12.97000027,20.27000046,38.22999954,29.78000069,8.470000267,70.09999847,35.79000092,9.489999771,8.31000042,11.82999992,55807,23886,6.579999924,84.83999634,4.21999979,0,889,134100,29.82999992,70.58000183,32.09000015,11.35999966,3.329999924,53.18000031,14.36999989,12.76000023
0.540000021,0,99.45999908,0,29.45000076,87.77999878,48.77999878,18.70000076,3.099999905,58.02000046,26.73999977,0.970000029,5.880000114,12.52999973,33363,19370,26.39999962,43.63999939,2.289999962,49.70999908,430,88500,34.79999924,59.29999924,22.81999969,14.82999992,3.660000086,30.54999924,19.53000069,39.66999817
23.18000031,51.68999863,19.81999969,0,15.21000004,20.12000084,53.81999969,14.23999977,13.88000011,73.62999725,16.87000084,9.319999695,8.760000229,3.549999952,34554,15859,27.63999939,45.22000122,17.28000069,45.00999832,507,100100,52.09999847,81.59999847,30.06999969,8.170000076,1.460000038,33.45000076,16.22999954,35.20000076
26.18000031,12.59000015,51.34000015,0,44.43000031,62.40999985,54.04999924,25.69000053,16.20999908,59.90000153,27.98999977,12.22000027,1.710000038,3.640000105,42369,21414,12,41.43999863,4.289999962,68.29000092,935,359000,95.97000122,68.94000244,22.37000084,15.68999958,5.349999905,41.58000183,16.79000092,13.84000015
48.70999908,3.069999933,4.289999962,0,33.15000153,31.36000061,18.95999908,41.22999954,5.03000021,57.43999863,38.74000168,5.789999962,14.06000042,17.07999992,51853,42556,9.93999958,46.27999878,26.34000015,99.25,1433,347600,90.16000366,84.16000366,5.980000019,34.99000168,9.399999619,45,18.81999969,7.519999981
85.52999878,0.769999981,6.769999981,1.789999962,6.550000191,11.40999985,36.79999924,18.60000038,16.85000038,59.58000183,33.52000046,8.529999733,11.55000019,15.38000011,71997,29771,4.360000134,80.52999878,3,3.039999962,1267,250200,78.11000061,54.11999893,23.77000046,18.37999916,3.650000095,52.47000122,19.81999969,6.239999771
26.27000046,20.78000069,23.54999924,0,33.65000153,43.34000015,46.40999985,17.18000031,18.29000092,45.59000015,19.88999939,4.019999981,7.380000114,6.090000153,30110,20067,24.65999985,35.49000168,14.88000011,60.65000153,734,52100,28.85000038,77.11000061,19.79000092,32.90999985,15.38000011,44.49000168,35.09999847,14.59000015
95.87000275,0.340000004,3.720000029,0,1.600000024,3.730000019,34.34999847,26.51000023,2.380000114,64.13999939,31.95000076,10.40999985,11.94999981,15.60999966,75982,32983,2.630000114,81.77999878,8.539999962,8.539999962,636,219400,48.86000061,45.68999863,25.43000031,19.73999977,3.920000076,66.73999786,13.72000027,4.929999828
58.16999817,9.020000458,11.31000042,1.169999957,12.72999954,17.37999916,48.16999817,23.12000084,19.02000046,63.54999924,30.55999947,10.02999973,13.06999969,5.25,55917,40947,25.09000015,58.36000061,8.779999733,37.31999969,615,186400,57.84999847,63.06000137,14.03999996,24.56999969,11.17000008,38.54999924,26.54000092,14.89999962
78.02999878,5.099999905,15.78999996,0,1.789999962,4.349999905,51.31999969,13.51000023,16.01000023,57.33000183,24.54999924,12.27999973,10.10999966,2.450000048,42971,18661,18.76000023,74.95999908,8.539999962,13.17000008,569,74000,88.37000275,53.54999924,22.88999939,20.69000053,5.409999847,38.29000092,24.23999977,13.40999985
90.66999817,1.220000029,5.960000038,0,5.840000153,9.18999958,32.18000031,36.25,5.420000076,70.33999634,46.74000168,12.96000004,8.199999809,7.190000057,77448,37792,4.199999809,90.36000061,9.220000267,7.28000021,644,186100,83.87000275,38.88000107,20.15999985,23.56999969,4.630000114,61.70999908,15.98999977,5.519999981
50.36000061,14.81000042,23.79000092,0,19.87000084,31.04000092,15.55000019,63.68000031,5.539999962,75.73000336,59.50999832,0,6.869999886,11.67000008,56042,48969,27.85000038,37.93999863,16.01000023,74.5,951,387500,98.73000336,81.62000275,20.37000084,6.130000114,1.279999971,28.31999969,15.57999992,30.43000031
85.93000031,0.850000024,2.450000048,0,7.610000134,6.849999905,15.56000042,43.04999924,9.380000114,63.06999969,49.22999954,17,4.659999847,11,65691,34737,11.10999966,46.86999893,5.420000076,45.45999908,769,377300,64.30999756,71.87000275,21.79000092,18.52000046,5.75,53.04999924,20.37000084,9.319999695
74.66000366,8.869999886,4.760000229,4.369999886,4.760000229,7.730000019,29.95999908,17.72999954,6.579999924,68.79000092,20.60000038,5.829999924,9.039999962,1.669999957,17017,12568,41.04000092,11.43999958,7.949999809,73.80000305,593,93000,88.34999847,90.75,19.61000061,8.93999958,0,18.5,11.97000027,54.27000046
67.15000153,0,24.51000023,1.24000001,28.01000023,43.06999969,48.68000031,17.73999977,18.03000069,55.58000183,24.77000046,13.53999996,7.400000095,8.199999809,44717,22610,12.85000038,49.22000122,7.659999847,19.54999924,919,175100,48.61999893,63.52000046,20.40999985,20.64999962,5.619999886,53.33000183,15.93999958,6.269999981
88.52999878,1.059999943,9.199999809,0,10.32999992,17.96999931,16.89999962,54.70000076,10.97999954,57.13000107,62.04000092,11.17000008,6.5,13.63000011,97622,44829,9.640000343,82.43000031,8.029999733,5.989999771,1469,322700,1.5,97.01999664,33.56999969,13.01000023,3.200000048,73.23999786,9.180000305,11.21000004
84.97000122,0.189999998,3.269999981,0.310000002,9.869999886,12.68999958,15,58.56000137,5.260000229,44.45000076,59.18999863,8.010000229,10.47999954,18.30999947,86438,41412,6.869999886,87.26000214,2.690000057,8.550000191,1382,513000,80.83000183,44.61999893,21.69000053,32.49000168,11.60000038,59.09999847,19.64999962,5.489999771
66.94999695,3.00999999,25.20000076,1.830000043,3.410000086,21.11000061,57.20999908,10.47000027,4.659999847,51.31000137,25.34000015,3.900000095,11.22000027,11.47000027,37569,24684,11.77000046,84.05000305,44.65000153,1.220000029,228,55800,66.87999725,51.91999817,23.37000084,30.04000092,7.949999809,62.79000092,20.5,8.039999962
2.420000076,92.29000092,4.110000134,0,39.72999954,9.119999886,28.48999977,33.36000061,2.109999895,66.62000275,47.75,0,9.130000114,1.840000033,85882,38856,3.980000019,71.41000366,14.57999992,71.63999939,1013,456900,81.59999847,47.43000031,27.90999985,18.95999908,2.700000048,46.34999847,11.25,11.22000027
5.650000095,91.09999847,1.110000014,0,0,1.629999995,54.86000061,13.86999989,14.80000019,48.27999878,14.14000034,19.35000038,6.480000019,1.99000001,26806,19159,24.80999947,62.43000031,27.20999908,19,579,56100,75.48000336,47.61999893,15.47999954,26.86000061,5.650000095,19.88999939,44,33.65999985
2.799999952,1.470000029,68.16000366,0,47.06000137,88.58999634,75.83000183,10.89999962,14.35000038,43.97999954,12.42000008,11.43999958,2.099999905,11.05000019,23285,10251,46.63000107,19.94000053,7.880000114,63.90999985,779,367100,63.72999954,54.88000107,26.40999985,20.92000008,8.699999809,45.66999817,12.06999969,17.56999969
40.59999847,2.50999999,45.63000107,0,18.84000015,42.33000183,41.81999969,27.05999947,13.60000038,65.15000153,34.13000107,5.420000076,6.980000019,6.369999886,73246,25902,8.720000267,68.29000092,8.600000381,29.67000008,1325,361200,69.59999847,55.08000183,25.51000023,15.44999981,4.309999943,44.70000076,17.70999908,17.52000046
88.15000153,0.379999995,7.409999847,1.100000024,7.190000057,9.380000114,47.68000031,7.400000095,16.25,45.36999893,18.04000092,11.19999981,24.20999908,9.329999924,43477,24126,9.56000042,82.59999847,16.57999992,0.49000001,825,181300,39.88000107,58.45999908,11.52000046,43.38999939,12.11999989,59.61000061,26.86000061,3.00999999
97.33000183,1.029999971,0.379999995,0.230000004,2.160000086,15.19999981,66.20999908,9.270000458,12.38000011,54.79999924,21.54000092,27.71999931,7.199999809,20.22999954,32250,12881,25.54000092,80.90000153,11.53999996,1.460000038,334,92800,50.25999832,52,33.13000107,12.81999969,4.480000019,54.13999939,19.38999939,6.809999943
97.41999817,0,0,0,3.359999895,2.109999895,4.570000172,74.97000122,7.829999924,52.06000137,71.40000153,11.47000027,7.659999847,22.63999939,176125,60602,0.680000007,96.12999725,0,0,0,503300,3.980000019,63.20000076,33.06000137,11.90999985,1.49000001,82.33000183,0,0
87.5,0.899999976,4.980000019,0,8.43999958,9.609999657,13.94999981,62.81000137,2.089999914,67.62999725,60.83000183,19.47999954,5.300000191,6.840000153,103503,45480,2.49000001,78.80999756,5.090000153,20.55999947,859,230100,18.04999924,67.63999939,31.07999992,10.09000015,1.789999962,65.06999969,11.57999992,9.619999886
50.13999939,22.47999954,22.13999939,0.230000004,15.94999981,23.21999931,64.87000275,8.430000305,19.97999954,54.50999832,23.87000084,17.79000092,11.60999966,8.989999771,26224,14629,48.11000061,44.59999847,18.87999916,14.27000046,574,59100,91.29000092,64.81999969,31.30999947,11.72999954,3.339999914,33.40999985,26.77000046,16.35000038
96.36000061,0,0.680000007,0,3.640000105,3.900000095,37.36999893,26.04999924,12.34000015,60.06000137,24.79999924,3.930000067,8.420000076,16.72999954,44538,25458,25.37000084,67.84999847,70.87999725,21.89999962,913,301600,91.15000153,57.77000046,23.19000053,20.71999931,8.720000267,41.41999817,27.39999962,14.98999977
86.70999908,5.380000114,4.150000095,0,5.929999828,6.699999809,14.11999989,62.29000092,2.470000029,59.24000168,61.65999985,6.840000153,12.53999996,15.11999989,91944,48269,3.109999895,88.37000275,7.309999943,15.80000019,1082,233300,65.37999725,60.18000031,18.63999939,28.45000076,6.760000229,65.87000275,14.52999973,0.730000019
89.01999664,1.220000029,1.25,0,7.829999924,7.949999809,16.21999931,52.52999878,2.869999886,44.59999847,58.97999954,6.579999924,11.14000034,12.61999989,109375,65487,2.369999886,96.91999817,1.049999952,0.959999979,1865,400500,57.79999924,33.13000107,19.05999947,31.31999969,7.090000153,72.98999786,11.10000038,0.810000002
42.88999939,2.940000057,22.81999969,0,22.02000046,30.77000046,44.93999863,23.10000038,15.22000027,73.04000092,25.29999924,2.200000048,6.679999828,4.829999924,64844,28038,11.48999977,51.20000076,4.429999828,39.43000031,1046,158300,0,85,18.35000038,8.770000458,2.619999886,46.04999924,19.20000076,12.68999958
32.52999878,1.50999999,55.43999863,7.539999962,33.43000031,54.88999939,70.26000214,12.17000008,8.68999958,62.13000107,15.63000011,19.37000084,8.800000191,3.190000057,48233,18052,19.20000076,70.41999817,10.67000008,13.30000019,542,77000,92.65000153,62.77999878,29.97999954,11.61999989,2.24000001,44.95999908,20.82999992,13.15999985
89.77999878,1.25,7.039999962,0.25,1.470000029,7.269999981,53.56000137,9.159999847,6.590000153,50.45999908,14.90999985,15.43999958,14.23999977,9.31000042,39769,19708,10.22999954,60.25999832,2.950000048,22.95000076,355,84400,72.06999969,60.34999847,18.15999985,31.34000015,15.51000023,49.29000092,27.11000061,18.72999954
80.01999664,6.050000191,8.399999619,0,14.61999989,15.14999962,48.45000076,13.52000046,13.61999989,63.83000183,19.51000023,5.659999847,19.32999992,10.60000038,46779,21747,11.21000004,66.12000275,19.73999977,14.88000011,681,116300,27.28000069,85.51000214,23.97999954,26.01000023,10.65999985,46.81999969,23.90999985,12.76000023
58.75999832,3.589999914,36.15000153,0,8.399999619,27.20999908,13.34000015,59.54000092,7.559999943,55.41999817,64.06999969,7.730000019,15.31000042,13.63000011,74597,40979,6.960000038,82.91999817,7.679999828,13.85000038,670,184300,85.37000275,45.54000092,19.48999977,30.86000061,12.27000046,61.25999832,21.70999908,1.870000005
68.58999634,7.630000114,14.14000034,0.039999999,9.130000114,14.27000046,28.37000084,32.15999985,3.650000095,68.54000092,38.59000015,9.800000191,7.53000021,10.48999977,63179,38176,8.159999847,45.22000122,11.5,51.41999817,922,136300,16.62999916,74.69000244,25.18000031,11.55000019,2.700000048,47.95999908,19.57999992,8.720000267
81.16000366,0.579999983,14.88000011,0.460000008,11.03999996,16.38999939,36.25999832,32.54000092,3.099999905,62.22000122,38.25,8.93999958,9.659999847,23.72999954,66324,30336,4.920000076,77.91000366,7.630000114,9.159999847,636,390400,42.75,62.81000137,23.23999977,21.19000053,8.56000042,59.93999863,20.18000031,6.380000114
45.72000122,50.97999954,2.549999952,0,1.299999952,3.400000095,42.81000137,24.29000092,17.17000008,56,50.52999878,7.889999866,6.880000114,12.17000008,40714,21755,19.85000038,61.56000137,13.89000034,17.06999969,348,87900,82.93000031,59.22999954,21.20000076,16.37999916,8.979999542,27.57999992,30.04999924,26.62999916
86.88999939,0.409999996,8.890000343,0,7.480000019,10.48999977,49.45000076,10.97999954,12.15999985,42.38000107,25.04000092,1.830000043,21.29000092,24.02000046,43413,24389,8.989999771,80.58999634,33.63000107,0.850000024,808,211900,13.71000004,72.38999939,15.65999985,41.27999878,13.73999977,60.59999847,24.14999962,4.980000019
0,0,0,0,0,0,0,0,0,0,0,0,0,0,0,0,0,0,0,0,0,0,0,0,0,0,0,0,0,0
44.70999908,3.940000057,44.24000168,0,8.840000153,24.39999962,24.87000084,42.54000092,7.110000134,74.76999664,50.38999939,3.069999933,17.30999947,9.420000076,89226,27586,3.089999914,90.59999847,7.360000134,0,1087,169500,0.540000021,82.80000305,35.84999847,7.070000172,2.289999962,56.22000122,19.35000038,10.48999977
55.36000061,37.24000168,0.899999976,0,2.279999971,2.910000086,67.55000305,10.03999996,18.29000092,51.81999969,20.98999977,5.789999962,7.329999924,7.519999981,19010,20181,39.83000183,30.25,14.81000042,46.52000046,378,46800,74.62000275,62.54999924,26.38999939,20.29000092,7.300000191,21.02000046,24.56999969,36.95000076
88.87000275,6.980000019,3.799999952,0,0.769999981,7.489999771,32.58000183,28.43000031,5.820000172,68.87000275,35.65999985,17.17000008,9.720000267,6.96999979,63725,27609,12.57999992,83.05000305,0,14.26000023,557,138200,14.60000038,77.59999847,29.20999908,16.18000031,5.369999886,58.95000076,20.73999977,19.78000069
94.16000366,2.339999914,1.460000038,0,1.340000033,4.929999828,33.66999817,35.81999969,7.46999979,64.41000366,47.50999832,13.19999981,12.93999958,7.920000076,51384,29128,16.72999954,70.02999878,5.409999847,16.87999916,565,145100,94.90000153,58.70000076,15.55000019,18.40999985,7.130000114,43.95999908,26.20999908,10.44999981
64.04000092,5.739999771,4.940000057,0,23.10000038,21.54999924,11.46000004,62.79999924,2.960000038,72.01000214,63.47000122,3.089999914,7.929999828,7.840000153,146538,55373,0.439999998,91.51999664,0,4.239999771,1866,456800,3.380000114,65.01000214,26.96999931,10.11999989,2,68.12000275,12.88000011,4.650000095
97.15000153,0,0.699999988,0,1.110000014,1.789999962,43.86999893,22.47999954,7.619999886,71.94000244,33.86999893,10.23999977,11.94999981,7.360000134,57228,26729,9.090000153,86.36000061,6.25,13.35000038,517,141600,58.09999847,63.13000107,23.57999992,16.39999962,3.130000114,53.38999939,17.44000053,8.489999771
94.86000061,0,3.069999933,1.269999981,1.269999981,4.239999771,45.83000183,18.10000038,5.239999771,57.5,34.06999969,11.78999996,9.579999924,18.28000069,53935,29257,10.22999954,84.97000122,10.01000023,7.989999771,410,103200,77.73999786,34.31999969,19.17000008,26.90999985,10.27999973,57.90999985,18.22999954,5.510000229
86.77999878,5.260000229,0.680000007,0.330000013,1.190000057,1.360000014,65.48999786,5.96999979,11.28999996,58.29999924,13.30000019,12.01000023,12.69999981,6.570000172,31991,16056,30.20999908,58.34999847,9.529999733,23.87000084,509,91000,87.51999664,63.43999863,28.67000008,16.55999947,4.619999886,33.66999817,29.35000038,34.90000153
98.48000336,0,0.330000013,0,0.889999986,2.319999933,49.77999878,16.71999931,15.67000008,59.95000076,24.68000031,3.579999924,15.84000015,14.81000042,46856,26596,11.10999966,82.75,72.23999786,2.529999971,500,178800,42.15000153,49.31999969,14.90999985,31.53000069,5.659999847,59.58000183,23.45000076,7.170000076
97.11000061,0,1.269999981,0.230000004,1.75999999,1.909999967,34.54999924,34.38000107,3.24000001,68.13999939,42.25,19.95000076,8.699999809,9.739999771,66496,31305,4,81.20999908,6.570000172,7.5,510,178800,44.90000153,61.27000046,28.12999916,20.09000015,6.679999828,68.30999756,10.92000008,4.489999771
90.20999908,0,2.640000105,4.630000114,1.5,4.360000134,32.27000046,30.82999992,10.09000015,54.38999939,44.27999878,0.860000014,16.15999985,15.73999977,57927,23074,14.52000046,82.5,81.94999695,4.400000095,1056,258000,35,52.11999893,21.71999931,26.52000046,5.230000019,58.58000183,17.19000053,3.119999886
13.68000031,28.94000053,51.93000031,0.100000001,27.30999947,52.49000168,68.77999878,7.019999981,9.369999886,63.59999847,16.5,11.35999966,6.659999847,8.409999847,47639,15342,15.97999954,53.79999924,10.38000011,31.68000031,661,95300,36.08000183,85.41999817,37.40000153,5.78000021,1.75999999,49.36999893,15.27999973,23.12999916
72.97000122,0,4.730000019,0,29.04999924,28.37999916,26.23999977,60.99000168,0,65.44999695,65.59999847,29.60000038,0,5.599999905,99219,89838,0.680000007,3.359999895,47.34999847,98.23000336,1188,0,36.27999878,81.51000214,2.029999971,9.460000038,0,43.91999817,26.35000038,0
96.38999939,0,3.480000019,0,3.480000019,3.710000038,76.76999664,2.420000076,20.56999969,38.08000183,23.05999947,25.52000046,7.699999809,3.019999981,38958,17300,29.59000015,75.68000031,29.97999954,0,267,82700,57.54999924,59.25,19.87999916,19.95000076,2.559999943,53.11000061,17.94000053,10.27999973
1.090000033,0,98.68000031,0,47.09999847,95.93000031,78.41999817,3.410000086,18.04999924,59.68000031,12.65999985,22.97999954,0.239999995,1.789999962,32109,11051,34.93999863,18.82999992,2.079999924,51.81999969,847,385500,84.41999817,66.05000305,34.13999939,5.659999847,0.74000001,35.90999985,11.43000031,28.56999969
97.72000122,0,2.039999962,0,6.53000021,9.5,46.93000031,23.89999962,5.96999979,41.38000107,40.33000183,18.86000061,13.35000038,14.05000019,52708,28385,6.199999809,75.5,5.809999943,39.97000122,923,285000,65.76000214,50.36000061,15.43999958,40.77000046,16.57999992,53.70000076,25.45999908,0.709999979
78.41000366,12.73999977,4.389999866,0,3.49000001,3.839999914,44.33000183,27.97999954,8.229999542,59.93999863,33.34999847,16.04000092,11.68000031,12.82999992,66611,28660,6.21999979,88.12999725,19.87000084,4.190000057,891,161900,13.98999977,67.55000305,24.90999985,17.94000053,4.03000021,66.23000336,13.97000027,5.579999924
40.61999893,35.15000153,10,0,17.89999962,21.27000046,54.15000153,17.42000008,14.85999966,68.70999908,16.31999969,27.97999954,7.869999886,7.760000229,40383,18868,20.87000084,53.36999893,5.409999847,48.09000015,592,127100,75.22000122,71.13999939,24.06999969,13.35000038,3.859999895,40.63999939,26.04000092,23.78000069
98.12999725,0.119999997,1.74000001,0,4.110000134,4.349999905,49.31000137,23.52000046,1.75,66.88999939,29.25,16.64999962,10.39999962,6.96999979,58357,29744,10.69999981,78.73000336,13.39000034,15.93999958,523,122600,92.41999817,49.77000046,23.57999992,21.95999908,9.630000114,58.09999847,19.37999916,7.739999771
65.5,0.460000008,0.870000005,23.65999985,1,2.25,59.40000153,10.72000027,10.06000042,44.84999847,24.10000038,21.42000008,8.100000381,11.98999977,31442,17193,28.90999985,58.06000137,12.77999973,9.729999542,395,73000,72.56999969,73.38999939,22.87999916,20.64999962,7.75,50.18999863,25.35000038,17.37999916
16.62000084,78.80999756,2.529999971,0,3.150000095,4.360000134,51.61999893,22.90999985,13.93999958,63.40000153,22.67000008,13.06000042,14.39999962,5.920000076,34082,22457,11.63000011,54.54999924,3.569999933,38.06999969,485,120000,75.26000214,66.26999664,26.97999954,19.95999908,2.880000114,37.52000046,22.80999947,20.96999931
35.15999985,64.26000214,0.090000004,0,0.300000012,0.319999993,64.16000366,7.139999866,17.52000046,33.93000031,22.93000031,8.409999847,2.339999914,3.539999962,12831,12475,44.06999969,43.68000031,19.51000023,32.41999817,280,53200,49.79000092,61.11999893,20.63999939,26.67000008,14.18999958,26.34000015,35.04999924,34.50999832
14.97000027,62.90999985,16.69000053,0.219999999,15.25,25.12999916,33.79999924,38.13999939,19.04000092,67.76000214,43.38000107,0,3.849999905,7.75,37255,31385,23.42000008,19.62000084,14.84000015,90.09999847,881,763100,85.41000366,65.55999756,19.36000061,13.68999958,3,22.09000015,18.23999977,40.43000031
76.52999878,0,17.90999985,3.539999962,2.529999971,13.51000023,35.88000107,29.06999969,5.369999886,66.61000061,47.00999832,0,13.26000023,21.19000053,36952,23741,14.93999958,56.43999863,0,33.15999985,617,186900,59.25999832,57.66999817,26.93000031,26.05999947,8.739999771,58.66999817,19.87000084,4.699999809
95.98999786,0.74000001,0.709999979,1.25,1.450000048,3.269999981,58.63000107,8.25,8.140000343,61.84999847,21.72999954,14.5,14.07999992,15.42000008,45204,21139,12.30000019,90.76000214,25.89999962,0,511,156500,48.09000015,50.5,23.42000008,23.42000008,5.409999847,58.20000076,19.05999947,6.699999809
96.73999786,2.910000086,0,0,1.090000033,3.400000095,32.16999817,39.36000061,6.449999809,56.11000061,47.22000122,10.42000008,11.60999966,10.47000027,65147,36369,8.180000305,84.27999878,6.409999847,23.82999992,525,190200,65.40000153,51.20000076,25.48999977,30.27000046,11.44999981,61.56999969,19.12999916,7.329999924
59.52000046,13.27999973,19.61000061,0,23.79999924,48.36999893,74.66999817,6.829999924,26.87000084,56.20000076,13.60999966,15.73999977,4.5,0,24420,18196,28.20999908,16.68000031,18.32999992,94.77999878,603,219500,92.79000092,70.59999847,22,23.44000053,7.019999981,26.63999939,32.59999847,30.04000092
72.97000122,12.93999958,10.89000034,0,6.090000153,18.73999977,67.93000031,11.61999989,14.19999981,50.97999954,26.54000092,17.12000084,12.22999954,6.170000076,39122,20174,13.72000027,82.01999664,10.48999977,4.840000153,505,77200,91.68000031,46.27999878,18.39999962,33.22000122,12.22999954,47.34000015,23.70000076,14.44999981
67.91000366,9.529999733,10.09000015,0,16.01000023,23.95999908,13.32999992,64.80000305,6.039999962,47.65999985,55.18999863,4.039999962,7.449999809,18.06999969,98250,54973,4.699999809,75.95999908,8.119999886,18.61000061,785,437200,11.92000008,60.77000046,22.95999908,19.10000038,2.160000086,62.25,12.93000031,5.769999981
97.95999908,0,0.370000005,0,1.169999957,2.039999962,59.29000092,14.18999958,5.369999886,54.11999893,34.68999863,14.85000038,15.36999989,5.210000038,35268,21150,16.70999908,73.08999634,14.65999985,9.149999619,423,86700,51.09000015,48.52000046,21.52000046,27.20000076,7.489999771,57.65999985,24.44000053,13.89000034
93.06999969,1.549999952,3.220000029,0,2.309999943,5.789999962,59.5,17.77000046,11.39000034,59.47999954,26.11000061,14.18000031,12.31999969,11.53999996,45486,23779,15.60999966,69.86000061,5.840000153,37.40999985,623,169600,88.26000214,55.00999832,21.07999992,21.26000023,6.929999828,38.95000076,25.77000046,21.88999939
71.12999725,20.5,4.78000021,0.409999996,0.129999995,3.150000095,68.87999725,5.050000191,14.53999996,52.20999908,12.59000015,25.27000046,7.75,5.5,29745,12075,26.15999985,60.52000046,9.409999847,29.52000046,587,64900,59.34000015,56.02999878,17.25,16.11000061,7.630000114,27.62999916,30.23999977,31.43000031
73.13999939,14.5,5.46999979,0,7.489999771,9.760000229,59.81999969,23.34000015,13.21000004,58.20000076,23.87999916,2.890000105,3.609999895,0,27332,12502,34.31000137,33.54000092,18.47999954,47.93999863,524,147200,82.15000153,67.23000336,14.35000038,12.43999958,5.099999905,10.60000038,16.64999962,33.86000061
82.27999878,7.269999981,5.860000134,0.090000004,2.799999952,6.5,25.09000015,40.06000137,6.659999847,79.38999939,45.93999863,9.31000042,11.35999966,10.40999985,91111,38393,2.539999962,91.59999847,2.670000076,2.619999886,834,167600,8.659999847,76.70999908,32.11999893,7.78000021,1.870000005,66.83000183,10.23999977,12.93999958
58.79000092,4.940000057,15.23999977,0.709999979,33.06000137,35.52000046,18.77000046,61.31999969,3.339999914,72.48999786,61.13999939,3.039999962,8.279999733,8.470000267,107083,43114,3.849999905,89.16999817,5.289999962,0,1814,385500,52.33000183,49.33000183,20.81999969,18.59000015,4.260000229,57.97000122,14.39999962,7.269999981
94.13999939,0.75999999,1.629999995,0,7.420000076,9.529999733,19.29000092,60.72000122,7.789999962,56.54000092,63.04000092,18.65999985,8.180000305,14.56000042,92800,50526,2.109999895,92.87999725,1.110000014,5.809999943,943,247300,37.40999985,56.75,28.54000092,22.81999969,6.96999979,71.87999725,12.67000008,2.470000029
98.98000336,0.200000003,0,0,0,0,89.12000275,4.260000229,12.53999996,28.07999992,5.610000134,7.619999886,7.340000153,13.22999954,22083,10186,44.09000015,78.41000366,18.97999954,3.470000029,244,47200,43.54999924,52.36999893,25.61000061,13.46000004,2.980000019,42.47999954,23.53000069,19.78000069
94.01999664,0.029999999,5.360000134,0.340000004,3.50999999,4.420000076,20.81999969,55.68999863,7.300000191,51.66999817,56.36999893,15.17000008,15.77000046,19.89999962,85227,56919,3.960000038,67.05000305,14.47000027,27.30999947,1167,476100,64.27999878,55.24000168,14.72999954,36.63999939,16.15999985,53.09999847,21.44000053,6.5
49.00999832,43.15999985,4.239999771,0.939999998,0.400000006,1.629999995,52.63000107,17.89999962,14.60999966,45.52000046,27.26000023,30.95000076,10.26000023,4.929999828,32917,20706,22.27000046,71.37000275,9.140000343,1.100000024,290,70500,72.51999664,53.5,19.30999947,24,10.65999985,54.68000031,20.84000015,9.81000042
2.339999914,96.94999695,0.159999996,0,0.74000001,2.710000038,58.77999878,11.76000023,19.62999916,42.66999817,16.96999931,9.75,11.64999962,6.150000095,21176,15524,38.11000061,59.18000031,14.38000011,16.75,511,79800,95.84999847,49.61999893,25.92000008,23,11,25.75,33.02000046,31.28000069
73.87000275,13.64999962,1.179999948,5.139999866,8.68999958,11.89000034,25.84000015,44.54000092,10.63000011,59.72000122,32.45999908,1.850000024,2.589999914,3.50999999,14102,7843,51.11999893,6.139999866,14.97000027,92.86000061,486,137500,79.80999756,90.62999725,5.639999866,0.680000007,0.360000014,5.369999886,4.800000191,20.98999977
9.630000114,17.07999992,55.06000137,0.170000002,41.70000076,55.02000046,51.25,19.46999931,10.17000008,70.20999908,20.87000084,13.51000023,4.53000021,7.670000076,42775,18549,23.65999985,12.38000011,0.850000024,70.5,1028,323300,75.06999969,79.91999817,29.45999908,10.96000004,2.079999924,39.34999847,16.80999947,26.14999962
1.49000001,0,98.51000214,0,33.77000046,93.94000244,64.05999756,14.43999958,2.519999981,46.68999863,23.89999962,0,3.210000038,8.140000343,28065,12932,44.97999954,52.20999908,5.559999943,30.72999954,569,86700,47.40000153,54.59999847,30.61000061,14.98999977,4.650000095,28.5,42.40000153,31.27000046
83.40000153,1.399999976,2.190000057,0.879999995,6.510000229,12.21000004,53.06000137,14.47999954,16.45000076,55.5,26.05999947,29.77000046,8.43999958,9.329999924,43164,18967,11.85000038,74.01999664,14.60000038,1.809999943,397,118800,42.43999863,47.61999893,22.92000008,21.79000092,5.239999771,56.54000092,14.46000004,10.36999989
86.37999725,4.139999866,1.129999995,0.090000004,2.039999962,6.460000038,63.65999985,10.40999985,21.37999916,47.29999924,28.42000008,13.56999969,11.35999966,11.02000046,28897,18430,24.12000084,49.95999908,14.61999989,46.86000061,522,86400,68.51000214,75.75,17.10000038,20.87000084,4.889999866,35.72000122,31.30999947,15.86999989
91.19000244,0.25,0.289999992,0.319999993,0.629999995,0.029999999,71.33000183,14.40999985,8.670000076,45.68999863,26.09000015,8.470000267,9.430000305,10.35000038,38640,20731,20.43000031,85.87000275,20.45000076,5.75,405,77100,59.77999878,47.74000168,25.46999931,25.05999947,9.630000114,49.88000107,23.38999939,11.15999985
95.79000092,0.330000013,3,0.059999999,1.539999962,4.349999905,51.83000183,15.31000042,5,62.45000076,30.64999962,19.88999939,12.59000015,17.40999985,52733,25435,11.02000046,74.29000092,8.279999733,5.309999943,394,97400,74.90000153,44.29000092,24.54999924,28.04999924,10.53999996,61.27999878,19.98999977,4.099999905
83.80000305,7.050000191,2.819999933,0,6.170000076,7.550000191,40.68999863,23.31999969,11.64999962,64.26000214,31.97999954,4.260000229,7.96999979,4.820000172,44926,20314,16.54000092,61.56999969,6.380000114,43.66999817,619,82400,100,57.81000137,20.93000031,21.79999924,8.829999924,36.45999908,17.02000046,11.22000027
82.91999817,0,0.939999998,10.80000019,0.529999971,2.569999933,55.45999908,15.65999985,4.300000191,35.29000092,26.82999992,13.59000015,18.23999977,22.38999939,39508,22064,18.22999954,85.91000366,31.88999939,0.100000001,432,115400,37.65999985,65.87000275,21.79999924,37.61999893,9.390000343,60.77000046,24.79000092,6.429999828
34.75999832,13.46000004,37.09000015,1.590000033,33.77999878,43.95999908,56.22999954,23.31999969,11.59000015,59.29999924,24.94000053,3.359999895,11.35999966,7.309999943,34446,19917,12.44999981,18.95000076,29.86000061,83.43000031,799,94100,50.5,85.86000061,17.75,15.30000019,8.630000114,44.95000076,15.77999973,9.979999542
84.97000122,5.639999866,3.890000105,0.689999998,7.429999828,9.579999924,24.11000061,48.56999969,5.179999828,73.77999878,49.49000168,12.22000027,7.329999924,11.31000042,120938,49146,2.24000001,90.5,16.29999924,1.970000029,2001,433800,71.75,50.15000153,26.42000008,13.73999977,2.019999981,63.99000168,12.26000023,4.550000191
92.63999939,1.960000038,3.700000048,0,6.559999943,5.369999886,26.67000008,53.27999878,12.77000046,54.90999985,41.38999939,5.46999979,13.09000015,22.42000008,54727,39964,8.859999657,43.22999954,27.40999985,59.88999939,1084,536600,86.31999969,74.02999878,8.680000305,35.88999939,18.13999939,38.09999847,23.65999985,12.18000031
71.26000214,1.570000052,22.64999962,0.25999999,8.609999657,18.42000008,42.75,20.95000076,9.159999847,61.47000122,27.72999954,5.940000057,12.77999973,11.11999989,55789,33583,10.67000008,47.61999893,8.529999733,43.59999847,1158,410900,41.38000107,72.15000153,23.29000092,20.85000038,4.639999866,55.86999893,21.26000023,12.78999996
79.02999878,6.980000019,8.930000305,0.790000021,5.760000229,11.10999966,22.43000031,50.11000061,6.139999866,72.29000092,58.56999969,6.289999962,7.260000229,8.420000076,55270,31022,8.289999962,77.54000092,6.199999809,22.42000008,595,156100,98.61000061,61.41999817,22.29000092,13.10999966,3.910000086,43.86000061,18.14999962,16.63999939
16.98999977,4.550000191,69.68000031,0,32.02999878,63.88000107,52.59000015,13.68000031,9.659999847,57.58000183,28.18000031,12.92000008,8.590000153,6.659999847,82014,22944,10.48999977,63.99000168,0,18.94000053,1344,382300,36.47000122,72.94999695,28.14999962,10.75,2.869999886,46.04999924,12.11999989,6.079999924
18.28000069,80,0,0.469999999,0.469999999,0.870000005,63.34999847,17.09000015,23.18000031,48.40000153,19.5,9.239999771,7.510000229,11.43000031,26467,14553,38.84999847,30.51000023,15.85999966,63.65000153,572,153500,88.23999786,75.63999939,31.35000038,16.51000023,5.619999886,14.07999992,25.37999916,42.86000061
83.93000031,1.379999995,11.73999977,0,6.389999866,13.63000011,61.5,17.78000069,10.03999996,57.77999878,34.75,4.190000057,12.82999992,18.27000046,57235,22909,16.97999954,84.20999908,9.979999542,0.75999999,347,262800,25.25,63.31000137,25.03000069,19.87000084,3.690000057,57.09999847,15.60000038,4.639999866
9.699999809,1.419999957,71.40000153,0,55.77999878,86.88999939,64.02999878,18.52000046,22.05999947,47.97000122,17.04999924,7.139999866,2.369999886,22.40999985,31917,15250,24.19000053,38.50999832,1.559999943,49.15999985,730,389900,76.02999878,55.72000122,23.12999916,16.04999924,3.980000019,45.88000107,16.63999939,9.930000305
78.59999847,4.230000019,2.470000029,0,14.14000034,17.26000023,9.960000038,67.29000092,6.159999847,64,66.06999969,5.059999943,7,10.73999977,59103,32073,12.38000011,54.11000061,6.510000229,48.11000061,774,171600,61.97999954,69.38999939,21.56999969,17.52000046,4.889999866,47.36000061,16.17000008,7.5
86.34999847,0,12.56000042,0.129999995,3.480000019,9.359999657,37.27999878,21.32999992,6.789999962,59.29000092,32.84999847,2.549999952,10.06000042,18.77000046,47763,20242,6.760000229,79.45999908,16.22999954,4.559999943,373,102900,79.27999878,57.77000046,27.20000076,21.63999939,7.059999943,58.68000031,17.61000061,6.090000153
71.15000153,1.029999971,15.02000046,0,14.82999992,20.64999962,17.59000015,47.00999832,10.14999962,56.47999954,53.13000107,10.67000008,10.82999992,13.5,78177,32103,9.720000267,76.52999878,3.180000067,11.47000027,1445,441400,7.489999771,71.52999878,27.79000092,17.21999931,7.130000114,60.06000137,13.68999958,9.020000458
28.89999962,3.079999924,65.25,0,22.56999969,58.25,70.26999664,12.06000042,3.480000019,46.93000031,29.5,6.630000114,2.289999962,15.93999958,47633,16749,21.79999924,64.20999908,34.04000092,3.75,441,56400,80.33999634,47.47000122,31.76000023,12.31000042,5.800000191,52.13000107,17.44000053,17.31999969
66.81999969,13.64000034,12.46000004,0,6.920000076,15.15999985,44.40999985,24.87000084,3.720000029,71.47000122,29.27000046,3.200000048,11.48999977,9.43999958,39077,24399,14.64000034,31.67000008,3.420000076,58.13999939,659,306400,67.97000122,74.01000214,28.87000084,11.42000008,3.359999895,40.15000153,22.06999969,28.03000069
92.37000275,3.74000001,0.769999981,0.730000019,3.630000114,5.400000095,24.78000069,41.38000107,5.550000191,56.06999969,54.15000153,7.099999905,13.01000023,16.03000069,82957,39086,2.269999981,97.70999908,8.06000042,0,855,254100,30.73999977,53.06000137,24.05999947,24.26000023,4.639999866,70.58000183,9.180000305,2.710000038
98.43000031,0,0.699999988,0,4.489999771,4.389999866,13.75,56.02999878,1.360000014,68.01999664,56.52999878,9.579999924,14.21000004,18.53000069,124306,55524,0.75999999,97.66999817,1.960000038,0,0,542700,9.789999962,68.88999939,26.13999939,15.80000019,6.820000172,74.09999847,7.289999962,2.980000019
90.36000061,1.409999967,1.070000052,0,7.869999886,7.610000134,10.89000034,64.69000244,3.640000105,53.63999939,58.45999908,11.14999962,9.029999733,20.57999992,134722,65801,3.450000048,89.87999725,3.359999895,5.179999828,594,342300,36.41999817,44.56000137,20.95000076,25.92000008,5.25,74.16000366,8.989999771,4.849999905
85.12000275,5.320000172,5.900000095,0.219999999,10.30000019,17,43.22999954,22.87999916,7.130000114,64.15000153,30.71999931,13.90999985,13.90999985,4.599999905,52000,26696,4.539999962,75.40000153,10.19999981,27.42000008,757,207000,98.12000275,48.34000015,20.77000046,23.77000046,7.519999981,55.49000168,20.18000031,13.32999992
73.05000305,0.730000019,21.76000023,4.090000153,5.929999828,10.60999966,48.63000107,17.98999977,7.460000038,67.06999969,23.5,0.579999983,7.21999979,7.139999866,56548,24984,7.849999905,69.22000122,30.79000092,6.599999905,532,164300,60.09000015,51.75,25.95999908,19.23999977,4.929999828,62.97000122,19.18000031,4.130000114
1.210000038,96.51000214,0.300000012,0,1.970000029,2.619999886,69.51999664,11.71000004,27.62000084,45.84999847,27.43000031,2.779999971,7.949999809,2.079999924,18113,10936,47.38999939,48.68999863,27.95000076,18.04999924,350,40400,82.38999939,45.04999924,31.30999947,24.55999947,9.779999733,5.860000134,41.63999939,47.16999817
89.83999634,5.670000076,1.429999948,0,2.859999895,4.019999981,43.04000092,35.18999863,4.920000076,69.58999634,38.56999969,7.710000038,7.119999886,6.989999771,40599,27406,3.799999952,68.30999756,10.31999969,19.96999931,514,116200,80.88999939,68.73999786,13.71000004,22.94000053,8.699999809,45.95999908,29.19000053,10.02999973
81.98000336,7.230000019,1.25999999,0,7.75,9.270000458,54.18000031,9.479999542,10.77999973,53.00999832,26.31999969,14.32999992,11.94999981,5.300000191,30878,17124,14.85999966,48.06999969,9.079999924,37.40000153,538,95100,78.84999847,65.62999725,17.45999908,27.04999924,10.93000031,43.43000031,32.02999878,9.800000191
82.47000122,4.639999866,0.860000014,0,17.87000084,17.90999985,7.139999866,75.29000092,9.06000042,63.34999847,63.06000137,7.550000191,4.900000095,3.99000001,66684,35686,8.789999962,62.88000107,1.980000019,38.45999908,822,213500,76.87000275,58.00999832,18.86000061,19.82999992,8.270000458,52.72999954,13.43000031,2.589999914
87.08999634,1.190000057,3.920000076,0,15.77000046,18.70000076,37.04000092,28.79000092,8.479999542,56.5,37.52999878,5.840000153,11.60000038,9.130000114,53996,41128,7.170000076,52.97000122,11.89999962,77.16999817,1039,341400,81.51999664,61.02999878,14.02999973,29.35000038,10.72999954,47.49000168,25.63999939,8.180000305
68.68000031,16.11000061,8.210000038,0.239999995,4.429999828,8.600000381,53.81999969,20.62999916,6.239999771,55.90999985,18.5,16.89999962,5.199999809,3.210000038,22583,16130,35.77000046,14.84000015,12.18999958,84.31999969,430,72700,97.05999756,79.88999939,24.47999954,14.84000015,4.260000229,16.23999977,33.18000031,44.25
78.01000214,13.22000027,3.640000105,0.360000014,5.820000172,7.510000229,35.49000168,39.49000168,10.47999954,60.90999985,33.75,9.770000458,4.159999847,6.659999847,24988,14865,40.59999847,27.47999954,17.35000038,66.45999908,619,98400,30.46999931,77.55000305,8.319999695,12.09000015,3.619999886,23.69000053,11.43999958,5.190000057
7.460000038,85.40000153,4.03000021,0,5.03000021,4.389999866,34.00999832,26.72999954,13.06000042,67.69000244,36.75999832,4.139999866,9.380000114,4.139999866,43481,21423,11.44999981,59.90000153,12.94999981,20.90999985,653,143700,97.68000031,55.93000031,28.56999969,18.75,4.130000114,30.12000084,26.64999962,38.45000076
92.33000183,0.970000029,2.799999952,0,8.590000153,9.909999847,35.86999893,37.38999939,5.440000057,61.93000031,42.99000168,24.62999916,11.73999977,6.409999847,74313,34091,3.279999971,92.41999817,8.220000267,0,620,188800,40.04000092,58.04000092,23.86000061,19.34000015,6,63.02000046,16.87999916,2.75999999
90.01000214,0,5.210000038,0,3.319999933,4.369999886,21.37000084,52.56000137,6,61.16999817,54.65000153,13.34000015,12.72999954,14.61999989,92083,37037,1.350000024,74.16999817,14,4.320000172,1132,411800,91.62000275,54.16999817,26.42000008,23.06999969,5.760000229,72.13999939,10.81999969,3.880000114
73.76999664,1.840000033,21.48999977,0,13.18999958,18.11000061,32.36000061,33.79000092,10.64999962,62.15000153,41.79999924,10.97999954,10.96000004,11.56000042,60143,31941,14.10999966,54.25999832,5.340000153,41.90000153,914,331700,21.97999954,67.48000336,26.68000031,18.87999916,7.010000229,53.41999817,18.07999992,17.56999969
71.22000122,2.930000067,16.67000008,3.029999971,10.31000042,17.69000053,39.18000031,17.62000084,10.09000015,69.31999969,30.31999969,8.699999809,10.11999989,8.510000229,52755,26223,10.44999981,50.36000061,8.68999958,39.13000107,842,150600,41.13000107,68.27999878,22.52000046,15.17000008,5.070000172,43.04999924,24.93000031,19.71999931
73.54000092,19.15999985,4.570000172,0,3.480000019,3.680000067,43.04000092,15.86999989,15.63000011,55.61000061,36.86000061,16.34000015,12.88000011,5.309999943,42615,21773,18.86000061,71.54000092,11.60000038,22.52000046,516,94300,66.23000336,55.40000153,25.95999908,18.75,5.360000134,50.38000107,18.29999924,15
69.61000061,10.48999977,13.35000038,0,16.03000069,18.79999924,46.81999969,23.54999924,13.06999969,47.34999847,35.83000183,14.09000015,12.81000042,14.77999973,40836,21824,20.59000015,73.08999634,15.26000023,19.12999916,831,153800,92.26000214,55.74000168,17.55999947,28.54999924,11.42000008,39.04000092,29.80999947,15.98999977
15.96000004,2.829999924,76.30999756,0,25.94000053,54.72999954,60.47000122,9.659999847,9.149999619,55.25999832,23.87999916,13.13000011,4.710000038,12.06000042,81356,20897,11.17000008,85.33000183,0.75999999,0.680000007,1574,345900,93.70999908,48.27999878,30.54999924,11.60000038,1.799999952,47.79999924,14.56999969,17.14999962
60,20,20,0,20,0,75,0,0,0,0,0,0,0,0,4160,0,0,0,0,0,0,0,0,20,60,40,0,75,0
71.41000366,0,28.04000092,0,2.980000019,10.90999985,26.48999977,36.27000046,2.529999971,59.72999954,44.20999908,8.159999847,14.09000015,16.70999908,66118,31862,5.579999924,91.62999725,20.31999969,3.24000001,1143,213700,39.95999908,73.26999664,24.45000076,21.01000023,6.309999943,62.74000168,16.93000031,5.630000114
77.26999664,11.46000004,3.960000038,0.639999986,6.139999866,9.100000381,33.84999847,34.93000031,8.550000191,55.68000031,40.18000031,17.89999962,12.56000042,6.110000134,38950,28131,20.21999931,59.81000137,16.87000084,30.01000023,493,160300,65.48000336,69.33000183,26.01000023,16.40999985,7.190000057,47.75999832,21.65999985,11.97000027
74.15000153,4.429999828,8.479999542,0,16.39999962,16.19000053,8.930000305,68.25,4.190000057,84.13999939,53.97999954,3.529999971,2.589999914,8.350000381,57887,45478,8.770000458,18.5,2.49000001,87.27999878,886,346300,92.80999756,89.30000305,11.06999969,3.880000114,0.379999995,32.83000183,13.07999992,6.119999886
51.65000153,1.100000024,3.220000029,0,36.54000092,46.52999878,7.869999886,80.08000183,5.900000095,61.77999878,68.65000153,17.44000053,7.130000114,10.68999958,81090,62881,6,56.47999954,2.140000105,31.21999931,1391,1000001,86.86000061,59.61999893,25.12000084,24.25,10.82999992,56.04999924,17.40999985,13.68999958
84.26000214,9.100000381,1.370000005,0.319999993,14.39999962,13.82999992,13.22999954,65.27999878,3.450000048,53.84999847,62.47000122,11.14000034,6.789999962,19.79000092,125625,63674,8.5,94.62000275,7.28000021,0.629999995,1034,369200,78.08999634,43.43000031,14.48999977,35.08000183,10.52999973,66.13999939,9.460000038,3.019999981
9.350000381,16.94000053,67.05000305,0.879999995,32.22000122,59.04999924,77.93000031,9.510000229,17.5,34.54000092,26.95000076,9.890000343,0.910000026,2.74000001,16538,9211,44.77999878,17.62999916,18.79999924,68.44999695,683,155300,72.72000122,89.30000305,35.70000076,10.65999985,3.480000019,28.27000046,22.20999908,43.31000137
93.48999786,0.059999999,6.179999828,0,5.980000019,10.02999973,32.31000137,41.24000168,6.710000038,64.45999908,48.84999847,10.75,8.5,16.65999985,114000,42217,2.839999914,96.45999908,5.309999943,0.980000019,1092,412000,48.49000168,45.08000183,27.29999924,17.96999931,4.760000229,66.04000092,9.43999958,3.910000086
1.039999962,97.33000183,0.899999976,0,2.109999895,1.99000001,29.98999977,32.56999969,16.88999939,71.86000061,34.97000122,5.110000134,11.07999992,6.860000134,62319,26035,12.71000004,70.70999908,15.78999996,11.94999981,921,137700,26.79000092,53.72999954,18.45000076,16.62999916,1.820000052,34.11999893,21.19000053,25.20999908
94.68000031,0.610000014,2.859999895,0.50999999,7.019999981,9.909999847,42.52999878,26.80999947,10.27000046,65.55000305,31.69000053,12.01000023,14.85000038,1.090000033,49313,28308,11.35999966,58.90000153,2.670000076,39.70999908,676,186600,94.55000305,51.09999847,20.88999939,27.07999992,10.03999996,43.25,27.62999916,17.95999908
87.45999908,1.75999999,4.190000057,0.200000003,4.849999905,5.21999979,12.25,61.68000031,7.579999924,56.34999847,63.06999969,7.5,20.87000084,10.69999981,104583,40147,1.220000029,86.66000366,4.96999979,8.170000076,1107,337500,9.68999958,73.41000366,30.94000053,17.44000053,4.559999943,73.29000092,10.48999977,2.00999999
40.06000137,53.16999817,2.75,0.389999986,3.569999933,6.050000191,63.81000137,9.949999809,9.289999962,65.13999939,15.03999996,2.450000048,13.52999973,7.210000038,34149,17083,22.10000038,39.68999863,8.140000343,43.49000168,539,80300,70.84999847,71.31999969,28.23999977,14.02000046,5.900000095,25.51000023,33.58000183,42.11000061
25.43000031,22.40999985,43.36999893,0,28.04000092,37.79999924,53.79000092,22.60000038,7.989999771,59.58000183,23.47999954,1.230000019,6.050000191,1.980000019,58848,20578,22.36000061,63.52000046,8.930000305,45.47999954,1226,382600,86.19000244,62.90999985,29.25,9.020000458,2.359999895,40.16999817,16.14999962,13.88000011
52.70999908,4.03000021,23.43000031,0.400000006,41.75999832,54.24000168,30.23999977,47.41999817,5.809999943,60.61999893,42.43999863,6.829999924,4.050000191,9.369999886,69638,35701,16.43000031,31.44000053,9.149999619,91,1420,647200,50.45000076,64.76999664,13.14000034,13.02999973,4.429999828,35.81999969,16.53000069,5.519999981
98.48000336,0.370000005,0.289999992,0,1.870000005,2.670000076,32.56999969,38.29000092,6.079999924,61.08000183,48.18999863,6.710000038,11.96000004,10.05000019,66127,31138,8.409999847,72.41000366,7.769999981,22.60000038,898,222000,43.61000061,59.97999954,23.38999939,19.77000046,6.860000134,60.18000031,16.28000069,4.429999828
62.13000107,0,1.129999995,34.59999847,2.400000095,8.789999962,36.25,26.38999939,8.220000267,52.70999908,52.40999985,0.340000004,10.59000015,35.68999863,39896,20875,21.45000076,70.33000183,18.55999947,5.760000229,482,77900,81.44000244,50.49000168,30.12999916,22.06999969,7.070000172,53.95000076,13.55000019,14.36999989
75.45999908,13.84000015,10.71000004,0,17.70999908,19.54000092,32.20999908,37.43999863,4.449999809,42.29000092,34.83000183,0,9.510000229,3.900000095,41179,26012,7.630000114,73.33000183,49.54999924,91.22000122,938,135300,33.33000183,57.25,15.60000038,41.29000092,24.60000038,46.65000153,30.86000061,5.289999962
68.81999969,0,18.62999916,0,9.420000076,23.57999992,14.89999962,47.45000076,5.909999847,59.93000031,52.83000183,10.03999996,7.639999866,18.38999939,107446,62499,2.069999933,84.18000031,5.460000038,1.980000019,1941,873000,75.87000275,53.56000137,18.45000076,25.60000038,6.96999979,58.16999817,18.92000008,3.25999999
66.33000183,6.679999828,9.25,0,32.88999939,39.11999893,23.17000008,51.22000122,8.619999886,56.24000168,67.62999725,5.320000172,8.970000267,24.03000069,110083,43523,0.49000001,94.58999634,6.989999771,0.810000002,748,580100,99.34999847,28.81999969,24.19000053,25.35000038,9.649999619,64.38999939,11.32999992,4.880000114
88.83999634,7.059999943,3.119999886,0,0.670000017,3.369999886,53.22999954,22.10000038,7.28000021,57.31999969,32.61999893,11.89000034,9.989999771,12.56999969,39063,20810,18.57999992,83.83000183,13.92000008,0,468,91200,48.02999878,43.20999908,24.71999931,25.48999977,5.730000019,63.50999832,18.75,11.30000019
49.15999985,0,47.09999847,0,15.63000011,30.46999931,53.45000076,16.5,20.89999962,57.61000061,33.08000183,7.190000057,13,16.57999992,48571,24574,11.39999962,74.65000153,15.60000038,0.839999974,908,167200,29.70000076,58.65000153,23.63999939,18.01000023,4.71999979,61.79000092,19.17000008,4.010000229
64.55000305,5.53000021,28.39999962,0,4.829999924,11.69999981,78.73999786,2.960000038,18.51000023,48,5.050000191,18.64999962,11.93000031,5.050000191,25417,12363,35.43999863,62.18999863,11.01000023,7.550000191,507,40800,77.15000153,61.72000122,33.93000031,19.07999992,8.449999809,35.70000076,38.58000183,27.92000008
96.79000092,0.100000001,1.100000024,0.100000001,2.589999914,1.970000029,27.51000023,49.33000183,1.330000043,65.05999756,45.47000122,1.389999986,17.77000046,36.72999954,57091,36220,8.079999924,78.33000183,49.79000092,9.359999657,747,424800,65.44000244,42.20999908,12.31999969,43.18999863,12.80000019,63.65000153,24.04999924,5.079999924
96.87999725,1.110000014,1.169999957,0.200000003,6.710000038,6.039999962,65.19000244,10.64999962,16.42000008,21.55999947,10.82999992,6.150000095,20.39999962,1.460000038,29647,26028,9.199999809,86.80999756,12.21000004,25.87999916,582,92500,63.75,65.22000122,0,86.19999695,46.40000153,43.13000107,47.33000183,0
15.35000038,2.019999981,73.76999664,1.299999952,19.02000046,54.02999878,45.70999908,13.25,14.78999996,59.59000015,32.43000031,16.61000061,5.619999886,5.909999847,76477,22674,2.299999952,76.01999664,4.090000153,13.06000042,1423,382200,90.97000122,47.25,24.37000084,16.40999985,6.639999866,47.52999878,16.26000023,10.14999962
3.190000057,96.12000275,0.029999999,0.270000011,0.059999999,2.609999895,63.90000153,1.970000029,16.89999962,61.04999924,24.73999977,6.78000021,8.020000458,1.600000024,30417,15480,39.25999832,63.38999939,14.55000019,6.630000114,857,94200,94.09999847,50.52000046,29.61000061,17.85000038,5.25,22.76000023,22.72999954,42.72000122
21.40999985,0,32.45999908,0,59.11999893,78.20999908,42.24000168,29.87000084,9.289999962,66.12000275,38.40999985,6.789999962,0.769999981,5.380000114,61250,28025,7.090000153,36.86999893,15.07999992,79.01999664,1408,443600,82.79000092,68.15000153,21.68000031,11.77999973,2.630000114,49.40999985,9.81000042,16.10000038
30.09000015,14.30000019,54.65999985,0.119999997,19.04999924,52.06000137,76.5,2.539999962,6.869999886,48.36999893,8.949999809,11.81000042,5.039999962,6.420000076,38725,13502,12.47000027,55.22000122,10.89000034,14.93000031,754,76100,88.63999939,57.31999969,35.84999847,12.98999977,4.630000114,48.88000107,18.51000023,15.72000027
81.69000244,2.269999981,1.149999976,0,26.68000031,34.40999985,25.70000076,44.84000015,5.389999866,55.45000076,54.15000153,19.42000008,6.03000021,10.68999958,74330,37596,1.75999999,81.13999939,3.900000095,20.89999962,1252,228200,2.710000038,68.76999664,21.37999916,25.85000038,9.359999657,61.68999863,15.39999962,3.430000067
91.44999695,0,7.860000134,0,13.47000027,16.56999969,36.59999847,37.79000092,8.529999733,49.68000031,34.06999969,3.200000048,14.77999973,26.95000076,78813,53127,8.960000038,84.33999634,35.66999817,14.80000019,1113,565700,22.78000069,65.62999725,13.55000019,39.68000031,12,64.30999756,15.63000011,4.639999866
87.29000092,0,3.160000086,0,5.070000172,6.989999771,15.81999969,54.65000153,7.050000191,53.47000122,51.38000107,9.449999809,8.25,10.11999989,74583,45191,5.309999943,62.27000046,9.340000153,33.77999878,775,413700,39.88999939,62.50999832,25.45999908,15.31999969,5.849999905,56.68000031,16.62999916,3.420000076
93.40000153,4.360000134,1.059999943,0,0.860000014,3.839999914,55.13000107,13.77000046,9.279999733,51.84000015,23.34000015,17.04000092,9.119999886,11.86999989,40253,19783,11.71000004,83.75,8.979999542,1.379999995,608,99600,49.08000183,52.34000015,22.47999954,18.87999916,5.920000076,61.18000031,19.10000038,4.840000153
96.48000336,0,2.109999895,0,1.590000033,3.50999999,36.66999817,29.97999954,0.460000008,83.30999756,54.11000061,5.429999828,9.75,6.900000095,74375,31114,4.389999866,92.68000031,1.200000048,9.239999771,886,224800,26.59000015,62.11000061,33.00999832,7.070000172,2.319999933,53.91999817,18.92000008,21.37999916
97.90000153,0.449999988,0,0.270000011,1.610000014,5.900000095,39.54000092,34.97999954,3.440000057,64.94999695,43.13000107,12.5,15.22999954,13.81999969,54315,30424,6.739999771,91.47000122,41.08000183,1.299999952,648,178300,55.84999847,53.15999985,16.25,30.45000076,8.390000343,66.22000122,17.54000092,2.339999914
87.41000366,4.369999886,4.03000021,0,6.019999981,9.06000042,32.41999817,36.79000092,7.429999828,68.66999817,41.08000183,19,7.650000095,2.910000086,71600,30992,4.670000076,66.16000366,5.309999943,32.04999924,889,225200,57.70000076,67.62999725,23.85000038,17.18000031,4.170000076,59.52999878,12.84000015,8.180000305
8.420000076,84.38999939,3.829999924,0.810000002,3.200000048,5.110000134,66.29000092,4.699999809,30.92000008,36.43999863,13.47999954,8.779999733,7.980000019,0,25132,9569,39.04000092,53.68999863,29.31999969,27.30999947,341,61500,86.34999847,44.70000076,23.76000023,21.42000008,10.75,13.75,33.43999863,41.16999817
89.48999786,5.739999771,1.190000057,0.180000007,5.300000191,6.079999924,54.38000107,11.47999954,15.06000042,66.01000214,24.03000069,11.36999989,8.340000153,3.430000067,43682,21065,18.35000038,48.61999893,3.619999886,39.47999954,616,132400,61.18000031,68,25.67000008,18.20999908,7.940000057,45.47999954,29.73999977,17.71999931
62.97000122,25.27000046,10.31000042,0.449999988,5.78000021,10.64000034,51.47000122,21.10000038,16.97999954,51.33000183,24.72999954,10.25,8.359999657,6.449999809,41260,24040,20.82999992,64.31999969,10.39000034,15.64000034,509,96800,58.11000061,60.93999863,24.60000038,24.10000038,10.43000031,54.36000061,25.62000084,10.02000046
95.70999908,1.149999976,2.549999952,0,4.159999847,8.279999733,41.88000107,25.53000069,9.479999542,61.72999954,40.47999954,3.099999905,19.14999962,19.71999931,53750,24578,6.5,79.76999664,33.04999924,2.299999952,852,187500,21.57999992,67.43000031,22.86000061,23.45999908,4.590000153,66.06999969,18.86000061,2.670000076
67.5,6.940000057,15,1.419999957,2.130000114,9.25,14.89999962,42.68000031,10.36999989,87.75,10.73999977,0,38.02999878,0,24904,19761,11.89999962,4.489999771,0,86.54000092,590,256300,58.65000153,100,4.400000095,0,0,24.61000061,2.440000057,13.10000038
78.59999847,3.5,8.470000267,0,22.02000046,25.81999969,22.80999947,54.15999985,7.090000153,64.02999878,53.18999863,3.980000019,8.630000114,14.34000015,117036,54012,1.580000043,91.55000305,1.659999967,20.62000084,1793,538700,73.91999817,50.34000015,20.59000015,19.03000069,6.289999962,61.59000015,15.76000023,6.269999981
94.44999695,0,5.010000229,0,4.46999979,5.079999924,63.45999908,15.92000008,18.92000008,50.68000031,19.10000038,7.869999886,15.77999973,15.27999973,37025,23789,15.96000004,73.26999664,56.97999954,10.11999989,539,166400,24.55999947,61.72000122,19.36000061,26.44000053,6.989999771,54.91999817,25.70000076,4.900000095
86.18000031,7.090000153,3.650000095,0,5.25,5.420000076,48.27000046,14.64000034,11.59000015,49.24000168,28.61000061,16.95000076,12.5,10.92000008,50575,24621,8.130000114,66.62999725,14.85999966,7.079999924,485,181600,32.54999924,75.38999939,26.76000023,20.59000015,5.989999771,55.72999954,26.95000076,21.35000038
96.13999939,0,2.549999952,0,2.519999981,4.230000019,44.63000107,16.78000069,6,54.81999969,29.67000008,12.43000031,15.14999962,9.270000458,42431,26133,8.430000305,75.26000214,13.28999996,16.19000053,396,77800,82.20999908,48.20000076,20.48999977,27.48999977,14.06999969,56.02000046,21.09000015,3.079999924
93.19000244,4.679999828,1.960000038,0,1.559999943,3.339999914,50.38999939,19.84000015,7.559999943,65.62000275,28.32999992,19.70000076,8.800000191,6.119999886,56146,24041,7.920000076,72.23000336,12.68000031,12.71000004,524,125600,37.18999863,66.19999695,26.57999992,15.93000031,4.239999771,51.02999878,24.57999992,14
66.68000031,15.77000046,17.39999962,0,10.42000008,19.84000015,63.90000153,13.43999958,7.199999809,57.20999908,24.87000084,20.26000023,9.180000305,12.93999958,41135,18637,25.40999985,69.69999695,17.89999962,10.38000011,462,91200,50.24000168,56.54000092,26.38999939,22.93000031,8.18999958,46.58000183,27.79000092,13.65999985
30.70000076,16.5,51.13000107,0.560000002,18.72999954,42.81000137,66.58999634,5.03000021,7.21999979,56.91999817,15.09000015,21.76000023,8.199999809,6.150000095,31206,13012,26.79000092,38.33000183,8.18999958,38.34000015,614,68900,87.34999847,77.94000244,31.48999977,10.84000015,6.619999886,36.77999878,28.18000031,34.50999832
64.66999817,17.04999924,2.49000001,2.150000095,15.96000004,17.02000046,43.45000076,15.47999954,10.18999958,72.79000092,26.84000015,8.229999542,7.260000229,7.670000076,47356,23956,11.69999981,63.33000183,5.769999981,33.49000168,639,162700,88.06999969,62.72000122,21.56999969,15.57999992,5.489999771,43.5,15.93999958,18.02000046
79.76000214,16.93000031,0.270000011,0,2.559999943,4.269999981,42.25999832,18.63999939,6.659999847,59.93000031,32.15000153,16.70000076,8.390000343,6.230000019,59119,26277,8.710000038,87.38999939,8.720000267,0,1040,165600,11.27000046,87.91999817,24.52000046,19.95000076,3.75,68.08000183,14.06000042,6.340000153
70.73000336,22.46999931,3.519999981,0,5.159999847,7.389999866,76.81999969,7.980000019,19.40999985,59.72000122,22.57999992,7.349999905,10.56000042,4.019999981,33333,18189,25.88999939,53.95000076,18.59000015,17.82999992,677,103200,91.05000305,70.58999634,25.07999992,16.87999916,2.869999886,29.68000031,35.79000092,31.95999908
82.05999756,7.940000057,1.649999976,0,9.859999657,10.47000027,9.779999733,74.26000214,4.800000191,63.59999847,69.73000336,7.389999866,8.479999542,15.64000034,85965,51606,10.27000046,62.13999939,11.09000015,40.81999969,851,392800,95.16000366,70.02999878,19.13999939,18.94000053,3.039999962,50.84000015,11.32999992,3.809999943
58.5,35.09999847,5.429999828,0.039999999,4.449999809,5.380000114,26.90999985,53.22000122,7.800000191,70.31999969,57.54000092,2.650000095,6.460000038,11.63000011,58403,36243,17.96999931,48.77000046,17.05999947,67.25,912,296600,93.20999908,68.23999786,14.71000004,21.48999977,3.650000095,28.31999969,23.10000038,22.60000038
81.87000275,6.059999943,11.10999966,0,5.409999847,8.739999771,73.58000183,7.480000019,8.039999962,46.86000061,27.12000084,25.42000008,9.449999809,13.93999958,38409,19877,20.44000053,71.77999878,11.77000046,7.369999886,411,85200,66.51000214,49.22999954,27.35000038,20.87999916,6.440000057,60.58000183,20.21999931,14.13000011
64.41000366,23.71999931,7.940000057,0,6.860000134,9.859999657,32.91999817,35.70000076,12.61999989,63.59999847,55.72999954,2.579999924,26.62000084,12.39000034,63548,31040,17.19000053,74.48999786,22.79999924,4.190000057,915,229800,39.77999878,69.19999695,29.59000015,16.96999931,3.450000048,63.22000122,18.55999947,13.94999981
84.59999847,9.130000114,4.369999886,0,3.49000001,4.840000153,32.58000183,32.04999924,7.679999828,59.22999954,41.93000031,16.79999924,10.14999962,16.11000061,53316,31170,4.099999905,82.68000031,12.71000004,0.560000002,537,153800,31.35000038,56.63999939,27.80999947,17.39999962,4.920000076,64.94000244,15.39000034,3.839999914
96.23000336,0.660000026,1.590000033,0,3.579999924,5.110000134,15.64999962,59.52999878,5,71.33999634,61.43999863,8.43999958,9.270000458,13.60000038,95208,46119,2.609999895,89.95999908,4.039999962,0,940,242500,91.98999786,43.61999893,28.60000038,21.90999985,3.319999933,70.72000122,10.85999966,3.920000076
91.97000122,0,4.309999943,1.139999986,1.00999999,7.639999866,19.09000015,38.97999954,2.930000067,44.97999954,54.02000046,0.439999998,26.10000038,25.62999916,51354,38479,6.420000076,82.59999847,67.59999847,12.42000008,722,262000,34.50999832,69.19999695,14.67000008,50.68000031,14.40999985,60.20000076,24.32999992,13.61999989
94.94999695,0.219999999,3.119999886,0,1.149999976,3.059999943,49.27999878,16.15999985,4.610000134,60.09999847,21.05999947,15.96000004,11.90999985,18.32999992,44133,25860,12.42000008,80.80999756,7.329999924,5.340000153,329,64300,86.63999939,55.84999847,21.39999962,28.02000046,12.03999996,58.86000061,23.19000053,6.860000134
70.80000305,1.960000038,9.380000114,0.090000004,16.04999924,21.87999916,29.90999985,39.83000183,9.470000267,82.77999878,43.31999969,20.30999947,6.570000172,3.220000029,83802,34127,5.650000095,75.62000275,6.139999866,17.38999939,936,221600,17.12999916,80.18000031,29.09000015,8.630000114,1.769999981,55.29000092,19.48999977,9.130000114
91.41000366,4.809999943,2.309999943,0,2.720000029,3.910000086,43.95000076,22.28000069,7.940000057,48.70999908,29.79999924,15.78999996,12.01000023,5.460000038,61721,30719,3.170000076,83.94999695,8.369999886,5.440000057,1000,186500,60.65000153,48.47000122,17.03000069,34.27000046,14.93999958,56.86000061,28.43000031,4.320000172
70.41000366,20.48999977,4.679999828,0.610000014,5.369999886,5.559999943,45.75,19.95999908,8.630000114,61.15000153,30.37999916,9.149999619,16.55999947,5.480000019,61344,26325,12.36999989,85.12999725,7.96999979,3.049999952,633,144700,25.73999977,66.23999786,27.40999985,17.45999908,3.470000029,55.18000031,19.10000038,9.949999809
12.98999977,2.829999924,66.26999664,0,37.18999863,70.70999908,52.84999847,19,6.980000019,59.11999893,24.29000092,5.480000019,5.610000134,9.25,77688,21474,11.55000019,63.13999939,0,7.130000114,1249,352800,39.56999969,73.15000153,32.45999908,10.61999989,2.769999981,55.81999969,13.40999985,11.60999966
82.98999786,15.72999954,0,0,1.190000057,1.24000001,33.56000137,30.11000061,2,56.33000183,43.58000183,6.960000038,10.17000008,11.31999969,44056,30952,17.48999977,67.48999786,0.930000007,21.70999908,433,139600,56.72000122,66.62000275,26.37999916,20.78000069,8.06000042,47.31000137,32.52000046,22.15999985
96.80999756,0,0,0,5.210000038,6.25,48.06999969,16.27000046,6.21999979,57.22999954,26.22999954,11.92000008,12.94999981,5.809999943,57526,28700,8.909999847,87.48999786,5.230000019,2.779999971,855,111000,94.76999664,38.40000153,21.32999992,21.98999977,10.92000008,56.70000076,19.84000015,5.480000019
84.38999939,10.10999966,0.219999999,0,0,1.289999962,48.22000122,11.68000031,9.43999958,57.72999954,22.73999977,9.930000305,12.10000038,9.180000305,51929,25233,13.60999966,88.90000153,11.94999981,2.059999943,374,76300,50.61999893,52.81000137,22.45999908,22.94000053,6.010000229,58.91999817,22.89999962,12.71000004
85.93000031,1.559999943,8.06000042,0,7.090000153,13.22999954,10.56000042,71.95999908,6.230000019,55.74000168,55.06000137,13.27000046,4.519999981,15.14000034,136289,51290,2.130000114,90.15000153,4.369999886,2.5,1517,541800,69.98999786,46.31000137,29.30999947,12.67000008,2.849999905,55.15000153,8.510000229,6.489999771
75.95999908,2.609999895,8.470000267,0.25999999,5.119999886,8.300000191,41.58000183,16.36000061,12.02000046,51.70999908,28.53000069,18.84000015,16.53000069,7.369999886,48929,24063,18.35000038,42.33000183,9.590000153,44.22000122,826,229500,46.77000046,80.77999878,23.95999908,16.21999931,5.860000134,43.38999939,24.62999916,24.57999992
70.63999939,3.970000029,22.15999985,0,11.76000023,17.44000053,9.489999771,61.20000076,8.069999695,79.08999634,52.93999863,1.470000029,3.380000114,17.61000061,56016,38162,17.53000069,40.56999969,7.75,49.83000183,807,368000,82.87000275,76.61000061,10.65999985,8.270000458,0.810000002,28.82999992,11.89000034,2.910000086
97.04000092,0,0.100000001,0.689999998,2.170000076,5.739999771,66.61000061,8.949999809,11.28999996,55.59000015,25.60000038,16.53000069,8.470000267,9.659999847,54219,24469,12.96000004,78.72000122,13.30000019,1.820000052,635,207700,66.26999664,44.65999985,26.95000076,18.38999939,3.359999895,59.47000122,17.79999924,10.35000038
76.54000092,5.949999809,13.25,0,17.09000015,29.75,31.44000053,42.31000137,9.899999619,56.29000092,32.93999863,6.059999943,9.470000267,17.67000008,54625,37027,8.229999542,66.66999817,22.04999924,44.06000137,1027,459100,77.83999634,60.27000046,18.37000084,24.65999985,7.889999866,54.43999863,20.44000053,5.010000229
62.45000076,10.22999954,8.850000381,0,20.36000061,27.68000031,16.96999931,62.09999847,5.949999809,83.19000244,43,5.119999886,3.710000038,5.900000095,35791,22864,28.29999924,11.69999981,12.96000004,90.37000275,686,75400,67.83000183,92.87999725,10.96000004,3.160000086,0.360000014,20.70000076,10.36999989,17.75
96.66000366,0,3.339999914,0,1.870000005,2.74000001,11.89999962,54.77000046,3.549999952,65.5,31.31999969,6.769999981,4.010000229,8.340000153,113869,65804,5.480000019,94.95999908,78.19999695,30.14999962,1381,635200,41.54999924,56.29000092,23.28000069,19.32999992,1.74000001,48.04999924,9.420000076,11.38000011
14.02999973,64.83999634,15.97000027,0.129999995,20.10000038,29.29999924,54.38000107,23.93000031,16.45000076,63.36999893,42.47999954,7.739999771,2.089999914,9.699999809,35389,22147,29.37999916,31.43000031,17.21999931,79.33999634,942,343100,94.01000214,62.70999908,19.64999962,13.82999992,1.940000057,11.82999992,29,45.95000076
63.02000046,8.93999958,23.27000046,0.150000006,17.57999992,25,77.51000214,4.239999771,11.32999992,54.22000122,14.75,34.08000183,9.460000038,7.96999979,27298,18890,21.85000038,56.68999863,11.97000027,26.62999916,457,102800,43.59000015,75.95999908,23.51000023,17.03000069,7.400000095,56.09000015,19.26000023,10.97000027
63.84999847,17.48999977,6.289999962,0,7.03000021,12.18999958,11.97999954,51.77999878,8.319999695,69.77999878,47.43999863,6.510000229,18.51000023,1.860000014,58988,26292,6.269999981,0.889999986,23.92000008,43.24000168,971,0,37.02999878,100,24.88999939,0,0,66.51000214,3.950000048,0
69.48999786,17.17000008,9.409999847,0.239999995,6.909999847,8.409999847,42.81000137,27.87999916,7.900000095,63.06000137,39.02999878,5.420000076,10.06999969,6.679999828,46672,24910,15.03999996,56.70999908,13.23999977,30.38999939,763,209700,20.12000084,82.56999969,24.5,18.68000031,6.550000191,46.84000015,27.48999977,11.31999969
0.319999993,39.04999924,59.27999878,0,36.61999893,59.49000168,75.81999969,5.849999905,9.68999958,54.43000031,7.21999979,7.019999981,2.359999895,11.77999973,26328,13213,32.88999939,34.40000153,4.25,24.37000084,847,273000,96.80999756,61.58000183,27.93000031,12.78999996,5.739999771,27.26000023,26.37999916,30.37000084
68.94000244,19.07999992,8.510000229,0.959999979,5.159999847,7.369999886,59.38000107,8.340000153,15.22999954,47.20999908,22.46999931,4.329999924,15.19999981,12.82999992,40255,18853,18.22999954,81.91000366,15.11999989,1.100000024,672,96400,29.45000076,52.97000122,25.17000008,18.12999916,3.630000114,50.70000076,15.43000031,7.230000019
89.05000305,1.25,6.989999771,0,5.829999924,11.48999977,20.79000092,57.83000183,6.650000095,69.01000214,61.84000015,6.090000153,5.119999886,15.38000011,122235,48277,1.669999957,98.11000061,12.38000011,1.100000024,1188,542700,90.72000122,30.89999962,20.95999908,20.55999947,4.230000019,58.90999985,15.65999985,5.760000229
17.45999908,20.20000076,53.43000031,0.039999999,42.52999878,60.20999908,56.99000168,26.32999992,11.05000019,66.09999847,32.27000046,11.14999962,6.199999809,7.230000019,61542,24928,20.63999939,42.11000061,2.519999981,64.04000092,1113,342000,94.65000153,58.86000061,27.45000076,17.27000046,3.99000001,45.36999893,17.40999985,15.77999973
69.41000366,2.299999952,23.06999969,0,15.21000004,16.80999947,42.41999817,18.63999939,7.199999809,61.24000168,35.22000122,1.879999995,12.11999989,12.43000031,86389,34307,17.18000031,79.83999634,1.570000052,0,719,373200,48.68999863,51.99000168,25.53000069,22.39999962,4.21999979,65.26999664,4.519999981,9.06000042
81.26999664,14.15999985,2.809999943,0.150000006,3.130000114,6.03000021,32.59000015,38.84000015,5.579999924,70.08000183,47.11999893,6.070000172,13.64999962,5.210000038,98346,33273,3.49000001,96.59999847,6.449999809,0,1615,339500,8.970000267,77.37000275,27.68000031,15.48999977,3.019999981,66.26999664,13,4.309999943
94.38999939,2.039999962,1.820000052,0,2.539999962,6.570000172,44.09999847,33.31000137,5.46999979,60.09999847,48.09000015,16.56999969,12.07999992,5.929999828,69358,32923,5.570000172,72.37000275,2.839999914,18.70000076,799,192500,57.84999847,56.40000153,22.95999908,24.17000008,10.35999966,56.11999893,22.71999931,6.809999943
19.54999924,0.99000001,23.59000015,0,69.15000153,79.27999878,30.28000069,57.40000153,15.30000019,64.70999908,36.63000107,8.180000305,1.029999971,5.690000057,72635,27603,10.72000027,31.03000069,19.06999969,85.93000031,992,341300,87.79000092,69.25,18.70999908,14.51000023,2.319999933,42.79999924,13.32999992,19.02000046
15.63000011,0,6.039999962,70.01000214,2.859999895,13.63000011,55.84999847,8.909999847,23.12999916,55.75999832,26.30999947,5.039999962,11.13000011,11.38000011,35152,15336,25.37999916,73.31999969,13.31999969,6.579999924,439,111500,36.13999939,47.88000107,29.21999931,16.26000023,6.230000019,37.77000046,23.87000084,25.95999908
94.66000366,0.289999992,0.99000001,1.950000048,2.279999971,3.25,51.56999969,19.93000031,8.340000153,59.38000107,29.75,22.43000031,8.729999542,4.349999905,56832,24374,5.039999962,62.97000122,5.489999771,26.95999908,760,195200,57.11000061,56.68999863,22.65999985,15.18999958,6.210000038,49.63999939,18.77000046,7.369999886
46.86000061,6.989999771,20.44000053,0,11.72999954,28.67000008,0,38.63999939,23.95999908,43.79999924,30.13999939,0.910000026,0,1.519999981,0,3608,0,0,0,0,0,0,0,0,1.059999943,0,0,1.149999976,0.839999974,0
93.52999878,2.700000048,0.620000005,0.939999998,1.169999957,1.879999995,41.88999939,25.12999916,3.730000019,55.88000107,30,14.85999966,10.72000027,7.659999847,59146,26821,6.239999771,82.44000244,7.03000021,6.75,440,154500,31.97999954,67.54000092,23.38999939,16.81999969,3.25999999,64.83000183,13.67000008,6.210000038
73.70999908,1.899999976,15.31000042,1.200000048,15.19999981,20.18000031,47.99000168,14.39000034,12.22000027,53.86000061,40.86000061,9.270000458,11.64000034,6.349999905,33214,23994,9.06000042,52.04999924,10.34000015,36.11999893,996,165500,73.26999664,70.55999756,21.90999985,27.42000008,12.93999958,43.72000122,36.83000183,23.48999977
82.37999725,12.80000019,3.74000001,0,2.579999924,3.109999895,71.08999634,2.019999981,15.01000023,44.20999908,10.77999973,22.60000038,6.769999981,1.169999957,24614,12055,45.47999954,54.86999893,6.519999981,14.85000038,489,54700,86.05000305,59.81000137,31.87999916,15.38000011,8.020000458,40.45000076,25.54999924,22.63999939
80.08000183,14.85000038,0.059999999,0,5.519999981,8.430000305,61.25,7.03000021,11.84000015,63.11999893,14.88000011,17.62000084,7.650000095,4.880000114,42250,19894,5.610000134,79.29000092,9.630000114,10.56000042,595,77900,95.19000244,52.36999893,24.22999954,12.90999985,9.109999657,49.36999893,20.94000053,9.789999962
91.41000366,2.799999952,0.100000001,0.50999999,1.190000057,2.869999886,68.75,11.25,6.579999924,47.61000061,30.21999931,23.17000008,13.13000011,9.199999809,33868,17577,19.54000092,77.59999847,19.37999916,10.06000042,319,74300,75.91000366,52.84999847,24.72999954,27.40999985,10.76000023,50.27000046,33.86999893,14.94999981
92.26999664,1.210000038,3.359999895,0,11.11999989,16.62000084,31.54000092,49.27999878,4.590000153,49.08000183,53.29000092,9.880000114,8.760000229,13.19999981,99728,41828,1.230000019,96.04000092,1.779999971,7.409999847,538,392700,75.73999786,36.27000046,23.98999977,29.55999947,16.63999939,62.45000076,16.68000031,6.21999979
83.81999969,2.25999999,1.309999943,5.53000021,0.980000019,3.880000114,25.12999916,36.25,3.039999962,65.34999847,42.90000153,6.639999866,13.92000008,14.26000023,59755,34317,6.989999771,75.66000366,3.369999886,18.22999954,723,186600,70.37999725,61.38000107,24.19000053,23.78000069,7.03000021,56,20.04000092,13.67000008
98.66000366,0.239999995,0.629999995,0,0.560000002,0.860000014,49.50999832,18.53000069,8.050000191,52.95000076,32.22999954,11.61999989,11.68999958,9.859999657,57071,26380,14.81000042,73.98000336,8.529999733,3.619999886,476,152400,45.13000107,57.40999985,22.38999939,21.48999977,6.150000095,58.99000168,20.20999908,7.980000019
86.97000122,3.369999886,8.890000343,0,0.25999999,6.869999886,65.72000122,8.510000229,17.05999947,55.83000183,17.23999977,11.98999977,5.659999847,7.159999847,29395,14967,27.26000023,53.56000137,14.60000038,28.78000069,443,58200,90.26000214,62.45000076,26.22999954,16.02000046,8.149999619,33.91999817,32.20999908,11.02999973
64.87999725,3.75999999,24.12999916,5.170000076,8.029999733,15.84000015,31.44000053,18.35000038,3.49000001,70.40000153,39.02000046,14.28999996,11.32999992,13.34000015,81250,23644,2.74000001,84.41000366,5.360000134,0,1349,220200,6.449999809,91.44999695,40.75,7.900000095,0.419999987,70.73999786,8.380000114,8.670000076
84.97000122,4.929999828,1.070000052,0.389999986,0.430000007,1.529999971,66.73000336,6.829999924,7,59.36999893,16.82999992,19.94000053,8.43999958,10.31000042,29778,16915,19.20999908,64.56999969,7.840000153,19.03000069,470,63700,80.5,65.37999725,24.37000084,22.78000069,10.40999985,55.36999893,15.22000027,9.890000343
84.04000092,14.39999962,0,0,0.07,0.899999976,50.34999847,16.64999962,6.289999962,44.29000092,22.28000069,6.920000076,4.440000057,14.22000027,30604,20131,18.75,48.88999939,6.03000021,35.75,507,86700,89.51000214,72.62999725,10.46000004,30.71999931,9.930000305,39.88000107,34.52999878,15.77000046
36.72999954,35.5,12.44999981,0.330000013,21.79000092,23.07999992,61.04000092,7.46999979,7.96999979,58.84999847,17.40999985,16.44000053,9.170000076,2.00999999,35341,15320,22.19000053,51.61000061,26.29000092,7.010000229,645,76200,87.55000305,63.72999954,20.47999954,16.54000092,7.210000038,26.70000076,23.72999954,36.61999893
94.44999695,0.460000008,2.109999895,1.019999981,2.789999962,6.300000191,57,9.789999962,13.30000019,52.54000092,18.26000023,19.25,13.68000031,10.78999996,34572,19936,20.78000069,83.05000305,43.04999924,0.519999981,452,90000,62.22999954,54.74000168,20.70000076,26.87000084,5.949999809,58.13999939,21.05999947,6.460000038
67.87000275,8.680000305,11.14999962,1.340000033,14.93000031,21.62000084,32.65000153,30.73999977,9.010000229,70.76000214,38.56999969,6.489999771,7.989999771,9.729999542,74773,28152,7.829999924,86.47000122,2.460000038,0.980000019,1319,218800,6.230000019,70.58999634,25.98999977,7.039999962,1.840000033,57.31999969,15.23999977,8.770000458
80.58000183,7.110000134,3.880000114,0,11.28999996,8.5,17.60000038,67.12999725,3.559999943,63.77999878,64.44000244,3.380000114,10.68000031,11.89999962,81576,46381,8.069999695,60.11999893,5.25,46.29999924,1121,409200,79.47000122,67.83999634,21.11000061,23.67000008,9.670000076,52.63000107,19.42000008,3.849999905
14.14999962,10.75,26.87999916,0,54.95999908,61.95999908,38.47999954,43.09000015,8.579999924,55.50999832,38.68999863,1.690000057,2.25999999,8.289999962,70324,26136,12.14000034,49.90999985,9.770000458,77.19000244,1229,441400,81.75,54.02000046,18.03000069,16.28000069,7.25,51.27000046,13.60000038,4.590000153
30.86000061,0.50999999,63.65999985,0,37.29000092,68.22000122,75.30000305,5.809999943,13.90999985,53.13000107,11.44999981,20.17000008,3.74000001,2.410000086,43892,15179,14.77000046,59.74000168,12.26000023,40.22999954,663,205900,95.5,57.97000122,34.90000153,11.97999954,7.019999981,54.22000122,10.05000019,12.89000034
91.34999847,0.039999999,8.149999619,0,3.099999905,6.389999866,69.31999969,10.34000015,13.22999954,54.08000183,20.29999924,19.92000008,10.60000038,5.639999866,41096,19725,9.510000229,59.58000183,19.01000023,23.73999977,491,75200,99.06999969,56.70000076,26.78000069,19.73999977,5.28000021,40.79999924,26.38999939,16.59000015
17.55999947,10.75,61.72999954,0.239999995,26.20000076,52.40999985,60.00999832,5.639999866,9.020000458,47.79000092,20.38999939,18.25,7.369999886,7.420000076,34743,14319,21.12999916,15.02999973,9.569999695,64.77999878,899,276900,77.30000305,80.45999908,31.23999977,14.53999996,4.650000095,38.06999969,25.31999969,28.72999954
50.93000031,9.170000076,25.89999962,6.039999962,15.46000004,26.18000031,62.45999908,12.52999973,11.35999966,60.02999878,18.62999916,18.45999908,7.809999943,9.659999847,38219,16453,18.44000053,66.40000153,9.520000458,7.670000076,637,78100,95.83999634,58.18999863,29.62999916,16.78000069,8.899999619,42.84999847,27.44000053,11.76000023
0,0,0,0,0,0,0,0,0,0,0,0,0,0,0,0,0,0,0,0,0,0,0,0,0,0,0,0,0,0
53.81000137,8.680000305,20.12999916,0,29.97999954,42.95999908,22.45999908,60.45999908,11.46000004,48.79999924,60.06999969,7.309999943,2.180000067,9.529999733,72846,62944,16.44000053,20.59000015,9.170000076,100,1001,936300,62.84999847,61.79999924,16.45000076,19.72999954,5.699999809,42.79000092,21.31999969,17.89999962
52.41999817,16.54000092,30.5,0.540000021,22.01000023,28.79000092,52.49000168,13.92000008,16.78000069,44.52000046,11.89000034,12.67000008,5.489999771,12.38000011,42922,17833,8.449999809,78.30999756,2.5,0,395,120100,50.81000137,52.5,24.07999992,21.21999931,2.900000095,52.68000031,11.46000004,8.970000267
91.87999725,0.620000005,3.619999886,0,21.79999924,25.17000008,24.14999962,48.15999985,7.369999886,54.93000031,54.97999954,4.599999905,12.52999973,25.03000069,66117,63471,11.64000034,68.15000153,39.90999985,82.62000275,1340,355700,67.12999725,62.91999817,13.14999962,33.90999985,14.17000008,39.11000061,35.27000046,9.25
90.62000275,1.070000052,5.010000229,0.150000006,4.690000057,7.400000095,18.21999931,51.81000137,8.180000305,65.62999725,57.59999847,7.539999962,9.239999771,15.56000042,77352,41189,5.059999943,73.61000061,8.659999847,13.43999958,775,363700,43.68000031,65.29000092,21.51000023,17.01000023,2.930000067,53.5,15.10000038,5.659999847
69.05000305,9.75,7.230000019,0.25,13.14000034,18.68000031,16.54000092,55.81000137,6.360000134,71.87000275,46.41999817,16.69000053,8.880000114,7.909999847,75110,30941,2.809999943,76.09999847,3.329999924,22.62999916,939,168800,6.849999905,85.52999878,27.67000008,12.10000038,3.869999886,58.52000046,10,9.609999657
51.72999954,3.680000067,18.37999916,0,36.09999847,48.54999924,15.59000015,69.65000153,3.609999895,73.41000366,65.41999817,1.860000014,5.070000172,7.179999828,101543,59670,4.139999866,46.38000107,3.539999962,79.91000366,1500,332600,58.97999954,79.86000061,19.45999908,12.53999996,3.50999999,49.58000183,16.04999924,4.340000153
19.68000031,8.170000076,71.86000061,0,51.49000168,74.65000153,63.77000046,16.42000008,14.18000031,56.70000076,17.88999939,8.899999619,4.730000019,8.899999619,35406,16373,27.22999954,61.18000031,11.15999985,24.34000015,678,127900,90.04000092,63.02000046,26.37000084,19.27000046,6.539999962,39.45999908,23.53000069,13.92000008
92.77999878,1.75,4.46999979,0,1.75999999,2.74000001,41.99000168,30.01000023,6.059999943,67.33999634,42.33000183,8.789999962,12.36999989,10.10000038,103596,40357,2.50999999,93.01999664,5.610000134,4.300000191,701,386000,51.08000183,41.13999939,25.36000061,18.78000069,6.170000076,63.68000031,13.07999992,5.960000038
98.58000183,0,0.379999995,0.219999999,0.159999996,1.860000014,45.47999954,17.21999931,1.350000024,61.54000092,32.00999832,6.21999979,13.61999989,27.62000084,47109,23292,12.44999981,81.37000275,24.44000053,2.349999905,249,64700,82.40000153,47.22000122,22.36000061,28.07999992,9.920000076,71.15000153,11.40999985,5.590000153
85.36000061,1.25999999,10.77999973,1.120000005,6.199999809,10.93000031,52.43000031,16.57999992,10.75,62.68000031,25.89999962,12.26000023,16.90999985,9.31000042,20536,17014,28.18000031,38.11999893,18.13999939,46.74000168,398,90300,91.81999969,72.45999908,19.26000023,10.64000034,2.470000029,35.81999969,26.44000053,21.69000053
62.52999878,30.54000092,6.079999924,0,4.849999905,5.5,39.11999893,30.64999962,6.710000038,54.68999863,42.72000122,11.39999962,15.72999954,15.07999992,53031,27121,14.65999985,76.55999756,18.63999939,12.22000027,568,162000,72.33999634,55.38999939,18.65999985,29.76000023,12.93000031,53.15999985,24.14999962,7.53000021
0,0,0,0,0,0,0,0,0,0,0,0,0,0,0,0,0,0,0,0,0,0,0,0,0,0,0,0,0,0
98.68000031,0.340000004,0.379999995,0.600000024,0,4.46999979,60.29999924,13.63000011,9.079999924,49.15999985,23.63999939,3.75,19.93000031,7.320000172,30933,20258,16.51000023,59.63000107,14.25,29.30999947,382,77200,83.84999847,59.70999908,20.98999977,29.87999916,7.949999809,51.70999908,32.27999878,12.64000034
4.710000038,85.33000183,8.149999619,0.920000017,16.21999931,18,57.61999893,3.980000019,13.93000031,49.16999817,17.34000015,0,0.579999983,3.230000019,20168,11382,43.59000015,0,2.599999905,100,478,0,97.97000122,36.77999878,33.04999924,15.86999989,5.699999809,15.31000042,21.85000038,52.09000015
78.26999664,0.150000006,16.20999908,0,8.68999958,19.23999977,31.34000015,25.45000076,8.529999733,73.16000366,32.29000092,3.049999952,8.779999733,9.06000042,60217,29579,2.25,72.5,13.38000011,0,1009,145900,44.08000183,57.65000153,23.71999931,12.06999969,2.200000048,46.11000061,19.95999908,20.54000092
86.15000153,3.779999971,1.960000038,1.289999962,7.420000076,10.76000023,29.69000053,43.79000092,1.470000029,68.83000183,35.56999969,2.119999886,4.730000019,11.57999992,68945,29449,1.309999943,90.83999634,9.960000038,0,1095,181500,13.13000011,92.75,29.29999924,10.43999958,2.539999962,64.41000366,9.550000191,2.099999905
20.04999924,78.34999847,0.889999986,0.189999998,1.889999986,2.099999905,51.31000137,10.06000042,18.12999916,61.16999817,38.83000183,19.01000023,16.95000076,2.930000067,23402,14039,44.40000153,28.46999931,6.420000076,58.75,476,87500,27.29000092,77.69999695,28.05999947,14.31000042,6.559999943,22.90999985,35.16999817,49.84000015
88.63999939,1.370000005,5.610000134,0,8.989999771,12.56000042,25.95999908,45.93999863,8.300000191,68.88999939,41.79999924,6.210000038,10.69999981,14.18000031,90577,41595,5.429999828,78.68000031,4.739999771,25.92000008,1200,396000,78.72000122,53.16999817,22.60000038,19.70000076,5.699999809,55.08000183,17.02000046,7.139999866
69.34999847,5,4.320000172,13.11999989,2.289999962,3.049999952,30.22999954,29.47999954,9.340000153,49.90999985,43.33000183,4.170000076,13.69999981,6.150000095,64097,33072,13.53999996,64.37000275,2.079999924,21.38999939,619,175900,71.44000244,64.16000366,19.35000038,33.56999969,9.989999771,54.33000183,19.52000046,9.25
91.95999908,2.24000001,0.730000019,0.239999995,8.81000042,5.769999981,33.59000015,35.06000137,6.639999866,14.30000019,34.36000061,2.50999999,25.19000053,19.69000053,57830,45782,4.929999828,92.90000153,6.980000019,0,856,245600,0.379999995,44.56999969,0,91.44000244,39.40999985,62.75,29.84000015,0
60.91999817,12.34000015,19.56999969,0,22.45000076,33.47999954,33.29000092,41.34000015,5.929999828,71.51000214,42.18000031,2.789999962,5.03000021,7.679999828,96830,31472,7.739999771,80.01000214,5.78000021,23.79000092,1313,402700,92.79000092,48.91999817,30.60000038,14.93999958,6.829999924,48.34999847,13.98999977,22.54000092
75.95999908,0,20.06999969,0.360000014,1.360000014,7.110000134,25.79000092,37.61000061,14.10999966,45.36999893,35.97000122,5.710000038,10.47999954,13.47000027,52568,34929,10.60999966,91.43000031,2.230000019,5.099999905,675,141600,92.54000092,55.81999969,16.39999962,37.18000031,14.73999977,46.20999908,32.75,4.659999847
3.390000105,94.58999634,1.460000038,0,2.869999886,5.190000057,40.47000122,31.42000008,10.97999954,53.27999878,35.74000168,2.00999999,4.730000019,6.829999924,19540,20157,32.59999847,15.85999966,20.06999969,73.66000366,605,195000,26.34000015,93.12999725,16.52000046,21.62000084,5.28000021,11.96000004,31.79999924,42.02000046
68.26999664,0,8.739999771,0.430000007,19.12999916,23.43000031,3.940000057,75.81999969,6.079999924,66.86000061,66.55999756,5.380000114,4.130000114,10.69999981,44840,28472,30.97999954,35.33000183,4.130000114,63.02000046,1145,533900,61.58000183,77.06999969,15.07999992,9.529999733,1.179999948,31.20999908,12.68999958,16.05999947
95.25,1.179999948,1.389999986,1.019999981,5.079999924,4.460000038,35.11000061,20.69000053,20.52000046,13.93999958,44.86999893,0,21.87999916,6.71999979,37825,30879,3.349999905,78.84999847,21,25.76000023,1576,128700,78.83999634,66.19000244,0.330000013,90.81999969,57.72000122,57.24000168,36.04000092,0
2.74000001,5.579999924,91.05000305,0,64.72000122,89.38999939,72.16000366,10.93000031,11.80000019,58.81999969,11.10000038,11.18999958,1.200000048,21.25,28885,12958,24.20000076,24.48999977,11.60000038,64.72000122,746,146500,89.30999756,72.54000092,20.87000084,19.39999962,9.090000153,37.20000076,21.28000069,16.85000038
94.01000214,0.389999986,4.269999981,0.25,2.549999952,6.03000021,25.89999962,41.02000046,8.850000381,57.61999893,39.95999908,20.71999931,9.050000191,24.06999969,55723,31765,9.779999733,87.33000183,41.59999847,8.909999847,503,251300,46.47999954,57.90999985,20.94000053,28.98999977,8.5,59.11000061,20.42000008,7.519999981
34.45000076,55.20000076,9.920000076,0,9.279999733,13.14999962,63.66999817,12.52999973,23.46999931,49.22999954,31.62000084,0,14.89999962,7.840000153,19495,16120,26.20000076,71.16000366,30.17000008,9.899999619,538,47500,77.55999756,54.79000092,18,31.92000008,6.400000095,43.22999954,24.79000092,16.70000076
51.22999954,29.87000084,7.940000057,5.289999962,7.369999886,21.36000061,7.260000229,50,0,100,20.62999916,0,16,0,60179,30464,0,100,0,0,0,34600,0,100,5.670000076,0,0,34.27000046,7.210000038,0
79.81999969,5.460000038,11.30000019,0,18.70000076,24.46999931,25.48999977,49.24000168,9.359999657,36.43000031,57.02999878,3.619999886,12.85000038,12.27999973,47052,35950,10.71000004,82.80999756,22.19000053,45.72000122,1379,179300,57.54000092,56.06999969,18.56999969,45.40000153,27.14999962,52.38999939,28.61000061,8.970000267
11.14999962,2.930000067,63.02999878,0.25999999,38.27000046,64.65000153,56.74000168,14.72000027,10.09000015,58.43999863,17.10000038,9.449999809,6.170000076,10.47999954,62417,20927,14.32999992,48,7.460000038,17.14999962,1352,451800,77.36000061,61.27000046,27.87000084,12.25,1.799999952,49.33000183,15.10000038,5.570000172
45.47999954,26.86000061,6.119999886,0,21.30999947,31.43000031,25.56999969,49.29000092,11.89000034,65.23999786,43.70000076,3.400000095,6.21999979,14.48999977,56960,35250,9.960000038,59.34999847,7.460000038,29.65999985,787,430800,60.38000107,60.72000122,20.93000031,20.34000015,5.829999924,47.20000076,19.87999916,18.81999969
64.38999939,19.51000023,7.239999771,0,5.610000134,11.85000038,56.52999878,6.139999866,9.050000191,61.66999817,14.25,2.039999962,3.349999905,12.43999958,42386,18195,41.95000076,55.56000137,27.78000069,19.75,782,133600,46.70999908,91.16999817,41.79000092,7.320000172,0.409999996,48.00999832,19.35000038,21.67000008
96.34999847,0.579999983,3.069999933,0,0.219999999,2.720000029,64.84999847,8.800000191,15.53999996,45.20000076,16.54000092,31.70999908,15.10999966,15.10000038,31404,16726,19.44000053,63.75999832,12.43999958,19.19000053,434,99800,67.87000275,48.70000076,20.30999947,29,8.550000191,52.93999863,20.71999931,10.30000019
39.20000076,2.269999981,27.21999931,0,50.63999939,60.61999893,35.72999954,37.58000183,9.729999542,75.59999847,36.09000015,0,1.659999967,12.89999962,91544,33826,9.159999847,26.87000084,11.06000042,80.08999634,1344,708300,59.29000092,72.30999756,14.85000038,15.44999981,4.75,37.45000076,13.76000023,7.739999771
89.51999664,7.829999924,1.159999967,0.330000013,0.209999993,0.879999995,54.50999832,21.04999924,14.86999989,54.20000076,39.40999985,11.65999985,11.97999954,7.849999905,34811,19144,26.34000015,75.47000122,24.64999962,5.429999828,299,83000,75.66999817,52.04000092,23.18000031,28.87000084,7.96999979,62.47000122,19.34000015,12.32999992
72.80000305,0.689999998,5.840000153,1.480000019,17.40999985,26.06999969,19.73999977,39.93000031,6.760000229,62.63000107,51.59000015,14.71000004,16.29000092,7.190000057,64428,34152,2.640000105,55.38000107,9.130000114,41.45000076,945,245300,0,81.93000031,24.39999962,14.25,4.550000191,56.22999954,21.45999908,11.18999958
25.62000084,66.30999756,7.420000076,0,9.300000191,7.889999866,42.47999954,19.82999992,5.949999809,60.09999847,31.54000092,16.26000023,9.369999886,6.260000229,43358,20838,19.05999947,58.68000031,19.02000046,22.32999992,550,117600,78.87000275,58.95999908,26.15999985,18.09000015,6.699999809,40.59999847,20.5,22.36000061
51.25,0.430000007,34.97999954,0.790000021,4.199999809,23.43000031,49.65999985,12.06999969,3.589999914,55.38000107,39.50999832,2.619999886,16.01000023,7.869999886,36910,19865,15.14999962,73.45999908,20.30999947,19.46999931,573,97300,81.37000275,51.66999817,20.04999924,22.05999947,9.449999809,45.27999878,30.57999992,21.21999931
82.20999908,3.220000029,9.239999771,2.369999886,4.610000134,7.940000057,48.40999985,10.71000004,7.010000229,60.93000031,18.72999954,9.369999886,10.39999962,7.159999847,36514,19296,23.05999947,65.20999908,14.21000004,10.98999977,554,64300,86.30999756,58.59000015,28.13999939,18.29999924,7.730000019,40.70000076,35,24.94000053
25.80999947,7.349999905,61.97000122,0,38.45000076,66.48000336,65.30000305,12.60999966,10.05000019,53.61000061,14.15999985,27.79999924,3.920000076,3.059999943,59000,16840,14.64000034,80.30999756,12.26000023,0,1198,155000,66.83999634,72.54000092,39.47999954,5.570000172,1.480000019,50.61000061,10.77000046,11.68000031
34.25999832,9.779999733,46.50999832,0,32.34999847,40.90999985,32.95999908,34.29999924,6.590000153,50.49000168,44.45999908,5.510000229,11.72999954,10.36999989,60455,30509,11.40999985,69.97000122,0,24.93000031,279,304000,45.43999863,56.5,21.61000061,28.88999939,11.47999954,51.47000122,22.64999962,2.880000114
99.23000336,0.02,0,0,0.730000019,0.99000001,52,14.17000008,8.079999924,62.43999863,27.96999931,20.05999947,15.68999958,9.880000114,64138,29475,2.339999914,79.55000305,4.550000191,3.130000114,657,168700,60.72999954,55.93999863,23.03000069,23.06999969,6.579999924,60.86000061,14.93000031,8.680000305
22.12000084,5.440000057,60.72999954,0,34.90000153,64.05000305,57.36999893,17.13999939,10.65999985,59.81000137,20.29999924,11.75,4.28000021,13.72999954,43015,16249,24.80999947,53.77999878,5.630000114,39.22000122,641,104800,28.90999985,69.58000183,35.38999939,11.64000034,1.460000038,48.63999939,15.14999962,20.09000015
5.869999886,93.04000092,0,0,0.059999999,1.549999952,56.54999924,4.360000134,43.90000153,67.02999878,35.33000183,23.37000084,10.56999969,11.68000031,14932,12231,43.04000092,36.56999969,23.12999916,29.77000046,266,57500,89.31999969,60.02999878,22.5,17.28000069,5.349999905,19.29000092,32.08000183,39.95000076
8.039999962,10.61999989,46.74000168,0,45.84999847,59.97999954,51.93000031,23.65999985,10.25,59.50999832,27.89999962,6.809999943,4.590000153,6.010000229,56977,19750,14.17000008,35.56000137,15.92000008,82.5,1347,520000,89.36000061,71.97000122,33.54000092,10.23999977,4.800000191,59.99000168,11.53999996,16.87000084
96.91000366,0.289999992,0.569999993,0,6.320000172,1.629999995,54.41999817,13.92000008,13.36999989,50.86999893,26.62999916,23.14999962,18.68000031,4.989999771,43942,24739,8.470000267,79.55000305,25.70000076,12.63000011,405,77300,75.63999939,55.04000092,12.72000027,27.72999954,8.760000229,51.06999969,25.45000076,9.859999657
77.19000244,4.960000038,14.27000046,0.289999992,1.870000005,3.299999952,34.24000168,18.64999962,4.960000038,67.15000153,28.32999992,11.14000034,20.55999947,9.18999958,69590,25569,5.039999962,89.79000092,11.43999958,0.209999993,1257,181700,8.619999886,83.44999695,26.80999947,16.02000046,2.910000086,69.19000244,14.10999966,4.920000076
97.44000244,1.039999962,0.400000006,0.029999999,1.220000029,1.99000001,61.65000153,13.97999954,8.680000305,55.15000153,37.15000153,6.760000229,11.90999985,15.15999985,37517,19367,15.71000004,76.44000244,15,9.729999542,317,70200,75.83999634,55.11999893,23.78000069,27.37999916,12.39000034,55.88000107,24.04999924,10.60999966
98.80999756,0,0,0.850000024,1.360000014,2.769999981,52.06999969,23.37999916,1.620000005,52.43999863,26.17000008,11.01000023,13.31000042,24.19000053,35682,20353,10.52999973,89.73000336,81.45999908,34.22999954,308,137100,41.06000137,42.97000122,14.36999989,34.00999832,8.5,56.04999924,21.36000061,2.589999914
86.33999634,0.74000001,8.550000191,1.25,1.99000001,7.059999943,43.58000183,20.62999916,3.930000067,56.38000107,32.29000092,18.94000053,15.81999969,8.079999924,50693,22664,12.01000023,78.77999878,5.150000095,5.46999979,649,161000,73.58000183,56.63999939,30.38999939,21.10000038,8.039999962,59.84000015,21.47999954,16.70999908
48.61000061,43.65000153,0,7.300000191,0,1.179999948,59.49000168,8.340000153,22.45000076,46.47000122,21.93000031,19.5,9.409999847,4.489999771,29414,15006,23.27000046,76.12999725,11.51000023,4.730000019,360,59100,51.61999893,43.24000168,23.14999962,23.70999908,6.239999771,48.86999893,20.53000069,15.15999985
92.91999817,3.50999999,0.050000001,0,3.900000095,6.739999771,44.95000076,35.13000107,5.21999979,25.62000084,60.43999863,19.87000084,15.94999981,27.10000038,44048,34765,3.339999914,63.90000153,6.139999866,33.02000046,1373,160200,17.03000069,58.65999985,12.78999996,59.43999863,43.83000183,46.90999985,40.63000107,0
10.21000004,2.619999886,82.76999664,0.209999993,42.09999847,80.66000366,66.80999756,13.06999969,12.19999981,59.38000107,22.26000023,16.63999939,4.300000191,7.539999962,43513,15451,28.47999954,25.56999969,2.25,61.40000153,1116,248900,69,78,34.45999908,10.31000042,2.549999952,38.97000122,19.48999977,28.56999969
98.16999817,0.059999999,0,0,1.179999948,1.039999962,28.37000084,52.36000061,6.239999771,60.22999954,63.72000122,8.229999542,11.39000034,21.47999954,84826,48174,5.420000076,95.38999939,9.149999619,0,0,265400,33.79999924,54.61000061,26.03000069,12.77999973,6.710000038,78.95999908,6.840000153,1.830000043
95.23000336,0.409999996,4.369999886,0,3.420000076,4.260000229,38.38999939,33.75999832,7.21999979,58.63000107,44.18000031,10.26000023,7.75,20.09000015,59625,34651,8.460000038,83.83999634,7.679999828,0,545,285100,42.77000046,48.54000092,25.44000053,18.65999985,6.510000229,63.97999954,14.89999962,3.329999924
77.11000061,12.22000027,6.340000153,0.230000004,9.68999958,13.22000027,79.06999969,13.94999981,20.25,41.25999832,15.14999962,2.75999999,0.600000024,1.639999986,4311,4568,91.77999878,0.980000019,29.45999908,92.02999878,710,0,27.55999947,99.01999664,0,0.230000004,0,1.200000048,0.519999981,0
72.51999664,17.84000015,4.369999886,0,5.909999847,5.849999905,27.23999977,29.68000031,5.53000021,84.45999908,33.47999954,6.199999809,6.960000038,6.019999981,41625,23860,19.55999947,23.38999939,16.43000031,72.70999908,675,141200,30.87999916,89.83000183,23.54000092,8.409999847,2.880000114,27.46999931,19.92000008,23.55999947
84.05999756,0.49000001,2.630000114,0,13.02999973,18.52000046,6.21999979,87.54000092,3,47.63999939,70.12000275,5.760000229,4.900000095,23.98999977,250001,114510,2.529999971,98.44999695,4.340000153,0,2001,1000001,92.63999939,40.75,36.25,15.06000042,5.239999771,73.05000305,7.320000172,2.809999943
83.04000092,2.74000001,3.390000105,0,10.31000042,10.28999996,25.27000046,51.20999908,5.929999828,51.27000046,58.68000031,2.00999999,7.510000229,16.79000092,110896,54134,4.889999866,77.27999878,2.819999933,26.92000008,2001,616100,27.18000031,64.77999878,25.71999931,23.07999992,12.84000015,58.65000153,18.01000023,8.409999847
51.34000015,7.989999771,22.95000076,1.460000038,12.35999966,19.37999916,33.34000015,19.88999939,9.220000267,68.90000153,26.15999985,2.309999943,11.15999985,8.989999771,80106,28096,7.800000191,81.26000214,8.760000229,1.149999976,1259,211500,1.570000052,73.11000061,24.59000015,13.22999954,2.920000076,42.22000122,24.30999947,15.34000015
35.84999847,0.660000026,61.27999878,0.870000005,16.71999931,53.79000092,59.41999817,13.14000034,7.21999979,44.04000092,27.35000038,7.159999847,11.02000046,6.710000038,41444,16587,21.07999992,75.08999634,21.89999962,3.730000019,341,85400,81.08000183,55.81999969,32,19.60000038,6.519999981,56.34999847,15.73999977,15.77000046
93.15000153,2.569999933,2.390000105,0,3.99000001,4.340000153,39.13000107,26.35000038,10.72999954,57.56000137,32.41999817,3.529999971,17.42000008,11.10000038,55403,27474,1.860000014,79.68000031,18.57999992,10.06999969,1179,137100,74.83999634,55.90000153,19.70000076,35.13999939,16.30999947,55.41999817,23.30999947,7.119999886
63.27999878,36.16999817,0,0,0.360000014,0.930000007,64.62000275,5.139999866,28.96999931,62.5,19.39999962,18.12999916,11.13000011,7.159999847,29444,13874,27.53000069,62.58000183,24.72999954,7.539999962,519,70200,78.88999939,55.77000046,21.55999947,18.63999939,6.71999979,44.66999817,20.43000031,14.81999969
87.23999786,2.119999886,9.340000153,0,16.27000046,21.14999962,40.97000122,23.21999931,8.420000076,54.58000183,27.31999969,0.49000001,13.55000019,19.29000092,36134,24262,17.73999977,55.25999832,38.52000046,54.33000183,808,199900,41.91999817,69.94000244,15.59000015,25.37000084,10.57999992,48.74000168,23.01000023,7.260000229
53.90999985,0.879999995,41.72999954,0.550000012,18.20000076,36.29999924,57.81000137,12.03999996,14.82999992,50.54000092,19.87999916,6.769999981,9.369999886,17.97999954,43125,18306,15.77000046,46.95999908,6.860000134,41.65000153,966,253000,55.65999985,69.76999664,33.65000153,14.67000008,5.590000153,51.31999969,18.30999947,12.44999981
38.36999893,7.840000153,35.59000015,0,25.98999977,34.33000183,30.64999962,47.68000031,8.050000191,65.66000366,49.90999985,6.420000076,1.830000043,15.46000004,54634,34416,15.90999985,35.83000183,21.22999954,87.75,994,437500,73.58999634,84.09999847,21.39999962,10.30000019,5.019999981,32.5,14.89000034,19.79999924
17.72999954,3.690000057,73.19999695,1.539999962,47.45999908,66.47000122,80.13999939,5.119999886,12.46000004,58.20000076,9.109999657,21.93000031,4.949999809,0,33799,12674,22.57999992,22.87999916,12.60000038,63.27000046,442,92000,93.75,80.19999695,32.06999969,8.81000042,3.029999971,52.02000046,16.04000092,4.849999905
2.319999933,68.51999664,26.19000053,1.940000057,20.96999931,37.43999863,45.66999817,16.72999954,13.07999992,54.20000076,24.72999954,6.989999771,1.980000019,0,36603,16335,26.19000053,48.97999954,26.78000069,57.68999863,730,216400,33.54999924,68.16999817,34.84000015,14.89999962,2.130000114,22.79000092,20.70000076,45.29000092
55.29000092,40.68999863,0.409999996,0.109999999,2.480000019,3.930000067,33.84999847,33.63000107,5.71999979,69.94000244,26.72999954,6.230000019,6.139999866,3.059999943,35208,20768,31.61000061,28.81999969,15.02000046,63.34999847,545,135500,22.27000046,89.59999847,22.51000023,10.85000038,4.570000172,27.59000015,22.46999931,29
7.570000172,1.00999999,87.45999908,0.879999995,49.34999847,86.40000153,83.93000031,4.789999962,8.529999733,45.18999863,7.699999809,0,2.700000048,8.729999542,27250,7734,63.61999893,56.59999847,12.22000027,4.440000057,448,34900,75.70999908,75.94999695,40.84999847,6.389999866,0.379999995,40.31000137,15.76000023,37.56000137
50.66999817,1.789999962,36.00999832,0.25,12.36999989,31.17000008,49.93999863,15.76000023,13.86999989,55.45999908,32.61000061,15.36999989,12.97999954,18.5,52800,28001,18.37000084,81.04000092,13.43999958,2.609999895,629,276900,78.20999908,52.93999863,22.61000061,24.14999962,8.869999886,62.52999878,17.09000015,4.190000057
81.09999847,4.849999905,12.05000019,1.799999952,3,4.670000076,39.58000183,19.28000069,12.15999985,47.16999817,30.51000023,4.710000038,16.72999954,4.940000057,68611,24259,8.470000267,70.06999969,22.79000092,6.800000191,636,259200,31.15999985,61.18999863,34.5,16.89999962,5.46999979,61.11000061,18.54999924,12.64999962
72.31999969,1.350000024,17.94000053,5.019999981,5.019999981,17.5,29.20000076,41.83000183,5.599999905,57.72000122,30.57999992,23.64999962,13.67000008,6.800000191,44180,26453,13.21000004,61.91999817,7.400000095,28.89999962,701,120100,92.91999817,60.16999817,24.20000076,25.71999931,10.22000027,57.93000031,16.03000069,14.81000042
89.75,5.070000172,3.00999999,0,11.39000034,14.48999977,7.099999905,81.37000275,6.610000134,61.13000107,74.09999847,7.079999924,5.099999905,19.69000053,158056,70708,0.860000014,95.80000305,5.929999828,0.600000024,2001,649500,94.38999939,45.70000076,35.25,18.37000084,5.900000095,74.15000153,5.690000057,1.440000057
72.23000336,7.340000153,16.48999977,0,20.89999962,34.38000107,49.47000122,19.18000031,10.02999973,62.29999924,27.73999977,9.020000458,5.909999847,5.730000019,49049,23724,9.869999886,47.31999969,7.53000021,77.45999908,769,144900,66.02999878,67.23000336,17.62999916,20.09000015,10.05000019,41.61999893,27.20000076,6.309999943
85.58999634,7.710000038,2.279999971,0,4.920000076,6.190000057,33.79999924,34.29999924,7.110000134,67.05999756,26.63999939,10.36999989,10.39000034,9.220000267,44660,35070,10.09000015,57.83000183,4.460000038,40.90999985,584,170800,62.27000046,64.37000275,17.93000031,22.52000046,7.21999979,45.72000122,24.61000061,16.90999985
57,7.630000114,33.66999817,0,14.69999981,28.54999924,40.63000107,26.80999947,6.130000114,57.54000092,33.20999908,16.54999924,13.63000011,11.06000042,70241,28064,14.26000023,72.12999725,12.18999958,5.460000038,615,174500,20.22999954,73.05999756,30.60000038,15.05000019,3.269999981,56.25999832,15,5.5
91.80999756,0,0.829999983,1.029999971,4.369999886,5.340000153,41.66999817,35.25,4.070000172,64.38999939,44.38999939,8.380000114,13.85000038,8.590000153,82102,45649,3.480000019,78.26000214,5.699999809,17.92000008,864,181800,55.40000153,44.06000137,21.87000084,17.46999931,7.389999866,64.88999939,14.42000008,4.989999771
93.30000305,2.049999952,2.170000076,0.059999999,1.269999981,3,49.61000061,16.81999969,4.829999924,57.36999893,27.78000069,13.27000046,16.77000046,4.380000114,40439,19751,12.81999969,70.48000336,10.68999958,14.22000027,451,70400,98.91000366,51.15999985,23.54000092,21.85000038,8.390000343,52.13999939,19.28000069,18.39999962
20.37000084,76.69000244,0,0,1.309999943,0.839999974,52.61000061,11.81999969,38.66999817,66.26000214,23.09000015,4.090000153,4.179999828,14.73999977,25371,9956,52.11999893,37.83000183,41.04000092,53.74000168,535,57600,94.77999878,70.81999969,36.16999817,8.43999958,3.269999981,19.38999939,21.10000038,61.13000107
62.24000168,0.079999998,35.63000107,0.730000019,14.52999973,31.09000015,54.61000061,16.85000038,12.26000023,58.15999985,26.63999939,7.590000153,11.17000008,14.71000004,44922,21341,14.72000027,79.62999725,9.170000076,0.280000001,519,238600,58.86000061,58.58000183,24.84000015,24.79999924,6.800000191,52.77000046,22.04000092,6.590000153
20.88999939,58.34000015,20.10000038,0.680000007,12.17000008,18.20000076,66.08999634,6.849999905,13.89000034,60.81999969,7.329999924,18.40999985,8.069999695,5.130000114,25811,12420,49.74000168,44.27999878,13.51000023,15.53999996,500,83900,55.97000122,59.47000122,30.62000084,15.89000034,1.730000019,22.5,29.95999908,34.50999832
80.05000305,2.839999914,13.32999992,0,9.489999771,14.32999992,26.75,44.04999924,7.5,68.76999664,45.45000076,9.640000343,7.409999847,9.279999733,61641,33392,9.770000458,76.43000031,2.890000105,16.20000076,916,184400,57.27999878,74.5,25.62999916,17.88999939,4.929999828,51.93999863,20.5,15.26000023
34.18999863,51.06000137,11.47000027,0,11.89000034,13.48999977,52.93999863,13.30000019,20.29000092,65.52999878,35.91999817,12.26000023,10.18999958,5.400000095,42736,17411,13.39999962,63.38000107,10.30000019,22.71999931,646,135700,17.77000046,73.08999634,31.48999977,13.31000042,3,43.08000183,21.51000023,23.07999992
20.39999962,22.30999947,47.56999969,2.950000048,15.18999958,31.25,61.06000137,0.689999998,0,0,0,0,7.639999866,0,0,1018,0,0,0,0,0,0,0,0,0,5.730000019,0,16.22999954,30.81999969,0
90.70999908,1.090000033,4.639999866,0.270000011,2.950000048,3.690000057,41.5,24.82999992,10.90999985,62.27999878,35.97000122,27.29999924,8.5,7.269999981,64917,27539,14.60000038,77.11000061,9.329999924,21.59000015,634,154400,61,54.52999878,29.88999939,14.64000034,3.390000105,55.61999893,21.37000084,16
86.90000153,0,12.19999981,0.310000002,7.679999828,14.34000015,43.50999832,15.01000023,3.779999971,52.65000153,27.63999939,13.85999966,11.92000008,14.38000011,58125,24394,5,79.52999878,13.43999958,3.25,607,162400,62.33000183,55,25.11000061,27.55999947,6.159999847,64.65000153,15.30000019,14.47000027
74.90000153,11.52999973,7.730000019,0,5.159999847,9.5,17.29000092,46.58000183,6.440000057,71.02999878,44.84999847,1.25999999,10.52999973,10.18999958,37946,46030,17.87000084,24.11000061,25.20000076,92.76000214,714,298300,98.11000061,84.83999634,5.289999962,21.56999969,9.5,29.34000015,18.09000015,0
10.76000023,24.56999969,50.70000076,0.059999999,44.40999985,63.68999863,25.80999947,44.5,10.93000031,68.30000305,47.20000076,5.71999979,2.730000019,12.14999962,87443,29489,3.829999924,86.81999969,9.170000076,15.75,1497,310900,0.819999993,83.04000092,29.12000084,8.260000229,3.690000057,53.20999908,16.72999954,14.63000011
51.90999985,4.329999924,25.52000046,0,26.05999947,33.74000168,25.36000061,46.29000092,6.789999962,55.75999832,49.68999863,7.809999943,5.53000021,9.880000114,98864,41574,4.739999771,78.65000153,2.690000057,15.43999958,840,682500,94.30999756,43.70999908,19.42000008,25.35000038,7.590000153,61.49000168,14.39000034,8.359999657
86.33000183,0.319999993,12.21000004,0.209999993,1.100000024,5.380000114,23.92000008,35.29999924,3.920000076,62.74000168,43.63000107,9.949999809,11.86999989,13.59000015,80442,33572,2.109999895,84.86000061,3.279999971,12.59000015,760,158200,21.98999977,53.11000061,26.01000023,17.81999969,3.170000076,67.47000122,11.97999954,6.090000153
98.47000122,0,0.649999976,0,1.929999948,4.539999962,49.47999954,18.92000008,10.60000038,63.43999863,35.24000168,21.05999947,14.53999996,3.619999886,49982,25249,18.73999977,76.27999878,4.739999771,23.28000069,903,170900,61.02000046,55.06999969,22.25,27.01000023,6.349999905,42.90999985,27.90999985,16.70000076
33.25999832,3.630000114,49.16999817,0,41.63000107,54.13999939,39.72000122,30.27000046,8,73.55999756,33.25,3.539999962,6.690000057,7.880000114,71583,30515,7.75,57.93000031,7.829999924,31.23999977,1373,237200,67.5,65.30000305,21.46999931,8.81000042,1.639999986,34.29000092,16.48999977,28.32999992
94.05999756,0.579999983,1.720000029,0.49000001,0.670000017,2.819999933,60.11999893,12.07999992,14.10000038,51.02999878,26.5,13.15999985,9.359999657,16.37000084,45952,20843,9.279999733,84.04000092,17.45999908,0.939999998,414,98000,36.93000031,47.52000046,22.80999947,20.10000038,4.519999981,59.41999817,19.76000023,4.289999962
79.48000336,5.349999905,7.78000021,0.02,12.90999985,18.42000008,8.880000114,81.58999634,3.980000019,79.48000336,79.87000275,2.599999905,1.649999976,15.39999962,123312,92599,3.420000076,43.83000183,1.600000024,89.94999695,1717,869200,96.37000275,64.25,20.07999992,17.27000046,4.28000021,54.93000031,11.14999962,1.720000029
80.5,0.49000001,16.54999924,0,10.39000034,16.37999916,66.25,8.069999695,18.62999916,55.52999878,15.65999985,17.02000046,11.06000042,4.659999847,27744,16326,33.54000092,53.91999817,6.460000038,21.98999977,417,100900,59.88000107,68.58000183,24.85000038,17.15999985,7.869999886,41.49000168,26.27000046,20.22999954
95.68000031,1.700000048,1.440000057,0,0.529999971,1.639999986,41.22999954,15.77000046,7.150000095,66.95999908,26.5,11.5,8.850000381,8.569999695,64205,24010,10.84000015,84.95999908,3.609999895,2.75,747,123000,55.95000076,46.11999893,22.53000069,18.82999992,3.440000057,53.61999893,17.86000061,9.31000042
48.99000168,0.49000001,1.539999962,0.379999995,39.27999878,44.13000107,9.460000038,77.84999847,4.329999924,58.34999847,74.51000214,16.53000069,3.349999905,4.25,152845,52537,1.25,94.26999664,5.369999886,5.869999886,1766,555500,12.05000019,79.05000305,36.65000153,4.800000191,0.170000002,75.77999878,4.920000076,3.029999971
62.20000076,2.160000086,21.67000008,6.360000134,6.840000153,14.47999954,23.89999962,34.13000107,6.070000172,60.66999817,40.81000137,6.75,16.12999916,10.65999985,56711,40453,9.520000458,48.72999954,3.670000076,50.27999878,724,288000,43.08000183,69.02999878,16.62000084,22.87999916,5.909999847,48.06999969,20.61000061,19.23999977
38.11999893,50.08000183,7.079999924,0.479999989,7.989999771,9.670000076,61.81999969,5.099999905,16.94000053,54.68999863,9.75,2.950000048,6.190000057,8.420000076,19884,12469,41.43999863,37.90999985,21.79999924,61.97999954,432,66100,92.66999817,75.83000183,27.61000061,14.68999958,6.269999981,28,18.42000008,32.66999817
43.29999924,33.81999969,14.97000027,0.02,7.289999962,11.97000027,55.09000015,15.94999981,12.71000004,55.5,22.98999977,14.56000042,11.53999996,3.130000114,29679,16471,26.07999992,48.93999863,17.09000015,32.24000168,524,85700,75.43000031,63.13000107,25.03000069,20.04999924,7.170000076,35.95999908,23.97999954,26.70000076
78.23999786,14.81000042,1.789999962,0.180000007,3.910000086,6.570000172,58,12.38000011,12.43999958,49.52999878,21.71999931,4.139999866,7.440000057,2.210000038,21282,11851,46.56999969,28.73999977,17.98999977,72.26999664,530,57600,100,75.69000244,18.62000084,8.890000343,3.470000029,15.18999958,18.02000046,23.29999924
71.05999756,0,13.81000042,1.159999967,16.61000061,22.46999931,19.10000038,45.38999939,9.579999924,60.50999832,45.86999893,11.61999989,7.730000019,10.15999985,93932,39747,7.010000229,78.36000061,4,17.12999916,1520,617700,92.08000183,50.11000061,20.93000031,19.65999985,7.880000114,54.47000122,19.62999916,3.069999933
73.38999939,13.51000023,11.27000046,0.819999993,4.960000038,11.82999992,56.47999954,12.44999981,16.73999977,68.09999847,19.37999916,16,10.35000038,3.380000114,26821,14322,32.95000076,40.59000015,10.71000004,36,626,72200,66.69000244,77.98000336,20.30999947,14.89000034,5.260000229,33.47000122,24.69000053,23.59000015
85.81999969,0.930000007,9.600000381,0.449999988,10.11999989,9.93999958,10.84000015,74.68000031,2.619999886,58.70999908,50,0.620000005,7.420000076,23.12000084,62247,43348,4.820000172,85.44000244,5.559999943,0,1147,385900,3.910000086,65.62999725,8.609999657,38.06999969,3.299999952,55.70000076,30.44000053,0
14.81999969,25.90999985,16.30999947,1.309999943,30.11000061,39.11000061,30.69000053,30.21999931,13.02999973,64.36000061,31.93000031,11.56999969,10.44999981,13.53999996,61121,26430,13.01000023,49,6.610000134,43.04000092,1129,341300,40.22999954,69.12999725,20.14999962,19.42000008,5.010000229,46.77000046,19.13999939,27.07999992
51.27999878,0,46.47999954,0.419999987,18.11000061,39.61000061,54.77000046,15.22000027,4.019999981,49.72000122,16.30999947,4.260000229,8.670000076,7.710000038,58314,27508,8.989999771,64.72000122,11.67000008,4.820000172,526,94100,79.31999969,52.22000122,22.89999962,23.57999992,8.25,55.15000153,19.29000092,10.03999996
51.70999908,24.03000069,18.14999962,0,31.92000008,39.56999969,44.09999847,20.30999947,18.02000046,69.01999664,20.84000015,4.239999771,6.179999828,10.39000034,37468,23611,20.54999924,42.83000183,26.36000061,66.80000305,788,182600,51.84000015,72.43000031,17.92000008,21.56999969,8.260000229,34.52000046,30.37000084,16.12999916
67.23000336,10.39999962,14.19999981,0,12.40999985,19.30999947,42.52000046,18.06999969,6.380000114,78.34999847,26.20000076,4.730000019,21.38999939,9.069999695,38464,21384,12.07999992,23.40999985,6.159999847,61.84999847,612,76100,46.04000092,83.5,22.28000069,8.479999542,1.940000057,52.63999939,19.60000038,10.60000038
88.69000244,0.589999974,1.769999981,0,13.42000008,9.039999962,29.52000046,47.95000076,0,38.20000076,56.99000168,1.549999952,23.12000084,14.68000031,82179,56256,1.179999948,81.33999634,51.81999969,94.72000122,1635,319000,79,58.83000183,1.100000024,56.54000092,22.11000061,55.11999893,23.71999931,0
59.40000153,30.29999924,2.380000114,0,15.96000004,21.54000092,24.62999916,52.97999954,5.619999886,69.70999908,57.59999847,4.349999905,6.920000076,11.81000042,101385,38745,6.03000021,79.23000336,4.429999828,22.60000038,1129,408300,89.58000183,50.99000168,28.27000046,14.34000015,3.910000086,53.84000015,11.53999996,11.77999973
94.48999786,0.50999999,2.400000095,1.429999948,2.230000019,2.880000114,35.41999817,33.27000046,13.18000031,50.65000153,34.56000137,10.01000023,13.10000038,24.77000046,49239,26799,9.630000114,92.63999939,47.08000183,3.079999924,558,214800,52.70999908,44.24000168,18.86000061,32.20000076,8.369999886,66.73000336,15.44999981,5.539999962
55.52999878,5.050000191,38.08000183,0.109999999,8.859999657,28.01000023,25.94000053,56.97999954,9.199999809,73.29000092,63.74000168,3.00999999,4.590000153,15.81000042,63883,39029,24.59000015,50.45999908,8.140000343,44.52999878,807,357200,75.48999786,78.72000122,23.29000092,10.13000011,2.710000038,29.26000023,19.69000053,22.71999931
85.87000275,1.50999999,8.850000381,0,3.690000057,9.039999962,67.66999817,10.44999981,8.920000076,56.65000153,20.95000076,22.15999985,13.22000027,6.090000153,45500,21775,17.87000084,64.48000336,2.779999971,26.96999931,633,114800,73.33000183,63.56000137,22.84000015,24.97999954,11.19999981,45.38999939,24,12.89999962
69.23000336,22.65999985,3.690000057,0,2.220000029,3.460000038,72.83000183,5.159999847,11.28999996,53.11000061,14.31999969,2.900000095,7.389999866,6.769999981,30893,13298,22.70999908,55.79000092,9.170000076,25.28000069,419,94000,44.79999924,64.72000122,28.56999969,17.18000031,5.210000038,32.90999985,30.60000038,25.63999939
26.80999947,0.460000008,71.12000275,0.079999998,31.59000015,60.72999954,62.81999969,10.61999989,22.28000069,49.31000137,23.73999977,5.380000114,4.5,14.94999981,42051,20074,21.62999916,64.90000153,12.06999969,5.579999924,503,155800,55.81000137,44.68999863,29.37000084,19.20999908,5.079999924,50.09999847,12.77000046,3.220000029
78.48000336,14.63000011,0.920000017,0,12.47999954,15.14999962,13.65999985,60.81999969,6.340000153,77.61000061,58.72000122,3.539999962,4.739999771,16.01000023,114875,53070,1.830000043,95.73999786,4.460000038,0.389999986,1061,388100,26.47999954,48.86999893,25.04000092,20.02000046,2.49000001,64.95999908,14.81999969,5.050000191
19.44000053,15.47999954,59.02000046,0.959999979,35.27999878,56.02999878,58.52000046,21.45000076,3.289999962,63.91999817,22.07999992,5.869999886,5.239999771,5.070000172,49390,19352,26.36000061,54.36000061,7.340000153,39.20999908,705,136300,64.18000031,64,27.60000038,12.39000034,4.409999847,39.58000183,20.55999947,19.19000053
91.33999634,0.280000001,7.769999981,0,2.779999971,4.239999771,68.40000153,9.050000191,11.27000046,42.56000137,16.78000069,17.57999992,11.11999989,18.37999916,35824,15300,35.49000168,79.33000183,13.97999954,3.25,497,106400,61.25,54.81000137,31.21999931,17.09000015,4.050000191,57.18000031,24.01000023,9.479999542
92.55999756,1.409999967,3.430000067,0.059999999,1.24000001,2.569999933,36.86000061,30.27000046,7.820000172,65.37000275,37.59999847,21.82999992,8.300000191,8.720000267,77138,29957,3.910000086,91.68000031,8.369999886,3.640000105,600,283500,45.70999908,52.11999893,29.84000015,12.86999989,2.809999943,67.98000336,9.739999771,5.409999847
96.44000244,0.579999983,2.220000029,0,0.579999983,2.730000019,55.15999985,12.06000042,9.909999847,65.98999786,34.84000015,9.800000191,10.02999973,18.12999916,53750,24971,8.470000267,78.75,9.329999924,8.989999771,478,119200,86.79000092,45.79999924,21.73999977,26.37999916,10.52999973,57.40999985,23.65999985,8.850000381
67.38999939,21.64999962,1.929999948,0.209999993,9.270000458,11.64000034,34.72000122,24.30999947,6.889999866,75.66000366,45.29000092,7.880000114,14.82999992,3.880000114,94338,35506,4.25,93.01000214,1.350000024,1.399999976,1217,315000,14.5,65.08999634,26.47999954,14.26000023,3.839999914,57.06999969,17.73999977,6.440000057
91.44000244,0.479999989,4.920000076,0.610000014,2.410000086,3.24000001,28.79000092,33.08000183,4.920000076,72.66999817,37.41999817,3.49000001,15.48999977,6.099999905,58968,34286,10.22000027,63.29000092,3.50999999,34.27000046,657,188000,51.75,61.56999969,24.89999962,15.31000042,5.659999847,53.13000107,15.52999973,23.03000069
66.34999847,20.01000023,4.389999866,0,9.649999619,8.760000229,25.13999939,48.43999863,5.739999771,65.94999695,52.70000076,4.380000114,8.640000343,16.69000053,48485,28157,14.44999981,45.41999817,24.01000023,55.75999832,761,186900,28.56999969,75.58999634,12.11999989,19.10000038,6.570000172,41.88999939,16.04000092,12.07999992
33.24000168,60.15000153,1.00999999,0.469999999,2.819999933,4.940000057,39.52999878,15.63000011,16.01000023,63.54000092,29.39999962,9.18999958,15.69999981,6.190000057,53977,19593,15.48999977,80.5,14.88000011,0.270000011,736,103200,88.76000214,61.06999969,30.51000023,17.03000069,3.710000038,50.5,19.95000076,21.42000008
80.51000214,8.359999657,3.569999933,0,8.979999542,10.60999966,40.45000076,31.11000061,3.099999905,61.45000076,36.18000031,11.52000046,6.349999905,7.699999809,54122,23771,8.050000191,57,6.690000057,37.54999924,513,165100,25.78000069,79.80999756,26.85000038,17.43000031,5.599999905,50.45999908,19.87999916,9.5
0.75,99.25,0,0,0,0.639999986,46.70000076,16.55999947,14.39000034,57.25,21.45000076,11.31999969,13.72999954,4.130000114,31696,16331,16.70999908,63.79000092,13.52000046,7.360000134,507,78600,91.18000031,40.68000031,22.73999977,23.28000069,12.07999992,22.01000023,35.16999817,30.85000038
67.86000061,31.79000092,0,0,1.480000019,0.649999976,49.79000092,18,0.689999998,54.41999817,23.95999908,6.010000229,15.39000034,7.78000021,51397,27596,10.60999966,80.73000336,28.89999962,0,571,197700,49.38000107,52.11000061,20.70000076,32.09999847,10.06000042,53.31000137,26.84000015,13.61999989
93.5,2.799999952,0,0,12.10000038,17.48999977,41.5,25.90999985,15.39999962,52.81000137,37.34999847,16.04000092,9.930000305,3.74000001,55861,29603,9.850000381,93.69000244,6.21999979,4.550000191,922,123400,84.15000153,37.59000015,16.42000008,30.67000008,15.77000046,54.25,19.02000046,9.159999847
45.59000015,46.95000076,3.230000019,1.080000043,3.150000095,6.389999866,61.59000015,15.09000015,12.77999973,27.17000008,29.96999931,2.019999981,13.31000042,10.32999992,13346,26183,41.15000153,9.739999771,25.85000038,92.38999939,453,229800,87.58000183,81.05000305,2.369999886,40.65000153,20.93000031,17.69000053,47.06000137,21.70999908
6.840000153,10.85000038,43.97000122,0.879999995,57.95000076,61.81000137,68.66000366,21.88999939,9.279999733,46.34999847,22.87000084,3.319999933,4.269999981,12.81000042,50094,16405,15.39000034,40.13999939,10.39000034,76.43000031,1120,526900,100,68.86000061,17.86000061,18.02000046,11.22000027,44.54000092,20.03000069,1.100000024
90.23999786,0.200000003,1.429999948,0,10.14999962,13.03999996,17.61000061,67.68000031,3.130000114,50.93000031,70.76999664,9.319999695,8.18999958,17.76000023,125313,75328,4.550000191,85.38999939,6.789999962,24.79999924,1495,663800,81.30000305,54.08000183,26.94000053,27.18000031,13.60000038,58.56000137,22.63999939,3.099999905
82.86000061,5.599999905,3.900000095,0,5.5,6.53000021,13.31999969,67.56999969,4.289999962,39.09000015,62.45000076,1.49000001,12.48999977,11.64000034,71684,34695,21.23999977,63.22999954,22.87000084,28.36000061,925,523600,44.43000031,67.43000031,6.360000134,28.52000046,7.480000019,35.40000153,13.57999992,2.5
99.62999725,0,0.319999993,0,0.129999995,2.599999905,59.24000168,16.31999969,3.339999914,54.50999832,26.35000038,15.96000004,8.930000305,14.82999992,57615,22018,9.520000458,90.12000275,25.07999992,2.369999886,403,137800,68.36000061,37.63000107,28.23999977,20.75,7.28000021,61.09999847,14.06000042,4.639999866
4.900000095,78.98000336,10.21000004,0,12.06000042,23.48999977,73.5,3.140000105,37.99000168,47.11999893,7.980000019,2.109999895,3.079999924,9.149999619,12781,8003,69.51999664,4.079999924,4.559999943,81.54000092,329,182500,79.87000275,83.33000183,34.93000031,10.65999985,4.5,14.22999954,30.72999954,64.34999847
87.18000031,4.510000229,3.599999905,0.519999981,6.369999886,7.849999905,9.029999733,63.33000183,4.380000114,60.20000076,60.66999817,11.25,9.100000381,16.95999908,114399,45119,2.980000019,81.86000061,3.960000038,14.84000015,1061,244800,2.480000019,59.54000092,28.59000015,15.65999985,4.309999943,70.94999695,8.600000381,8.449999809
37.08000183,24.44000053,28.01000023,0,29.29000092,40.93000031,39.75999832,28.54999924,3.539999962,60.20000076,36.20000076,10.85000038,6.46999979,2.930000067,74213,31857,6.079999924,68.40000153,7.909999847,54.63000107,1150,329800,88,65,18.14999962,15.13000011,5.849999905,43.45999908,16.82999992,12.89999962
82.90000153,0,16.82999992,0,3.099999905,7.239999771,47.34999847,15.89000034,7.440000057,60.02999878,24.10000038,10.90999985,9.760000229,7.110000134,37700,20659,15.96000004,57.81000137,8.25,4.340000153,403,98000,92.91000366,75.38999939,24.28000069,19.60000038,5.829999924,40.04999924,37.63999939,15.43000031
49.68000031,47.49000168,0.610000014,0,0.980000019,7.150000095,61.93000031,15,12.88000011,51.90000153,22.93000031,9.470000267,8.550000191,10.15999985,36656,19619,26.76000023,74.72000122,7.840000153,5.909999847,438,84400,61.90000153,58.65999985,32.18999863,18.51000023,6.329999924,43.81000137,19.52000046,29.87000084
70.62999725,7.510000229,16.45000076,0.790000021,11.81999969,22.51000023,41.83000183,21.93000031,17.48999977,65.30000305,34.79000092,2.960000038,10.98999977,11.72999954,57349,27619,15.75,84.94000244,12.46000004,5.409999847,867,134100,45.86999893,58.58000183,18.29999924,18.32999992,6.269999981,46.61000061,23.73999977,9.069999695
26.27000046,1.899999976,70.65000153,0.610000014,32.72000122,61.41999817,72.19999695,7.260000229,11.35999966,49.84999847,15.06999969,21.47999954,4.139999866,4.420000076,40927,14646,23.45000076,53.66999817,7.170000076,13.71000004,647,70200,82.73999786,62.88999939,33.18000031,10.64999962,4.599999905,45.06999969,24.87000084,10.47000027
6.010000229,79.73000336,5.739999771,0.349999994,9.239999771,13.52000046,36.15000153,26.62000084,10.52000046,70.37000275,35.15999985,1.929999948,15.72999954,8.949999809,97045,39428,2.970000029,90.73000336,6.639999866,0,1511,357200,61.41999817,52.04999924,22.19000053,19.55999947,3.690000057,49.02000046,17.68000031,8.989999771
69.62999725,26.39999962,3.970000029,0,3.970000029,4.679999828,54.02000046,25.88999939,10.30000019,60.88999939,29.46999931,20.45999908,7.760000229,1.230000019,40469,23666,9.760000229,84.25,15.65999985,1.960000038,375,98900,70.91000366,43.45000076,18.45000076,24.44000053,5.929999828,50,27.10000038,4.130000114
61.79000092,4.78000021,26.42000008,0,11.93999958,19.85000038,10.34000015,45.16999817,6.550000191,85.30000305,24.79000092,3.359999895,9.640000343,15.97000027,37460,36211,19.39999962,27.35000038,9.899999619,59.18000031,749,172500,38.88999939,78.81999969,5.519999981,16.87000084,2.24000001,34.20000076,21.06999969,11.82999992
59.16999817,12.68000031,13.23999977,0,26.65999985,30.30999947,22.61000061,57.36000061,4.429999828,80.75,58.81000137,3.309999943,10.81000042,4.869999886,101406,56815,0.370000005,55,9.409999847,39.54000092,1361,463500,41.63999939,77.77999878,21.44000053,12.34000015,1.639999986,54.04999924,19.45000076,13.05000019
88.16000366,0,10.94999981,0,3.190000057,2.670000076,38.09999847,22.96999931,15.10999966,45.75,33.25,4.599999905,14.47000027,10.56999969,71369,32973,5.659999847,76.63999939,4.170000076,6.380000114,997,396500,36.16999817,44.31999969,15.76000023,35.36000061,11.35999966,54.86999893,20.48999977,6.789999962
92.80000305,1.960000038,2.079999924,0,1.340000033,2.559999943,67.40000153,14.55000019,7.010000229,49.18000031,23.75,14.01000023,11.22999954,7.820000172,40087,18245,22.95000076,71.62000275,11.78999996,0.769999981,410,94900,44.49000168,52.02000046,22.04999924,19.48999977,3.069999933,55.56000137,18.5,12.71000004
81.12000275,2.640000105,12.68999958,0,2.900000095,6.329999924,32.09999847,37.11999893,9.100000381,62.04000092,42.86000061,5.099999905,10.64000034,2.809999943,84038,32367,9.579999924,93.83999634,8.460000038,3.339999914,1203,198300,31.45000076,57.04999924,33.24000168,12.72000027,5.480000019,65.06999969,15.64999962,7.46999979
66.76999664,20.69000053,8.039999962,0,16.23999977,24.68000031,24.12000084,34.83000183,4.829999924,75.22000122,31.70999908,10.51000023,8.979999542,4.090000153,56320,31995,7.659999847,40.54999924,6.110000134,51.70999908,620,149300,38.70000076,73.01000214,17.35000038,18.37000084,3.75,48.40999985,22.75,11.88000011
30.44000053,43.36999893,20.51000023,0,12.14000034,22.43000031,35.47999954,29.73999977,10.14999962,60.65999985,36.04000092,11.75,10.35000038,4.550000191,53720,23582,22.57999992,56.00999832,4.809999943,36.43999863,651,148700,10.01000023,84.91000366,31.81999969,11.68999958,2.99000001,47.22999954,18.63999939,25.54999924
26.77000046,38.68000031,28.09000015,0,10.03999996,22.72999954,62.31999969,11.71000004,18.22999954,67.76000214,23.20000076,14.69999981,9.520000458,3.880000114,50417,18263,14.5,51.11999893,15.88000011,24.12000084,832,130400,81.19999695,65.09999847,33.34999847,10.19999981,3.970000029,34.97999954,25.93000031,34.70000076
0,0,0,0,0,0,0,0,0,0,0,0,0,0,0,0,0,0,0,0,0,0,0,0,0,0,0,0,0,0
24.95000076,13.17000008,24.81999969,1.610000014,24.57999992,39.25999832,39.43000031,27.68000031,9.569999695,57.08000183,37.47000122,6.809999943,6.059999943,8.609999657,63906,25996,15.46000004,66.69000244,8.409999847,29.62999916,1226,313200,66.94000244,59.31999969,22.89999962,17.35000038,6.670000076,42.38999939,18.79999924,16.42000008
34.31999969,33.18999863,26.46999931,0,16.29000092,23.15999985,63.18000031,13.61999989,13.06000042,69.16000366,22.29999924,27.46999931,8.140000343,4.590000153,41130,16771,18.84000015,59.13000107,5.400000095,23.26000023,535,114600,87.05999756,65.29000092,28.40999985,13.75,5.28000021,39.93000031,22.38999939,24.44000053
1.769999981,97.26999664,0,0,0.959999979,2.75999999,79.55000305,1.769999981,63.61000061,48.77999878,7.960000038,4.869999886,3.420000076,0,18030,6681,49.56000137,39.45999908,27.72999954,16.60000038,613,57300,93.75,66.22000122,28.04999924,12.76000023,3.069999933,15.59000015,24.03000069,34.52999878
36.34999847,19.30999947,36.06000137,1.769999981,18.81999969,44.33000183,51.79000092,14.43000031,0,0,0,0,10.43999958,0,0,11525,0,0,0,0,0,0,100,100,0,11.52999973,0.99000001,32.50999832,27.68000031,0
50.99000168,8.079999924,37.61000061,0.709999979,18.64999962,38.52000046,55.91999817,16.98999977,8.600000381,58.52999878,32.90000153,9.270000458,7.690000057,9.430000305,50680,19632,22.85000038,81.51000214,8.399999619,3.49000001,969,172200,96.37000275,54,25.45999908,15.01000023,5.440000057,50.93999863,21.07999992,12.52999973
90.77999878,0,1.549999952,3.210000038,1.960000038,4.980000019,23.36000061,47.08000183,5.739999771,61.43000031,51.36000061,5.019999981,16.86000061,11.96000004,70353,36444,4.900000095,81.70999908,11.22999954,23.04000092,905,218200,37.02000046,68.36000061,21.5,29.03000069,9.25,73.16000366,10.47000027,1.870000005
28.68000031,8.329999924,55.04999924,0,31,57.52999878,51.47999954,22.36000061,11.43999958,69.69999695,24.95999908,16.43000031,3.970000029,4.139999866,51061,22494,10.88000011,53.61999893,1.919999957,62.59999847,1132,282700,91.30999756,62.20000076,21.67000008,13.27999973,3.950000048,40.84000015,16.22999954,17.17000008
53.61000061,44.04999924,0.899999976,0,0.469999999,1.580000043,54.47999954,15.89000034,9.600000381,57.25,29.02000046,7.099999905,6.769999981,10.32999992,43811,21905,9.329999924,67.80000305,7.230000019,20.94000053,647,149500,44.36999893,65.68000031,28.53000069,18.37000084,6.659999847,41.09000015,29.03000069,26.56999969
92.43000031,0.059999999,4.96999979,0,3.480000019,3.460000038,15.78999996,55.11000061,12.35999966,65.5,44.25,6.349999905,9.170000076,16.18000031,68356,39656,8.56000042,68.65000153,9.720000267,4.889999866,818,369600,64.55000305,58.84000015,19.5,20.02000046,4.269999981,53.93000031,21.59000015,8.170000076
91.23999786,0,7.5,1.019999981,0,0.939999998,27.62000084,34.70000076,8.420000076,65.30000305,41.75,10.94999981,13.89999962,9.050000191,80625,36231,8.529999733,90.69999695,4.03000021,4.610000134,938,183700,12.47999954,48.59999847,27.44000053,18.07999992,4.53000021,69.66999817,9.510000229,2.920000076
59.33000183,5.71999979,32.86999893,0,13.57999992,24.09000015,59.06000137,14.68999958,7.309999943,42.59999847,27.88999939,5.869999886,10.57999992,15.18999958,32097,17790,28.45999908,65.51000214,34.63999939,5.559999943,327,41900,84.76999664,53.38999939,25.88999939,28.04999924,10.90999985,55.11999893,26.82999992,12.22000027
92.45999908,1.799999952,1.149999976,0,5.699999809,5.53000021,14.17000008,65.93000031,6.630000114,53.29999924,69.12000275,14.82999992,9.56000042,10.47999954,101691,56004,2.50999999,83.48000336,2.809999943,14.5,1542,309000,71.51999664,51.97999954,23.76000023,28.77000046,12.31999969,65.22000122,15.02999973,1.360000014
85.58000183,0.850000024,8.729999542,0.879999995,5.849999905,11.75,43.86000061,23.51000023,1.700000048,48.15000153,35.74000168,16.80999947,11.53999996,8.649999619,42833,26217,14.89999962,59.68000031,4.840000153,27.89999962,657,111600,48.00999832,65.73000336,23.95999908,21.45000076,9.899999619,49.25999832,23.54000092,11.96000004
64.73000336,2.309999943,19.45000076,0.270000011,28.46999931,37.34999847,14.81000042,48.88000107,7.949999809,75.23999786,56.47000122,4.78000021,5.170000076,19.57999992,64562,46307,10.35000038,37.25999832,8.199999809,71.68000031,1338,594400,81.73999786,63.49000168,17.94000053,21.79000092,7.619999886,39.15999985,24.02000046,9.720000267
94.90000153,0.600000024,0,0,0.340000004,5.5,65.54000092,13.90999985,14.10000038,47.84000015,28.44000053,18.60000038,9.289999962,4.96999979,33299,17387,30.06999969,62.06999969,5.679999828,18.73999977,300,82500,62.29999924,61.59999847,22.35000038,18.29000092,6.230000019,43.40999985,27.45999908,21.09000015
79.25,0.07,10.93999958,0,17.04000092,23.03000069,32.38000107,41.02999878,9.159999847,57.68000031,38.61999893,3.809999943,9.369999886,7.949999809,90360,34621,3.539999962,87.81999969,0,14.03999996,1234,453800,87.88999939,36.99000168,20.53000069,23.25,9.220000267,52.45000076,16.69000053,2.730000019
96.69000244,0.25,0,0.639999986,2.49000001,2.980000019,26.20000076,50.31000137,7.369999886,59.00999832,46.77999878,10.46000004,11.10000038,11.01000023,78989,38141,4.070000172,81.83000183,6.900000095,22.36000061,840,326500,68.43000031,52.65999985,21.80999947,18.65999985,7.889999866,57.09000015,15.15999985,6.610000134
94.43000031,0.50999999,0,0,5.170000076,2.779999971,19.20999908,64.01000214,3.839999914,71.95999908,50.65999985,5.570000172,10.93999958,13.51000023,81786,52803,2.859999895,84.41000366,15.89999962,15.34000015,749,339500,81.87000275,53.06999969,20.62000084,24.37999916,4.699999809,58.45999908,18.03000069,4.559999943
67.94000244,0.860000014,8.319999695,0,22.13999939,27.73999977,23.12999916,58.02000046,4.349999905,60.97000122,58.29000092,4.190000057,2.140000105,7.590000153,56477,32931,21.55999947,30.81999969,15.44999981,87.59999847,1431,366100,86.87000275,78.12000275,8.829999924,13.65999985,7.96999979,26.37999916,8.729999542,8.670000076
81.80999756,6.46999979,9.460000038,0.310000002,4.989999771,16.37999916,45.18999863,18.80999947,8.229999542,63.25999832,21.81999969,14.63000011,10.56999969,7.289999962,38998,22736,16.54000092,44.88999939,15.11999989,49.90999985,554,95700,60.24000168,71.36000061,23.54000092,19.75,10.07999992,37.04000092,21.68000031,15.18999958
77.15000153,5.650000095,7.269999981,1.360000014,5.559999943,15.96000004,43.36000061,15.92000008,1.519999981,53.77000046,40.45999908,4.039999962,10.36999989,14.48999977,57280,28648,0.230000004,73.58000183,4.71999979,5.170000076,1316,172500,4.039999962,70.16999817,19.02000046,21.09000015,6.460000038,58.34999847,11.10000038,0
71.08999634,4.300000191,24.14999962,0.449999988,3.319999933,8.510000229,57.84999847,13.52999973,9.800000191,52.84999847,28.37000084,7.619999886,6.289999962,13.11999989,35313,18005,15.17000008,62.34999847,27.79000092,27.63999939,722,163500,48.88999939,75.09999847,24.45000076,17.57999992,5.739999771,42.86999893,21.38999939,14.82999992
70.80000305,18.67000008,2.869999886,0.680000007,4.460000038,10.97999954,26.70999908,43.47999954,26.43000031,43.63999939,15.68999958,5.949999809,0.620000005,4.440000057,27727,4289,34.75999832,19.63999939,9.680000305,54.84000015,590,175000,91.94000244,87.5,1.419999957,1.070000052,0.810000002,2.589999914,1.590000033,6.980000019
78.23999786,0,2.019999981,11.76000023,0.319999993,6.21999979,53.09999847,10.98999977,10.39999962,47.88999939,32.59000015,16.36000061,10.77999973,11.60999966,45313,20184,20.76000023,61.29000092,9.020000458,7.78000021,525,106500,60.31000137,72.01999664,28.70999908,14.31000042,2.960000038,57.16999817,17.95999908,11.06000042
2.809999943,91.77999878,4,0,7.289999962,7.659999847,54.91999817,16.87000084,9.520000458,64.44999695,36.33000183,5.46999979,6.389999866,1.539999962,41114,21845,23,87.98000336,7.96999979,10.13000011,683,121500,97.83999634,35.56000137,25.87000084,21.52000046,4.199999809,31.77000046,20.21999931,29.17000008
74.59999847,0.25,21.87000084,0.360000014,14.93000031,21.65999985,48.34000015,17.77000046,12.35999966,56.40999985,24.54999924,10.14999962,15.25,8.869999886,56913,19996,25.60000038,66.25,13.22000027,15.44999981,717,207100,33.29000092,75.76000214,33.08000183,14.73999977,4.119999886,51.74000168,11.71000004,13
97.98999786,0,1.120000005,0,0.720000029,6.03000021,32.06999969,40.79999924,7.329999924,63.13999939,52.95999908,9.850000381,12.44999981,3.710000038,78500,37388,3.440000057,93.25,3.910000086,2.74000001,622,170500,66.58000183,55.27999878,27.55999947,23.11000061,9.550000191,63.81000137,17.55999947,8.569999695
87.76999664,4.610000134,2.109999895,0.25,0.25,0.660000026,51.84000015,8.75,13.93999958,60.59000015,26.28000069,11.69999981,16.38999939,7.199999809,38056,21350,19.07999992,84.34999847,9.270000458,12.94999981,514,93000,73.84999847,56.45000076,27.54000092,19.37999916,6.289999962,50.74000168,22.35000038,16.39999962
98.94000244,0,0.620000005,0,0.970000029,2.25999999,56.68000031,10.97999954,10.96000004,53.06999969,28.94000053,20.85000038,19.71999931,14.68000031,45476,23040,12.06999969,94.30000305,67.15000153,2.720000029,239,120900,69.87000275,45.59000015,12.92000008,48.13999939,21.68000031,62.54000092,18.07999992,4.610000134
86.80999756,0.219999999,3.609999895,0,11.31000042,16.76000023,15.17000008,70.01000214,2.25999999,53.06000137,66.22000122,12.47000027,5.010000229,21.38999939,158750,86232,5.090000153,93.68000031,3.019999981,2.160000086,1250,864600,63.20000076,48.47000122,28.07999992,23.04000092,9.539999962,71.75,10.18999958,1.519999981
96.58999634,1.360000014,1.100000024,0,0.639999986,0.360000014,78.79000092,6.800000191,12.14000034,57.43000031,11.30000019,31.67000008,7.699999809,4.070000172,36589,18315,19.02000046,78.48000336,8.659999847,4.849999905,451,64200,89.87000275,33.54999924,23.75,21.17000008,5.679999828,52.20000076,24.79999924,8.260000229
24.95999908,70.5,1.779999971,0,0.850000024,1.74000001,73.19000244,9.239999771,21.12000084,54.75,9.609999657,34.5,9.869999886,1.120000005,29159,17863,28.62000084,58.86999893,20.86000061,22,406,70400,68.54000092,54.84000015,18.87000084,16.95000076,3.839999914,31.93000031,26.06999969,19.26000023
89.66000366,1.950000048,3.880000114,0,3.779999971,2.380000114,12.22000027,59.16999817,2.279999971,72.48000336,54.90000153,10.06000042,6.480000019,8.050000191,94583,42208,2.779999971,64.76000214,5.170000076,29.77000046,834,226200,7.150000095,64.02999878,24.20999908,10.81999969,2.069999933,58.49000168,11.32999992,3.970000029
0.810000002,91.48000336,2.690000057,0,3.940000057,5.170000076,56.84000015,11.5,25.64999962,63.79999924,27.64999962,3,8.170000076,5.53000021,32725,24484,19.09000015,23.90999985,17.95000076,77.31999969,751,232900,95.44999695,61.58000183,18.79000092,23.92000008,4.699999809,14.39000034,29.45000076,47.56000137
95.01999664,2.180000067,0.589999974,0,5.309999943,6.900000095,18.76000023,57.45999908,5.829999924,63.04000092,55.11000061,12.25,11.05000019,8.43999958,74567,40919,3.779999971,82.70999908,7.489999771,30.56999969,691,180800,91.08000183,59.45999908,24.55999947,23.57999992,8.600000381,53.25,19.82999992,13.56999969
4.349999905,77.25,13.57999992,2.440000057,12.68999958,12.90999985,54.59000015,11,16.45999908,62.49000168,26.05999947,0.870000005,4.210000038,3.869999886,40642,20618,19.51000023,51.41999817,23.32999992,74.37000275,903,198400,52.06999969,55.31999969,20.72999954,15.36999989,4.590000153,23.30999947,30.62999916,27.89999962
45.11999893,18.25,26.62999916,0.25,29.27000046,36.22999954,33.74000168,32.52000046,7.489999771,56.47999954,33.45999908,3.970000029,5.300000191,10.64000034,47130,18807,20.18000031,34.83000183,13.43000031,74.18000031,1189,207500,31.96999931,81.93000031,22.62000084,7.710000038,1.379999995,43.47999954,12.47000027,12.27000046
47.16999817,13.69999981,23.52000046,4.96999979,21.29000092,29.42000008,42.09000015,28.5,2.25,62.90000153,25.44000053,1.24000001,7.699999809,7.690000057,36080,21980,26.87999916,47.56000137,5.230000019,17.34000015,506,102600,96.43000031,77.79000092,20.29000092,13.92000008,2.859999895,38.22000122,24.96999931,16.81999969
4.800000191,56.65000153,28.37000084,0.519999981,26.04000092,29.97999954,63.16999817,11.85000038,11.47999954,49.52999878,16.01000023,4.789999962,5.03000021,13.11999989,27054,15809,34.84999847,29.13999939,15.44999981,70.77999878,810,346000,79.13999939,76.5,29.89999962,8.06000042,2.450000048,32.97000122,15.69999981,40.86999893
45.38999939,0,53.75999832,0.460000008,7.150000095,39.38000107,42.18999863,17.04999924,13.57999992,42.65999985,24.12999916,7.099999905,16.79999924,25.03000069,52230,25446,20.63999939,81.91999817,11.13000011,5.409999847,517,149400,55.18999863,44.47000122,13.27999973,34.40000153,9.640000343,50.52999878,24.12999916,2.930000067
2.319999933,69.66999817,24.06999969,1.399999976,38.18999863,42.11000061,58.15999985,12.01000023,14.11999989,69.02999878,17.82999992,5.730000019,7.010000229,4.119999886,30144,15714,25.64999962,17.63999939,5.829999924,80.44000244,735,289100,86.79000092,70.19000244,23.46999931,14.25,4.880000114,33.45000076,16.87999916,27.04000092
10.71000004,35.91999817,38.11999893,0,36.38999939,49.90000153,51.65000153,18.04999924,7.610000134,70.48999786,31.53000069,10.19999981,1.440000057,6.619999886,52399,18656,20.04999924,78.45999908,5.079999924,0,868,98100,17.48999977,58.15999985,27.22999954,8.079999924,1.080000043,56.70999908,9.31000042,14.69999981
86.95999908,1.549999952,6.409999847,0.419999987,4.300000191,7.28000021,26.78000069,48.27999878,8.529999733,72.08000183,40.65999985,7.409999847,5.900000095,8.06000042,36525,21805,27.60000038,43.41999817,10.46000004,32.61999893,703,245400,87.20999908,75.05000305,14.81999969,10.94999981,1.830000043,26.03000069,20.98999977,17.54999924
39.13000107,15.89999962,27.88999939,0.300000012,25.45999908,34.65000153,47.38000107,14.35999966,23.30999947,62.84000015,27.04999924,4.420000076,9.920000076,2.559999943,54505,23401,14.77000046,87.58000183,2.75,0,1047,147800,25.84000015,62.27999878,23.52000046,20.29999924,5.21999979,48.06000137,22.85000038,5.28000021
40.95000076,18.42000008,40.02000046,0,3.99000001,32.59000015,53.31000137,22.20999908,16.67000008,60.02000046,31.61000061,2.900000095,8.130000114,4.96999979,27619,14754,44.90000153,36.93999863,15.06999969,53.22999954,532,74400,93.29000092,70.66000366,33.72999954,10.39000034,3.140000105,30.87999916,20.95999908,34.97000122
91.58999634,1.139999986,0.600000024,0,6.070000172,11.06000042,7.510000229,76.36000061,0.819999993,49.09000015,65.98999786,6.53000021,6.460000038,27.47999954,157500,75615,1.909999967,96.76999664,15.06999969,8.220000267,1023,633800,70.26999664,40.47999954,24.63999939,28.67000008,13.81999969,62.93999863,15.09000015,3.24000001
64.27999878,17.70000076,11.75,0,5.050000191,10.25,56.97999954,17.70000076,14.90999985,54.27999878,19.85000038,5.840000153,2.160000086,5.630000114,15640,10899,49.00999832,23.67000008,21.48999977,71.16000366,511,72300,86.30999756,89.88999939,25.22999954,10.72999954,1.139999986,27.15999985,17.20999908,27.04000092
65.91000366,7.53000021,19.14999962,0,15.68999958,20.34000015,21.81999969,35.15000153,6.880000114,64.51000214,47.08000183,9.840000153,7.309999943,4.900000095,60773,36949,8.430000305,33.43999863,8,62.20000076,828,189800,26.80999947,82.97000122,19.47999954,14.57999992,3.279999971,40.52000046,19.53000069,15.57999992
66.43000031,4.400000095,22.78000069,4.130000114,9.170000076,18.48999977,45.90999985,10.73999977,3.869999886,61.08000183,17.40999985,18.61000061,10.23999977,9.270000458,36071,19305,19.37000084,52.13999939,12.65999985,31.01000023,478,68300,76.84999847,70.41000366,22.10000038,18.29000092,5.949999809,33.47999954,25.30999947,24.38999939
54.27999878,15.43000031,15.43000031,0.050000001,19.57999992,30.80999947,45.27000046,25.71999931,14.10999966,62.31000137,33.63000107,2.589999914,9.390000343,5.130000114,56774,24107,12,77.08000183,4.730000019,23.87000084,1125,205200,24.5,81.61000061,22.85000038,19.30999947,5.71999979,44.81999969,22.20999908,20.44000053
84.58000183,2.569999933,6.489999771,0,7.440000057,11.52000046,21.11000061,46.56000137,7.619999886,51.16999817,50.61000061,15.17000008,6.71999979,14.98999977,120511,47603,10.03999996,82.23999786,9.409999847,0,2001,678300,75.62000275,43.02999878,21.45999908,20.87000084,7.260000229,50.47999954,19.48999977,6.110000134
71.27999878,15.85000038,8.800000191,1.700000048,7.099999905,11,51.38999939,17.12999916,7.570000172,50.36999893,15.56000042,23.47999954,7.610000134,10.44999981,50227,25270,8.5,67.98000336,8.25,24.26000023,585,132000,43.95000076,59.90999985,19.22999954,26.57999992,9.600000381,53.43999863,17.93000031,8.159999847
66.73000336,16.04999924,1.169999957,0,14.56999969,22.67000008,24.30999947,49.75,6.090000153,65.55000305,50.27999878,2.529999971,7.380000114,7.769999981,55114,29323,10.47999954,75.58999634,3.079999924,23.95999908,689,200600,99.12000275,57.13999939,24.84000015,17.30999947,5.489999771,46.59000015,16.98999977,15.60000038
80.45999908,10.43000031,7.050000191,0,6.760000229,8.670000076,32.74000168,37.16999817,5.170000076,58.31999969,38.43000031,10.10999966,12.35999966,9.619999886,86354,31753,6.820000172,82.19000244,6.260000229,0.589999974,507,230400,10.89000034,60.93000031,27.81999969,15.72000027,3.230000019,65.68000031,11.38000011,2.019999981
56.56999969,7.329999924,32.95000076,0.310000002,4.119999886,29.17000008,57.84000015,14.86999989,14.27000046,61.75,31.23999977,5,5.21999979,4.46999979,48722,24372,7.860000134,65.26999664,8.300000191,30.95999908,718,195900,73.16000366,57.91999817,24.71999931,16.76000023,8.43999958,44.04000092,19.32999992,15.64000034
92.30999756,0.039999999,3.210000038,0,6.340000153,8.550000191,16.45000076,70.41999817,4.559999943,65.70999908,57.45999908,13.39000034,6.150000095,15,126703,56051,0.620000005,98.98000336,2.799999952,0.99000001,0,325300,25.56999969,54.40000153,35.86000061,10.47999954,1.879999995,72.31999969,6.519999981,4.75
72.94999695,20.31999969,1.730000019,2.299999952,1.549999952,13.64000034,67.01000214,9.5,5.460000038,45.84000015,17.68000031,10.56999969,9.920000076,4.269999981,42455,21180,16.04000092,78.05000305,12.23999977,5.28000021,299,82200,49.29000092,46.99000168,28.78000069,21.28000069,6,51.61999893,22.68000031,10.61999989
12.31000042,23.30999947,57.29999924,1.190000057,40.40999985,58.38000107,58.81999969,9.93999958,19.04999924,73.75,20.46999931,2.789999962,0.300000012,13.11999989,32485,12038,22.34000015,38.56999969,16.79999924,71.76000214,826,31900,50.18000031,92.84999847,26.20999908,6.730000019,0,32.81999969,25.56999969,49.77999878
96.83999634,0,1.149999976,0.140000001,0.980000019,6.25,55.72999954,12.90999985,11.98999977,49.58000183,26.03000069,27.01000023,13.15999985,13.43999958,39712,18695,18.43000031,84.48999786,31.63999939,2.410000086,386,92100,65.12999725,44.83000183,23.97999954,26.15999985,7.550000191,60.84999847,17.11000061,7.550000191
85.44999695,9.239999771,1.389999986,0,7.340000153,7.039999962,8.579999924,67.08000183,5.769999981,68.09999847,68.01000214,2.180000067,8.159999847,10.39000034,61399,48205,3.480000019,44.84000015,6.289999962,52.25999832,896,265100,21.61000061,79.80000305,12.68000031,17.18000031,3.769999981,47.09999847,13.34000015,0.629999995
82.08999634,4.929999828,9.720000267,0,4.519999981,10.78999996,40.59000015,33.27000046,6.329999924,71.51000214,38.81000137,8.079999924,10.55000019,8.979999542,60050,31154,6.96999979,71.94000244,3.150000095,18.61000061,792,190000,89.69000244,51.97000122,19.46999931,26.81999969,8.760000229,50.11000061,20.87999916,15.05000019
24.51000023,67.37999725,5.199999809,0.75999999,2.00999999,8.93999958,78.81999969,3.839999914,0,0,0,0,8.369999886,0,31944,1891,65.44999695,100,22.21999931,0,0,36100,100,35.70999908,0,4,0,12.67000008,15.52999973,0
36.43000031,47.90000153,8.220000267,0.340000004,3.970000029,9.850000381,73.43000031,5.889999866,37.61000061,44.81000137,9.75,0,6.880000114,5.050000191,14773,10291,53.95000076,9.319999695,33.33000183,75.58999634,530,63600,86.40000153,89.05000305,22.63999939,16.26000023,5.849999905,17.61000061,29.29000092,37.63000107
92.05999756,0.360000014,1.159999967,1.620000005,1.769999981,2.569999933,54.11000061,15.55000019,10.81999969,53.29000092,24.94000053,12.22000027,13.03999996,8.329999924,36463,24157,13.64000034,53.09999847,4.75,18.70000076,408,106300,54.65000153,75.26000214,19.11000061,23.73999977,10.52999973,45.95999908,31.54999924,14.68000031
68.83000183,15.55000019,12.80000019,0.129999995,6.739999771,13.06999969,62.99000168,4.210000038,24.21999931,54.47000122,11.53999996,24.30999947,8.710000038,1.419999957,21327,12300,37.22999954,39.06999969,19.18000031,49.70000076,430,71300,76.47000122,75.69000244,25.56999969,17.62999916,7.099999905,24.10000038,28.35000038,30.62000084
92.62000275,0.540000021,2.109999895,0.189999998,4.679999828,7.940000057,24.51000023,39.49000168,3.960000038,65.22000122,42.74000168,4.889999866,12.26000023,8.630000114,59137,27130,9.760000229,81.30000305,2.380000114,10.21000004,628,142000,94.98000336,49.70999908,24.04999924,24.18000031,8.850000381,60.72000122,20.36000061,7.309999943
93.5,2.289999962,0.75999999,0,3.859999895,6.21999979,24.53000069,36.47000122,10.23999977,67.16999817,38.88999939,16.05999947,8.590000153,8.170000076,65471,29892,2.359999895,89.93000031,3.660000086,7.71999979,861,143500,97.44000244,40.38999939,20.64999962,18.70000076,10.14999962,51.50999832,16.29000092,6.119999886
66.01000214,1.450000048,27.64999962,0,15.61999989,30.77000046,35.27000046,38.18000031,4.679999828,71.90000153,39.52999878,5.239999771,6.989999771,5.239999771,107837,35232,15.55000019,67.62999725,11.60999966,32.86999893,1255,294100,51.18000031,61.16999817,29.71999931,12.10000038,5.440000057,51.56999969,13.52000046,6.340000153
62.70000076,0.340000004,30.82999992,3.859999895,16.13999939,24.29000092,41.43999863,15.02999973,12.57999992,48.20000076,28.22999954,3.700000048,12.01000023,15.39999962,41910,19372,26.54999924,59.65000153,16.69000053,8.170000076,648,249600,58.47999954,58.90000153,22.23999977,24.37999916,6.360000134,50.43000031,18.62999916,7.820000172
82.87000275,2.730000019,11.06000042,0.189999998,0.569999993,10.35999966,65.87000275,8.479999542,20.07999992,39.84999847,16.78000069,27.84000015,15.85000038,2.720000029,15288,14407,47.20999908,14.07999992,13.26000023,83.52999878,348,46000,89.79000092,69.36000061,16.12000084,25.98999977,12.94999981,19.47999954,39.22000122,33.11999893
96.61000061,0,0.209999993,0,0.439999998,1.340000033,56.06999969,15.22999954,12.35999966,55.70000076,32.04999924,34.13999939,9.199999809,8.659999847,59479,25107,3.819999933,88.34999847,1.860000014,1.320000052,550,146100,62.47999954,38.27999878,27.60000038,17.42000008,6.539999962,61.49000168,18.17000008,2.299999952
65.69999695,9.460000038,6.349999905,0,28.12999916,34.68999863,42.40999985,37.18000031,10.68000031,60.84999847,42.15000153,6.690000057,4.409999847,4.880000114,53527,30437,14.78999996,50.25,3.880000114,57.88000107,1044,372200,66.20999908,64.36000061,15.43000031,22.12000084,9.170000076,40.15999985,20.46999931,14.61999989
66.13999939,22.29000092,7.210000038,0,4.289999962,6.550000191,64.11000061,5.070000172,13.27999973,56.68999863,21.34000015,18.90999985,8.029999733,5.579999924,34008,17430,21.44000053,75.33000183,12.56999969,0,375,70900,54.15000153,49.74000168,20.57999992,22.87999916,6.380000114,46.36999893,29.11000061,14.68000031
87.43000031,3.200000048,5.96999979,0.970000029,4.150000095,6.510000229,57.09999847,18.52000046,12.53999996,60.11000061,24.01000023,10.05000019,10.69999981,10.38000011,54051,25852,15.09000015,68.79000092,11.14999962,1.200000048,544,124000,37.36000061,63.13999939,22.48999977,17.63999939,4.670000076,56.36000061,20.92000008,7.880000114
48.75,15.22000027,31.29000092,0,23.78000069,30.37999916,72.59999847,6.449999809,11.77999973,62.75999832,14.77999973,18.30999947,12.27999973,1.879999995,31003,15258,27.46999931,29.46999931,13.22000027,41.83000183,553,116400,38.97000122,78.12999725,30.84000015,12.31999969,3.619999886,35.40000153,31.39999962,31.12000084
45.47999954,20.70000076,29.79999924,0,26.03000069,37.36999893,41.38999939,36.04999924,8.75,76.41999817,40.25999832,6.699999809,6.739999771,8.539999962,91406,34731,6.260000229,92.66000366,2.529999971,4.989999771,2001,296700,94.13999939,59.20000076,22.44000053,12.48999977,5.900000095,54.18999863,14.76000023,3.630000114
93.12999725,1.299999952,5.550000191,0.02,1,5.170000076,32.97000122,31.02000046,11.18000031,64.56999969,34.29000092,7.050000191,22.19000053,18.34000015,63158,30638,7.5,85.44999695,33.61000061,0,475,257100,31.22999954,68.88999939,17.27000046,25.85000038,1.940000057,64.41999817,21.62999916,4.170000076
99.16000366,0,0,0.340000004,0.589999974,4.550000191,50.38999939,18.89999962,1.159999967,54.50999832,39.31000137,3.779999971,12,28.29000092,44545,25606,14.65999985,85.19000244,24.53000069,9.430000305,200,59200,87.08000183,47.31000137,19.89999962,34.99000168,14.59000015,66.83000183,17.22999954,9.56000042
97.63999939,0.479999989,1.360000014,0,0.649999976,1.639999986,50.74000168,29.78000069,4.920000076,47.09000015,38.13999939,7.340000153,11.82999992,10.5,49698,24118,13.51000023,79.73000336,13.21000004,1.960000038,571,126300,52.74000168,50.84999847,22.39999962,24.27000046,8.039999962,58.74000168,17.77000046,6.860000134
96.79000092,0,2.190000057,0,4.199999809,4.130000114,28.38999939,43.91999817,7.360000134,64.38999939,45.36999893,6.110000134,8.989999771,10.56000042,115571,41230,3.50999999,87.69999695,3.329999924,7.739999771,991,459200,55.40999985,42.90000153,29.17000008,18.46999931,4.130000114,64.13999939,9.710000038,9.159999847
86.52999878,9.590000153,0.829999983,0,0.560000002,3.019999981,59.54000092,11.47999954,8.909999847,54.90000153,17.34000015,19.76000023,13.60999966,8.600000381,49739,20376,20.09000015,88.11000061,20.5,0,407,116600,49.04000092,49.63999939,25.20999908,19.64999962,6.929999828,58.41999817,21.03000069,10.05000019
4.800000191,9.119999886,80.19999695,0.400000006,45.52000046,81.62999725,84.83000183,4.75,12.69999981,55.58000183,5.96999979,6.78000021,1.549999952,9.579999924,42875,13555,25.57999992,37.68999863,13.93000031,51.79999924,919,169100,78.80999756,74.04000092,37.61999893,6.960000038,1.25999999,37.90000153,14.68000031,20.86000061
96.80999756,0.879999995,1.100000024,0,4.340000153,10.56000042,42.58000183,29.28000069,6.570000172,72.66000366,41.90999985,13.30000019,10.07999992,10.64000034,101875,39339,2.25999999,90.69999695,0.579999983,9.899999619,805,297300,53.83000183,47.66999817,26.29000092,16.47999954,2.130000114,59.56000137,15.15999985,3.960000038
43.77999878,47.54999924,2.480000019,0.419999987,5.739999771,8.600000381,44.36000061,29.46999931,19.25,57.59000015,16.62000084,6.789999962,6.070000172,2.410000086,26377,14594,44.25999832,42.38000107,22.05999947,40.75,634,95200,85.16999817,62.79999924,13.78999996,12.97000027,7.400000095,15.75,13.64000034,26.46999931
97.54000092,0,0,0,5.230000019,6.190000057,43.41999817,30.64999962,4.269999981,55.24000168,34.31000137,14.18999958,12.17000008,13.05000019,59750,31261,12.97999954,83.76999664,12.98999977,3.930000067,523,176200,61.22999954,45.33000183,24.40999985,22.78000069,6.230000019,60.00999832,16.36000061,3.880000114
17.53000069,21.89999962,48.06999969,0.25999999,24.95999908,43.59999847,46.97999954,12.06999969,16.92000008,47.11000061,29.90999985,6.449999809,9.340000153,1.549999952,51078,20245,24.01000023,70.48000336,12.64000034,13.40999985,981,76000,75.91999817,67.55000305,29.32999992,18.64999962,7.110000134,31.47999954,22.29999924,21.57999992
81.41999817,3.630000114,8.550000191,0.819999993,16.53000069,14.94999981,33.54999924,34.08000183,7.199999809,68.98999786,38.86999893,6.110000134,13.06999969,7.849999905,58750,28390,14.96000004,82.01999664,8.199999809,0,802,179700,82.62999725,59.22000122,17.35000038,20.78000069,5.78000021,54.08000183,16.20999908,2.579999924
81.76000214,10.47000027,1.909999967,0.699999988,0.639999986,0.680000007,57.31000137,8.760000229,6.03000021,49.49000168,13.92000008,24.71999931,12.11999989,8.659999847,38222,19173,15.01000023,82.30000305,17.61000061,1.639999986,295,85900,53.47000122,41.29999924,22.28000069,24.05999947,3.789999962,60.63000107,21.34000015,5.110000134
94.98000336,0.439999998,0,0.409999996,0.25999999,1.49000001,68.41000366,10.63000011,7.809999943,40.81000137,28.5,14.93000031,15.84000015,8.729999542,33725,19085,24.12999916,84.40000153,22.04000092,0.25,416,98000,49.04000092,54.97999954,20.75,27.36000061,6.309999943,52.70999908,27.19000053,8.489999771
95.37999725,0.479999989,0.670000017,0.560000002,2.789999962,7.519999981,47.93000031,20.86000061,6.929999828,68.54000092,34.16999817,14.92000008,12.72000027,13.17000008,58075,22023,9.970000267,87.95999908,22.90999985,6.900000095,1068,188300,44.65000153,57.81000137,28.80999947,12.01000023,2.859999895,55.61000061,17.5,13.81000042
85.62000275,2.180000067,11.27000046,0.469999999,4.099999905,10.60999966,23.42000008,31.13999939,6.340000153,51.79000092,40.54999924,4.78000021,10.63000011,3.75999999,30045,23719,22,43.43000031,15.27999973,52.36000061,530,168200,77.26000214,70.81999969,18.89999962,29.22999954,9.659999847,42.65000153,27.27000046,11.93000031
58.70999908,36.72000122,2.859999895,0.850000024,3.839999914,9.840000153,50.43999863,24.27000046,13.52000046,60.02999878,43.45999908,4.679999828,9.020000458,12.23999977,25208,24451,27.07999992,42.04000092,24.10000038,45.34999847,397,97500,80.62999725,74.08999634,10.84000015,23.02000046,6.090000153,24.13999939,39.91999817,18.05999947
55.40000153,11.80000019,24.20000076,0,26.20000076,38.40000153,16.84000015,66.05000305,1.799999952,76.55999756,71.55999756,0,0,18.04000092,71774,43822,19.46999931,16.67000008,13.69999981,100,1583,575000,58.22000122,76.19000244,11.60000038,5,0,27.82999992,15.38000011,27.59000015
84.30000305,0.370000005,6.610000134,0,5.070000172,9.109999657,23.76000023,35.38999939,2.410000086,54.41999817,56.15999985,6.019999981,15.28999996,11.17000008,80849,50764,2.789999962,87.97000122,5.739999771,7.380000114,1113,354900,75.95999908,40.43000031,21.20000076,40.66999817,18.36000061,59.75999832,27.30999947,0
64.76999664,29.12999916,3.220000029,0,9.319999695,10.60999966,47.68999863,22.75,10.86999989,68.62000275,31.54999924,17.07999992,9.130000114,2.609999895,39141,25353,8.220000267,72.48999786,3.980000019,23.57999992,614,99100,87.26000214,51.50999832,14.46000004,28.71999931,12.60999966,42.77999878,26.47999954,14.27000046
59.5,17.53000069,16.42000008,0,4.96999979,17.5,46.52000046,16.68000031,7.619999886,54.27999878,21.75,4.360000134,5.650000095,5.119999886,37514,19306,12.78999996,85.69999695,16.10000038,2.660000086,450,103600,33.49000168,61,19.5,21.96999931,6.199999809,36.66999817,26.62000084,12.11999989
71.70999908,14.19999981,1.710000038,0,0.5,4.239999771,70.81999969,10.72999954,30.95999908,53.86999893,8.470000267,8.470000267,11.5,6.199999809,18877,10480,55.02999878,38.68999863,31.85000038,31.37999916,482,41800,89.69000244,73.30000305,26.52000046,11.43999958,2.210000038,29.44000053,34.75999832,24.70000076
91.41000366,2.230000019,2.299999952,0.74000001,7.699999809,5.21999979,11.13000011,72.88999939,9.850000381,50.83000183,63.61000061,8.420000076,3.930000067,16.69000053,96596,81829,5.920000076,89.83999634,5.420000076,35.27999878,2001,648500,43.36999893,52.49000168,27.06999969,23.75,8.090000153,58.99000168,19.55999947,0
93.75,0,1.169999957,0.150000006,0.460000008,2.650000095,80.05999756,5.590000153,12.11999989,42.93000031,23.26000023,4.059999943,9.319999695,12.17000008,27407,13900,31.96999931,76.94999695,15.56999969,0,372,79000,61.77999878,46.83000183,27.12999916,19.87000084,3.910000086,56.02000046,18.65999985,8.600000381
62.40999985,5.389999866,20.54000092,0,29.20000076,40.95999908,38.63000107,35.93000031,3.720000029,60.63000107,44.65000153,12.72000027,5.860000134,5.880000114,71313,42224,7.090000153,69.23000336,8.460000038,34.34000015,1065,350400,74.04000092,61.70000076,20.26000023,22.88999939,8.229999542,50.45000076,20.44000053,5.889999866
45.83000183,1.730000019,43.25,0.360000014,25.19000053,40.43000031,40.22999954,23.28000069,7.400000095,59.63999939,35.27999878,12.55000019,8.81000042,12.88000011,54420,24455,16.95999908,40.47000122,5.860000134,37.79999924,1091,354400,78.12000275,71.55000305,21.76000023,11.52999973,3.549999952,42.11999893,22.76000023,13.85000038
76.63999939,13.18000031,0.479999989,6.5,0.479999989,0.920000017,30.60000038,11.68999958,20.44000053,64.23999786,20.29000092,3.819999933,9.989999771,0,20791,13940,61.81000137,1.74000001,7.5,87.86000061,621,167500,98.48000336,86.55999756,16.86000061,18,10.30000019,4.710000038,25.20000076,79.19000244
91.18000031,0.230000004,7.159999847,0,2.25,7.239999771,53.61999893,12.22000027,6.489999771,65.61000061,23.84000015,20.90999985,10.28999996,5.590000153,58750,26993,4.75,88.23000336,6.369999886,6.079999924,836,166500,57.41999817,59.58000183,27.54999924,17.69000053,7.900000095,52.49000168,25.02000046,12.60000038
97.26000214,0,2.74000001,0,7.110000134,6.71999979,20.60000038,43.81999969,12.73999977,23.37999916,57.45999908,6.360000134,20.31999969,31.78000069,75345,45481,2.24000001,92.23999786,25.38999939,4.630000114,0,321600,2.730000019,92.90000153,1.679999948,75.55000305,19.59000015,81.12999725,14.56000042,0.649999976
5.21999979,0,94.34999847,0,57.22999954,90.23999786,85.19999695,4.480000019,6.489999771,44.91999817,7.21999979,11.22000027,0.200000003,9.880000114,27828,10588,40.52000046,23.12000084,13.43000031,66.25,568,90500,83.86000061,82.69999695,32.72000122,4,0.970000029,45.18000031,8.960000038,20.20999908
92.01000214,0.649999976,5.010000229,0,2.410000086,6.170000076,34.18999863,27.32999992,6.349999905,63.22000122,45.34000015,1.299999952,18.68000031,13.92000008,55956,27687,8.649999619,88.01999664,10.43999958,0,927,166200,39.36999893,50.27999878,17.79999924,29.81999969,8.399999619,49.99000168,28.13999939,12.80000019
98.16000366,0,0,1.570000052,0,0.670000017,55.02000046,10.27000046,15.85999966,60.29000092,23.47999954,22.45999908,8.020000458,5.550000191,43103,20172,13.73999977,79.79000092,23.84000015,0,408,112700,45.43000031,49.54000092,17.56999969,24.80999947,7.170000076,55.74000168,18.54999924,9.829999924
1.5,68.94999695,27.51000023,0,15.80000019,30.54999924,39.91999817,16.20000076,11.56999969,57.5,28.62999916,6.579999924,10.68000031,7.849999905,44787,22150,13.09000015,63.15999985,9.369999886,21.29000092,920,300000,86.87999725,49.06000137,22.85000038,23.96999931,9.470000267,38.97999954,18.17000008,16.27000046
97.36000061,1.090000033,0.75,0,0,0.790000021,44.52999878,21.78000069,9.800000191,54.33000183,40.27000046,15.81000042,9.960000038,8.420000076,55050,27592,12.75,78.55000305,9.880000114,11.96000004,529,125800,63.52999878,51.49000168,22.29000092,25.45000076,9.039999962,55.18999863,21.62999916,4.820000172
76.01999664,3.50999999,11.93999958,0.610000014,9.609999657,10.55000019,18.89999962,47.93999863,8.329999924,56.56999969,53.65000153,11.56999969,6.760000229,16.54999924,83631,53097,6.510000229,56.43000031,3.910000086,40.56999969,1639,682600,50.90000153,58.52999878,15.52999973,34.25,13.64000034,46.20000076,27.07999992,5.679999828
21.19000053,44.72000122,33.22000122,0.140000001,9.06000042,28.60000038,79.55000305,2.440000057,22.73999977,45.56999969,16.45000076,10.14999962,9.619999886,6.699999809,22260,10275,41.20000076,62.25,11.81999969,19.20000076,504,57600,100,60.34999847,30.71999931,12.42000008,5.96999979,28.02000046,18.71999931,27.15999985
85.55999756,13.39999962,0,0,1.470000029,1.440000057,64.56999969,8.050000191,18.82999992,62.43000031,21.12999916,23.51000023,10.36999989,7.630000114,36767,20410,17.13999939,61.58000183,19.14999962,14.53999996,476,89800,62.59999847,65.52999878,23.42000008,18.82999992,5.039999962,46.65000153,28.22999954,19.47999954
12.02999973,78.23000336,4.03000021,0,4.739999771,7.889999866,72.91999817,3.930000067,27.43000031,58.40000153,14.43999958,7.949999809,9.619999886,0,16774,8968,48.95000076,34.43999863,9.159999847,19.62999916,477,68300,93.19000244,74.34999847,48.04000092,10.44999981,3.210000038,22.88999939,23.86000061,46.97000122
22.37999916,17.37000084,48.50999832,0,29.18000031,52.00999832,45.15000153,22.01000023,13.39000034,75.23999786,27.07999992,7.800000191,5.320000172,3.730000019,66923,20707,13.68999958,49.56999969,22.95999908,26.07999992,934,153800,0.660000026,100,32.97000122,5.230000019,1.139999986,40.99000168,17.86000061,19.07999992
74.45999908,11.52999973,7.5,0,4.559999943,8.119999886,37.56999969,26.38999939,6.5,54.72000122,41.97999954,0.680000007,15.93999958,7,73750,30560,6.639999866,75.34999847,11.32999992,10.13000011,1100,234300,12.01000023,54.49000168,26.55999947,23.87000084,8.590000153,52.68000031,19.26000023,12.68000031
87.65000153,0.129999995,3.49000001,0,11.80000019,14.22999954,23.97999954,48.88999939,3.950000048,63.77000046,48.45999908,4.269999981,12.28999996,9.949999809,50823,33936,7.900000095,49.31000137,7.380000114,59.88000107,787,159700,89.56999969,68.73000336,20.06999969,25.46999931,13.02999973,50.06000137,19.61000061,11.21000004
88.83000183,2.480000019,5.019999981,0,7.679999828,10.69999981,38.86999893,28.12999916,11.61999989,54.91999817,37.36000061,17.35000038,16.75,17.30999947,52970,26814,6.860000134,76.48000336,13.69999981,33.43999863,779,170200,33.61999893,53.86999893,15.94999981,29.76000023,11.17000008,51.84000015,23.77000046,8.739999771
57.43999863,19.65999985,18.13999939,0,16.65999985,17.25,44.63000107,29.61000061,9.829999924,69.54000092,30.03000069,13.38000011,7.840000153,6.28000021,49549,27862,13.21000004,24.02000046,5.769999981,76.77999878,789,168000,93.19000244,79.27999878,20.73999977,10.65999985,0.109999999,23.67000008,29.42000008,21.45000076
0.99000001,98.94999695,0.059999999,0,2.970000029,2.380000114,67.41999817,7.329999924,19.32999992,48.54999924,15.52999973,0.959999979,8.930000305,7.289999962,22640,14568,31.42000008,57.11000061,31.60000038,25.54999924,585,73500,84.73000336,55.04999924,25.65999985,22.20999908,11.72999954,18.42000008,36.84999847,37.06000137
14.60000038,70.62999725,12.80000019,0,48.56000137,30.87999916,54.31999969,24.45000076,9.119999886,62.04999924,31.14999962,3.910000086,0.980000019,8.550000191,36621,19306,25.25,10.82999992,10.52999973,95.55000305,939,571900,82.44000244,51.54000092,25.29000092,14.27000046,2.549999952,30.20000076,24.56999969,31.72999954
94.23000336,1.639999986,3.099999905,0,1.610000014,2.849999905,43.25999832,23.71999931,8.020000458,53.61000061,35.70999908,12.60999966,12.31999969,9.829999924,59489,29077,3.829999924,94.48000336,12.39000034,0.449999988,610,122000,64.87999725,44.41999817,18.79000092,29.15999985,9.020000458,61.93999863,19.07999992,4.840000153
27.85000038,9.329999924,46.68999863,0.310000002,12.38000011,28.22999954,47.04000092,14.81000042,9.069999695,54.40000153,29.13999939,9.100000381,23.62999916,2.119999886,66340,24290,9.56000042,63.43999863,10.94999981,22.03000069,724,162400,52.49000168,66.83999634,29.19000053,19.20000076,5.840000153,51.06999969,19.37999916,4.920000076
31.20000076,0.059999999,57.20999908,0,46.54000092,63.65000153,14.64000034,61.22000122,5.889999866,65.41999817,58.72999954,5.820000172,1.429999948,9.670000076,51509,40701,11.35999966,28.05999947,8.93999958,56.47000122,1241,430200,83.30000305,82.12999725,7.039999962,19.78000069,4.840000153,37.81999969,16.44000053,2.950000048
26.80999947,60.36000061,3.700000048,0,14.05000019,13.38000011,36.75999832,39.97999954,6.360000134,77.02999878,50.61999893,3.220000029,10.35000038,3.799999952,83793,36423,5.769999981,63.29000092,6.260000229,34.74000168,1215,314200,45.61999893,76.37000275,27.35000038,11.82999992,2.180000067,41.84999847,13.32999992,19.51000023
62.54000092,2.74000001,11.5,0,16.5,24,18.10000038,68.08000183,9.930000305,75.58999634,61.63999939,5.329999924,3.420000076,13.18000031,72243,47990,14.42000008,39.95000076,10.52000046,82.40000153,1077,490400,98.11000061,79.13999939,17.5,12.18999958,5.320000172,37.13000107,12.42000008,9.609999657
94.48999786,0.039999999,1.389999986,0.289999992,3.930000067,5.78000021,13.22000027,58.70999908,6.380000114,66.98000336,61.29000092,9.850000381,7.96999979,28.69000053,82759,47609,10.27000046,79.66000366,20.51000023,4.099999905,804,398200,64.62999725,55.70000076,18.90999985,18.95000076,3.910000086,61.70000076,19.10000038,4.389999866
96.19000244,0.540000021,3.210000038,0,3.519999981,5.559999943,54.63999939,15.72999954,6.300000191,68.66000366,28.88999939,19.31999969,10.52999973,8.409999847,61148,31769,5.21999979,87.16999817,9.399999619,1.279999971,695,193200,35.99000168,49.45000076,21.27000046,19.03000069,6.480000019,61.11000061,18.29999924,7.28000021
71.16000366,2.269999981,13.35999966,0.239999995,13.59000015,21.52000046,49.13999939,17.47999954,7.440000057,67.44000244,23.39999962,14.01000023,6.179999828,5.460000038,36833,17177,29.54999924,53.22999954,7.730000019,16.29999924,475,76300,98.08999634,63.75,22.59000015,10.09000015,2.619999886,34.25,17.52000046,13.59000015
65.12999725,9.520000458,11.59000015,0,21.69000053,28.30999947,12.27999973,51.09999847,11.38000011,64.33000183,37.13999939,0.159999996,8.840000153,14.17000008,64187,52581,20.10000038,34.47999954,12.53999996,71.77999878,755,188400,69.19999695,84.29000092,9.619999886,26.45999908,6.909999847,34.11000061,32.02999878,3.200000048
69.69999695,20.11000061,4.070000172,0,4.880000114,5.139999866,33.93999863,40.61000061,9.43999958,67.87000275,40.56000137,5.289999962,12.44999981,10.80000019,59464,31738,10.78999996,70.79000092,1.230000019,10.72999954,712,135400,99.20999908,63.22000122,15.10000038,24.35000038,10.90999985,42.86000061,23.85000038,5.340000153
57.36000061,21.02000046,11.10999966,0.239999995,24.98999977,21.03000069,13.35000038,70,3.829999924,78.16999817,68.23000336,1.289999962,4.400000095,20.69000053,128882,58876,2.690000057,76.77999878,7.309999943,20.72999954,1212,529700,91.91000366,56.02000046,22.18000031,19.20999908,4.929999828,57.13999939,14.52000046,7.699999809
66.16000366,11.17000008,17.26000023,0.550000012,17.29000092,18.13999939,23.17000008,55.31999969,7.610000134,52.52999878,61.81999969,7.409999847,7.210000038,20.96999931,108654,66127,3.980000019,69.01000214,6.050000191,25.53000069,777,749100,70.18000031,67.80999756,30.63999939,14.39999962,5.039999962,59.02000046,18.84000015,13.89000034
95.01000214,2.789999962,0.550000012,0.5,1.889999986,3.599999905,38.33000183,32.56999969,12.52000046,56.68000031,38.25999832,8.869999886,10.86999989,19.76000023,76360,44620,9.369999886,87.58000183,14.56000042,6.070000172,911,453500,67.12000275,36.63000107,15.57999992,26.28000069,7.130000114,59.5,15.34000015,2.529999971
65.43000031,19.61000061,8.5,0.129999995,9.829999924,12.93999958,25.62000084,41.13000107,7.300000191,69.66999817,45.02999878,12.53999996,10.43999958,4.079999924,44316,33321,12.31000042,33.11000061,5.25,64.20999908,638,186500,6.139999866,87.16999817,22.61000061,14.35999966,5.260000229,40.40999985,18.19000053,18.26000023
0,0,0,0,0,0,0,0,0,0,0,0,0,0,0,0,0,0,0,0,0,0,0,0,0,0,0,0,0,0
70.44999695,1.5,19.29999924,0.02,12.35000038,17.95000076,15.19999981,57.11000061,4.320000172,57.83000183,45.81999969,11.17000008,8.81000042,12.35000038,87889,35604,6.059999943,92.27999878,0,0.629999995,1756,771100,88.83000183,27.25,23.89999962,24.88999939,10.59000015,61.25,19.20999908,6.170000076
6.489999771,0.699999988,44.86999893,0.959999979,71.26999664,85.62999725,55.49000168,27.76000023,7.28000021,55.54999924,20.18000031,4.75,2.460000038,8.880000114,48091,22130,18.44000053,16.05999947,5.210000038,93.01999664,1204,590800,86.08000183,72.88999939,17.54000092,13.26000023,4.019999981,39.77999878,19.35000038,10.27000046
97.01999664,0.349999994,0,0.200000003,1.460000038,4.320000172,13.11999989,56.56999969,1.549999952,63.47000122,57.77999878,6.510000229,12.10999966,10.23999977,91563,45234,1,98.55999756,2.119999886,0,348,186400,84.48000336,40.06000137,24.39999962,24.79999924,7.769999981,75.33999634,8.920000076,1.610000014
49.41999817,11.47000027,34.38999939,0.419999987,13.27000046,33.38000107,29.57999992,33.56000137,11.22999954,52.5,45.54000092,10.32999992,15.39000034,12.27000046,91066,34310,4.769999981,86.69999695,4.070000172,0.689999998,2001,294900,28.38999939,66.23000336,17.86000061,18.53000069,5.590000153,53.54000092,15.32999992,6.449999809
99.54000092,0,0.460000008,0,0,0,52.49000168,13.69999981,7.590000153,51.36999893,29.21999931,23.05999947,12.30000019,14.64999962,46800,27024,9.800000191,82.48000336,5.690000057,4.409999847,450,137300,76.91999817,44.25999832,21.21999931,27.28000069,9.140000343,68.54000092,14.17000008,6.519999981
2.089999914,94.70999908,1.620000005,1.230000019,0.059999999,1.25,62.49000168,10.73999977,24.70000076,53.36999893,16.27000046,13.23999977,9.180000305,9.300000191,19436,13072,47.11000061,32.54999924,21.85000038,38.02999878,371,86500,70.77999878,65.77999878,29.70999908,19.61000061,5.090000153,19.75,25.73999977,49.65000153
91.61000061,5.119999886,2.019999981,1.159999967,2.039999962,0.370000005,49.18999863,17.37000084,9.489999771,60.56000137,26.76000023,13.68999958,16.25,11.71000004,49068,29731,13.65999985,88.23999786,14.39000034,0,479,160700,36.91999817,48.08000183,22.85000038,22.15999985,5.769999981,62.88999939,17.04000092,8.06000042
84.5,0,3.019999981,8.789999962,1.120000005,4.610000134,43.88000107,18.62000084,2.25,52.43999863,26.35000038,3.99000001,11.06000042,14.5,55329,23040,15.27000046,79.95999908,3.119999886,5.28000021,433,137000,45.00999832,65.88999939,27.88999939,19.51000023,4.260000229,62.08000183,16.44000053,6.78000021
81.31999969,9.670000076,5.960000038,0,6.840000153,7.309999943,34.04999924,32.13999939,9.630000114,72.65000153,40.97999954,6.940000057,11.86999989,7.440000057,72250,28808,5.039999962,80.98000336,8.920000076,0.479999989,809,166200,21.61000061,70.08999634,28.06999969,13.18000031,3.039999962,51.95999908,14.93000031,11.31000042
87.94000244,2.599999905,7.099999905,0,8.649999619,10.34000015,44.25,22.19000053,10.19999981,51.88000107,33.99000168,6.489999771,15.28999996,17.82999992,43750,20287,15.22999954,62.68000031,20.87000084,30.88999939,738,136200,34.59000015,71.86000061,29.71999931,17.92000008,5,47.24000168,24.48999977,19.70000076
2.329999924,95.11000061,1.710000038,0.449999988,0.400000006,1.25,50.5,23.87999916,41.40000153,35.88999939,22.87000084,16.60000038,4.300000191,3.440000057,21276,20094,35.27999878,23.85000038,10.89000034,72.43000031,559,55900,76.86000061,65.91000366,9.199999809,34.95999908,17.37000084,20.56999969,36.5,17.23999977
66.54000092,13.85000038,5.449999809,2.839999914,10.22000027,16.19000053,17.09000015,56.11000061,5.630000114,58.70999908,59.68999863,10.86999989,8.729999542,14.46000004,132384,53408,3.589999914,91.65000153,5.800000191,1.25999999,954,232500,28.87000084,60.88999939,24.95000076,14.18000031,3.170000076,57.54999924,15.28999996,7.53000021
91.05000305,1.850000024,6.559999943,0,3.789999962,5.590000153,40.11999893,34.04000092,3.410000086,60.38000107,38.18000031,6.599999905,13.46000004,9.81000042,48048,27224,10.21000004,62.77000046,6.400000095,33.90999985,943,132100,77.58000183,49.97000122,17.75,31.35000038,14.17000008,46.70000076,22.37999916,6.130000114
88.05999756,7.760000229,2.50999999,0.300000012,0.029999999,4.769999981,69.76999664,7.429999828,12.86999989,55.86000061,18.63999939,10.53999996,16.95999908,3.279999971,30833,16170,27.29999924,65.23000336,18.43000031,22.57999992,379,44300,93.87000275,58.20999908,21.78000069,23.84000015,9.149999619,44.56000137,24.72999954,11.06000042
0,0,0,0,0,0,0,0,0,0,0,0,0,0,0,0,0,0,0,0,0,0,0,0,0,0,0,0,0,0
49.77999878,13.56999969,31.02000046,0,21.45999908,37.09999847,46.27000046,21.95999908,9.979999542,64.62999725,24.92000008,2.640000105,11.18999958,1.299999952,48487,20113,16.37000084,70.91999817,26.79999924,0,498,111100,15.69999981,85.27999878,21.45999908,22.92000008,6.630000114,55.52999878,18.92000008,8.859999657
43.36999893,23.23999977,30.26000023,0.529999971,18.52000046,28.87000084,53.09000015,14.09000015,16.38999939,49.95999908,18.44000053,6.329999924,15.53999996,10.07999992,41653,17434,19.47999954,73.30999756,20.37999916,2.579999924,748,129700,15.42000008,81.30000305,24.38999939,28.12000084,8.229999542,51.54000092,22.86000061,16.70000076
86.20999908,6.289999962,4.159999847,0,4.130000114,6.349999905,60.63000107,19.22999954,15.68999958,49.25999832,34.18000031,19.37999916,8.090000153,8.819999695,34588,22630,14.46000004,71.04000092,12.18999958,15.10999966,402,97600,71.37000275,62.27999878,21.36000061,26.26000023,8.539999962,45.22000122,30.34000015,12
23.20999908,23.65999985,30.94000053,1.399999976,12.21000004,27.86000061,42.79000092,14.98999977,3.650000095,68.5,27.45999908,3.460000038,10.61999989,1.210000038,54077,22115,15.86999989,61.06999969,15.31000042,2.99000001,1279,113600,1.360000014,93.37000275,42.50999832,8.109999657,2.859999895,51.86000061,23.54999924,24.27000046
6.949999809,90.22000122,0.029999999,0.400000006,0,0.579999983,60.91999817,10.35999966,14.67000008,38.88999939,15.07999992,10.59000015,21.65999985,8.449999809,23981,12436,39.70999908,31.03000069,31.28000069,13.53999996,439,55000,92.5,59.20000076,25.35000038,25.37999916,9.020000458,22.84000015,39.24000168,34.02000046
87.76000214,0.230000004,11.05000019,0,7.070000172,11.73999977,67.25,9.869999886,11.47999954,47.65999985,13.81999969,7.340000153,8.710000038,5.309999943,45847,20047,11.65999985,93.81999969,4.699999809,0,673,114000,29.06999969,57.86000061,21.47999954,20.31999969,4.440000057,61.81000137,15.36999989,4.840000153
55.50999832,6.210000038,19.78000069,0,47.65000153,57.45999908,54.95000076,31.21999931,1.820000052,79.19000244,33.33000183,4.010000229,3.75999999,13.06999969,48750,24815,7.46999979,32.95999908,1.549999952,91.86000061,1044,426500,64.34999847,77.80999756,17.97999954,15.11999989,5.420000076,39.15999985,14.67000008,18.87999916
83.75,1.559999943,7.070000172,2.710000038,2.200000048,5.5,33.95999908,27.35000038,8.670000076,58.24000168,36.77000046,11.01000023,9.470000267,12.42000008,56058,28046,11.19999981,82.33999634,3.819999933,5.289999962,632,260200,66.48000336,46.31999969,23.37000084,25.89999962,7.849999905,60.61000061,16.48999977,6.199999809
80.75,0,9.020000458,1.200000048,9.300000191,14.05000019,7.21999979,84.04000092,4.550000191,50.68999863,71.26000214,13.72000027,7.889999866,23.65999985,233917,104235,4.210000038,92.58000183,10.11999989,1.230000019,2001,1000001,80.16000366,44.31999969,30.73999977,20.51000023,7.75,73.45999908,8.56000042,0.74000001
94.72000122,0.029999999,4.28000021,0,0.639999986,3.900000095,49.77000046,25.26000023,1.409999967,67.30999756,28.82999992,28.54999924,10.68000031,13.98999977,70717,28603,3.369999886,88.84999847,0,2.299999952,456,195900,38.56000137,48.93999863,32.41999817,17.63999939,5.820000172,73.43000031,7.900000095,1.50999999
93.55999756,3.650000095,0.460000008,0,0.090000004,2.069999933,59.58000183,15.5,8.460000038,48.65999985,22.01000023,5.340000153,12.59000015,3.390000105,26052,15167,27.76000023,71.20999908,18.54999924,21,296,53200,93.59999847,50.86999893,30.72999954,19.54000092,6.480000019,44.11999893,36.93999863,23.04999924
62.06999969,11.02000046,6.579999924,5.579999924,9.460000038,15.11999989,32.81000137,28.44000053,11.55000019,66.66999817,31.43000031,19.70999908,10.42000008,19.62999916,50938,27408,14.43000031,67.48000336,10.92000008,28.27000046,1073,235400,32.52999878,70.26000214,19.81999969,19.45000076,3.50999999,40.22999954,22.85000038,10.15999985
26.87999916,29.11000061,34.29999924,0.239999995,14,32.08000183,23.61000061,43.93000031,6.119999886,74.87999725,51.79000092,0.74000001,8.720000267,3.460000038,60313,20934,20.54000092,64.56999969,20.48999977,0,1121,165600,3.099999905,100,42.63999939,6.550000191,1.970000029,53.95000076,16.71999931,23.35000038
54.74000168,22.29000092,17.92000008,0,14.89999962,23.54000092,23.80999947,58.13000107,10.40999985,73.87999725,53.09999847,3.49000001,5.590000153,7.239999771,51793,40811,24.87000084,23.09000015,13.07999992,78.16000366,902,325200,44.77999878,87.54000092,14.65999985,11.02999973,2.799999952,28.40999985,17.06999969,8.119999886
78.58000183,2.890000105,4.599999905,0.119999997,10.85000038,16.45999908,20.61000061,65.34999847,6.53000021,56.27999878,26.05999947,1.799999952,0.469999999,2.700000048,10298,7341,83.62000275,0,12.26000023,88.69000244,741,0,53.52000046,98.51000214,0.119999997,0,0,1.059999943,0.119999997,0
90.47000122,0.460000008,1.889999986,0.170000002,6.960000038,4.480000019,6.829999924,72.29000092,9.960000038,51.33000183,69.48000336,5.210000038,9.220000267,19.45000076,99009,52702,3.859999895,89.34999847,8.579999924,1.799999952,1425,570400,41.27999878,45.77999878,22.39999962,24.75,4.510000229,67.72000122,15.88000011,4.070000172
79.51000214,6.239999771,11.68999958,0,10.26000023,13.82999992,37.36000061,39.06999969,4.28000021,56.24000168,33.68000031,25.12000084,7.71999979,13.61999989,52538,34884,9.670000076,70.90000153,14.06000042,10.89999962,530,197600,57.61999893,52.38000107,22.47999954,27.07999992,6.960000038,60.13999939,23.78000069,4.519999981
68.16000366,6.710000038,1.120000005,16.22999954,0.519999981,1.649999976,50.25,16.81999969,3.970000029,50.47999954,28.65999985,17.11000061,11.07999992,12.92000008,50450,24237,12.60999966,79.26999664,8.819999695,0.660000026,337,115400,48.49000168,48.27999878,23.22999954,25.20999908,6.289999962,66.26000214,16.18000031,8.18999958
95.51999664,0.059999999,0.980000019,0.560000002,1.450000048,3.089999914,39.84000015,23.45000076,5.800000191,74.04000092,34.25999832,13.07999992,8.409999847,12.48999977,79201,32765,3.299999952,88.83999634,6.449999809,3.75999999,761,295300,57.56000137,41.84000015,25.38999939,15.59000015,3.470000029,67.20999908,10,1.690000057
66.69000244,17.02000046,4.239999771,0,15.89000034,18.43000031,27.18000031,37.99000168,10.75,58.27000046,35.75999832,9.180000305,26.62000084,8.800000191,72339,26291,13.57999992,0,14.63000011,79.63999939,1444,0,85.37000275,97.87999725,33.63999939,5.300000191,0.460000008,56.16999817,16.21999931,20.15999985
27.32999992,12.85000038,54.77000046,0,18.02000046,40.16999817,55.00999832,11.34000015,11.36999989,58.65999985,21.01000023,6.289999962,6.739999771,7.789999962,39134,16753,24.51000023,52.11000061,13.02000046,29.01000023,604,82800,87.40000153,64.18000031,30.70000076,12.98999977,3.99000001,41.75,23.67000008,33.41999817
93.80999756,1.340000033,0.349999994,0,4.110000134,6.119999886,38.95999908,28.64999962,2.309999943,69.31999969,40.61000061,13.84000015,9.739999771,4.590000153,46447,22856,7.340000153,68.41000366,7.460000038,12.81000042,695,176600,51.52999878,65.30999756,25.82999992,17.42000008,6.96999979,59.58000183,16.98999977,11.60999966
95.76000214,0.119999997,1.370000005,1.620000005,0.930000007,1.159999967,65.33000183,8.979999542,23.94000053,52.45000076,17.04999924,10.35000038,14.06000042,14.64999962,31210,15967,20.88999939,87.61000061,27.20000076,3.839999914,413,72700,65.26999664,50.15000153,24.69000053,24.23999977,6.510000229,50.70999908,25.5,8.600000381
97.75,0.829999983,0.360000014,0.189999998,0.670000017,1.340000033,56.54000092,16.39999962,12.22000027,61.47000122,28.39999962,15.42000008,9.920000076,8,58448,22619,14.73999977,86.37000275,9.43999958,2.279999971,521,135200,23.03000069,62.04999924,25.68000031,18.40999985,3.160000086,62.86000061,15.27999973,2.480000019
81.83000183,2.420000076,9.340000153,0,5.190000057,9.5,21.38999939,39.97999954,4.070000172,65.55000305,43.81000137,7.920000076,12.72999954,6.590000153,81383,26421,3.140000105,89.73999786,2.349999905,1.799999952,1147,234300,18.04000092,51.09999847,30.73999977,12.57999992,4.730000019,57,12.39999962,8.600000381
14.06999969,1.230000019,82.55999756,1.710000038,27.63999939,69.75,67.84999847,6.489999771,14.42000008,42.56000137,13.57999992,5.489999771,6.869999886,2.480000019,29919,14935,25.92000008,56.5,15.77000046,19.20999908,482,94700,63.70000076,55.77999878,31.77000046,18.39999962,7.190000057,50.20999908,19.81999969,16.34000015
44.90999985,39.11999893,6.130000114,0.610000014,12.68999958,15.72000027,41.52999878,23.29999924,19.82999992,60.45999908,35.72999954,10.78999996,8.920000076,7.539999962,32239,16916,27.86000061,49.25999832,10.75,33.06000137,542,85200,81.30000305,65.98000336,16.57999992,16.07999992,6.460000038,23.93000031,18.06999969,23.71999931
89.48999786,1.129999995,7.570000172,0,5.170000076,8.069999695,45.56000137,24.76000023,14.72999954,65.66999817,30.48999977,7.420000076,11.25,6.440000057,68419,28422,9.920000076,73.54000092,7.690000057,21.07999992,1089,274800,49.15999985,62.49000168,27.68000031,17.11000061,5.050000191,53.41999817,14.17000008,9.710000038
93.81999969,2.859999895,1.789999962,0,0.219999999,2.809999943,60.52999878,14.68999958,9.5,33.08000183,35.24000168,5.340000153,8.960000038,8.090000153,25104,18087,35.75,57.86999893,12.25,17.81999969,252,72300,64.84999847,56.34000015,24.54999924,20.79999924,7.429999828,50.16999817,26.5,16.20999908
50.20000076,24.93000031,19.79000092,0,31.84000015,33.81999969,44.11000061,29.70000076,7.960000038,59.29999924,33.56999969,5.210000038,10.34000015,9.43999958,43300,26562,17.05999947,58.75999832,10.77999973,67.63999939,1177,131700,29.45000076,74.09999847,19.61000061,28.47999954,11.02999973,46.11000061,25.44000053,18.36000061
24.79000092,32.66999817,38.86999893,0,13.78999996,39.22999954,61.61999893,14.71000004,17.97999954,60.97999954,20.79000092,3.329999924,4.119999886,4.309999943,33102,13042,28.63999939,57.18999863,19.79000092,6.679999828,806,137400,95.73999786,69.44000244,40.79000092,11.81999969,4.829999924,26.95999908,23.56999969,45.68000031
94.02999878,0.5,5.190000057,0,3.440000057,7.639999866,54.25,20.85000038,12.30000019,49.18000031,24.38999939,1.190000057,10.59000015,21.56999969,24909,20426,25.44000053,70.01000214,28.51000023,14.86999989,387,137300,39.29999924,54.47000122,24.78000069,26.69000053,5.110000134,51.77999878,24.13999939,6.349999905
90.41000366,2.730000019,3.089999914,0,3.220000029,4.190000057,55.56000137,22.56999969,6.46999979,49.72999954,30.45000076,20.64999962,9.989999771,10.89999962,54024,26385,6.550000191,71.98999786,1.649999976,28.28000069,567,143200,72.69000244,54.65999985,18.73999977,30.53000069,15.85000038,53.61000061,25.36000061,4.489999771
85.16000366,9.149999619,2.430000067,0.74000001,3.519999981,6.840000153,48.63999939,19.20999908,13.72999954,66.87000275,17.89999962,15.60000038,9.479999542,3.910000086,29188,18851,31.06999969,40.29000092,9.539999962,51.06999969,597,115700,66.68000031,78.73999786,19.31999969,12.97999954,3.200000048,32.61000061,16.79999924,17.21999931
78.56999969,0.330000013,14.61999989,0.709999979,9.479999542,12.47000027,39.77999878,15.23999977,10.60999966,51.81999969,30.20999908,10.02000046,13,3.680000067,32241,19376,20.36000061,52.83000183,9.670000076,40.66999817,666,154000,65.44000244,69.86000061,23.07999992,27.70000076,9.319999695,45.16999817,25.19000053,17.87999916
99.73999786,0.25999999,0,0,0.610000014,0.360000014,78.5,7.900000095,12.14000034,53.27000046,15.15999985,17.46999931,8.859999657,13.06999969,27580,17711,14.39000034,58.90000153,17.06999969,6.199999809,432,133800,68.54000092,45.59999847,21.55999947,23.85000038,6.25,40.56999969,29.59000015,25
4.820000172,0.129999995,86.90000153,0.109999999,47.04999924,85.98000336,72.08999634,5.119999886,18.19000053,60.59999847,17.5,27.10000038,1.870000005,6.590000153,48681,14940,14.61999989,59.06000137,2.839999914,10.81999969,885,331700,92.90000153,50.84000015,22.22999954,12.82999992,3.599999905,37.20000076,15.59000015,17.13999939
56.93000031,30.14999962,5.320000172,2.400000095,4.619999886,5.190000057,48.86000061,18.94000053,21.39999962,57.40000153,28.52000046,17.37000084,8.710000038,4.449999809,35164,17391,27.84000015,68.45999908,13.53999996,14.15999985,542,88000,80.25,54.59999847,23.21999931,23.34000015,7.449999809,41.13999939,27.01000023,17.48999977
93.30000305,0,1.409999967,0.430000007,0.889999986,1.470000029,65.58000183,12.81999969,11.13000011,49.68999863,24.84000015,18.28000069,8.180000305,16.02000046,32992,16382,26.62000084,82.56999969,17.22999954,0.189999998,293,109900,50.56000137,47.40999985,24.51000023,22.98999977,5.949999809,62.13999939,20.36000061,7.349999905
91,0.219999999,3.099999905,0,0.349999994,1.700000048,67.01000214,10.97999954,11.76000023,56.52000046,21.36000061,15.02000046,9.18999958,9.970000267,40808,20219,27.29000092,64.27999878,10.21000004,15.60999966,459,98000,69.68000031,54.41999817,26.34000015,21.04000092,6.659999847,49.90000153,21.62000084,11.36999989
89.88999939,0.99000001,3.390000105,0,16.94000053,16.84000015,29.70000076,44.52999878,6.519999981,54.45999908,51.54000092,14.92000008,9.159999847,15.55000019,109318,52607,2.619999886,96.79000092,1.860000014,5.71999979,2001,547300,70.73999786,47.00999832,18.80999947,34.59000015,12.27999973,64.62999725,16.75,3.470000029
63.43000031,28.36000061,3.130000114,0.310000002,4.590000153,6.550000191,52.5,12.27999973,17.82999992,69.26999664,23.97999954,19.90999985,10.18999958,1.899999976,42517,17754,14.77999973,55.25999832,3.25999999,19.59000015,829,93200,77.70999908,65.19000244,25.80999947,12.57999992,1.620000005,47.54999924,15.02999973,24.72999954
89.80999756,6.550000191,2.230000019,0,3.099999905,2.329999924,32.02000046,30.22999954,4.739999771,62.81999969,33.95000076,9.140000343,13.26000023,14.90999985,52972,25648,8.960000038,72.80999756,13.11999989,15.72999954,474,114800,79.97000122,65.5,26.09000015,18.46999931,4.889999866,56.29999924,19.38999939,6.039999962
79.30999756,4.25,2.25999999,0,5,9.899999619,34.25999832,29.92000008,8.31000042,83.38999939,38.27000046,15.65999985,7.809999943,7.119999886,75350,28388,5.820000172,92.51000214,3.769999981,2.720000029,882,198800,28.5,66.58999634,31.63999939,7.690000057,0.540000021,54.47000122,14.77999973,9.340000153
95.73000336,0.230000004,2.940000057,0.109999999,2.440000057,2.670000076,41.58000183,32.00999832,3.039999962,62.68999863,32.65000153,8.479999542,7.929999828,13.56999969,63623,32712,3.140000105,83.01999664,4.099999905,8.289999962,621,219600,52.18999863,49.95000076,21.36000061,20.89999962,5.949999809,63.84999847,14.73999977,3.019999981
74.80000305,3.369999886,18.69000053,0.219999999,7.449999809,16.42000008,34.20999908,18.90999985,11.06999969,71.30999756,22.92000008,10.48999977,7.360000134,5.920000076,56310,19052,8.449999809,55.95999908,30.35000038,0,878,121100,3.24000001,100,42.27000046,7.570000172,1.379999995,58.88000107,15.56999969,16.29999924
1.019999981,0,96.94999695,0,54.31999969,95.12999725,76.19000244,8.859999657,13.25,43.88000107,18.19000053,11.5,0.819999993,1.519999981,30370,11495,32.83000183,33.02000046,11.60999966,26.87000084,814,256400,94.11000061,54.59999847,27.72999954,14.67000008,4.639999866,44.88000107,13.89999962,20.36000061
26.60000038,0.430000007,57.77999878,0.230000004,36.50999832,63.75999832,55.22999954,20.93000031,8.430000305,53.47000122,28.84000015,13.81999969,4.849999905,10,47536,17823,20.95999908,46.09999847,3.559999943,42,1057,395700,26.21999931,82.26999664,33.31000137,6.809999943,1.840000033,53.00999832,10.84000015,11.14000034
80.48000336,3.200000048,10.31999969,0.289999992,12.22999954,18.12999916,21.05999947,51.25,3.420000076,56.15999985,37.02999878,8.31000042,10.85999966,7.610000134,39383,27723,13.81999969,20.40999985,15.75,92.54000092,676,209500,88.87999725,83.15000153,8.779999733,25.79999924,10.77999973,35.31999969,21.57999992,0
75.73000336,4.039999962,11.92000008,2.74000001,12.55000019,18.75,38.70999908,27.25,6.159999847,72.37999725,28.45000076,14.09000015,2.950000048,3.609999895,36250,18504,24.95000076,38.13000107,13.27000046,54.43999863,455,112300,68.90000153,70.23000336,16.95000076,13.56000042,7.119999886,25.98999977,12.17000008,17.04999924
75.30000305,4.059999943,1.100000024,0.330000013,17.06999969,16.59000015,20,67.88999939,6.340000153,72.66000366,40.45999908,9.050000191,1.669999957,0.330000013,15962,14902,72.84999847,9.449999809,7.690000057,90.69999695,771,230900,66.12999725,92.29000092,1.480000019,2.630000114,0.439999998,6.559999943,1.669999957,0
88.86000061,0.189999998,3.390000105,0,12.81999969,13.63000011,10.73999977,70.98999786,4.670000076,53.25999832,60.38000107,4.880000114,4.71999979,19.54000092,145833,72445,1.799999952,90.22000122,6.460000038,5.489999771,2001,812500,70.76999664,49.02000046,33.31000137,18.62999916,7.400000095,69.31999969,12.93999958,5.489999771
