"article_no","short_name","first_author","authors","year","title","journal","type","n_studies","screened_in","outcome","k_effects","keywords","remarks","abstract","apa_reference","link"
"1","Ritov Baron (1990) Reluctance to vaccinate: omission bias and ambiguity","Ritov","Ritov, Baron","1990","Reluctance to vaccinate: Omission bias and ambiguity","Journal of Behavioral Decision Making","Experimental","4","Yes","Dropped after coding (Excluded tab)",0,"Omission bias; Ambiguity; Vaccination; Keyword 8",,"Subjects are reluctant to vaccinate a (hypothetical) child when the vaccination itself can cause death, even when this is much less likely than death from the disease prevented. This effect is even greater when there is a ‘risk group’ for death (with its overall probability held constant), even though the test for membership in the risk group is unavailable. This effect cannot be explained in terms of a tendency to assume that the child is in the risk group. A risk group for death from the disease has no effect on reluctance to vaccinate. The reluctance is an example of omission bias (Spranca, Minsk & Baron, in press), an overgeneralization of a distinction between commissions and omissions to a case in which it is irrelevant. Likewise, it would ordinarily be prudent to find out whether a child is in a risk group before acting, but in this case it is impossible, so knowledge of the existence of the risk group is irrelevant. The risk-group effect is consistent with Frisch & Baron's (1988) interpretation of ambiguity.","Ritov, I., & Baron, J. (1990). Reluctance to vaccinate: Omission bias and ambiguity. Journal of Behavioral Decision Making, 3(4), 263-277.","http://onlinelibrary.wiley.com/doi/10.1002/bdm.3960030404/abstract"
"2","Ritov Baron (1999) Protected values and omission bias","Ritov","Ritov, Baron","1999","Protected Values and Omission Bias","Organizational Behavior and Human Decision Processes","Experimental","3","No","Dropped at full text (Coding decisions)",0,".; Keyword 9",,"Protected values (PVs) are those that people think should not be traded off. Baron and Spranca (1997) proposed that such values result from rules concerning actions (as opposed to values for outcomes). This proposal implies that PVs should show a particularly large bias against harmful acts that undermine the value in question, as opposed to harmful omissions (omission bias). We found this correlation between PVs and omission bias in 3 experiments, using stimuli of the sort that we used before to demonstrate omission bias. In 2 experiments, we also found a weak tendency for PVs to be associated with lack of concern for the number of acts involved, which is analogous to earlier results showing an association with lack of concern for the quantity of outcomes. Finally, 1 experiment showed that some people are willing to sacrifice values to prevent losses more than they are willing to sacrifice these values for gains.","Ritov, I., & Baron, J. (1999). Protected values and omission bias. Organizational behavior and human decision processes, 79(2), 79-94.","http://www.sciencedirect.com/science/article/pii/S074959789992839X"
"3","Baron Ritov (1994) Reference Points and Omission Bias","Baron","Baron, Ritov","1994","Reference Points and Omission Bias","Organizational Behavior and Human Decision Processes","Experimental","5","No","Dropped after coding (Excluded tab)",0,".; Keyword 10","it is more about status quo and norm theory","Subjects were asked to evaluate the choice of options leading to known outcomes, or to say how they would feel about a chance outcome, in hypothetical decisions. We independently manipulated the value of the status quo and the assignment of the better or worse outcome to an act or an omission. Acts leading to the worse outcome were always considered worse than omissions leading to the worse outcome. This act-omission difference was reduced or reversed for the better outcome. Most experiments showed an overall bias toward omissions (combining better and worse). Little evidence was found for greater omission bias for losses relative to the status quo than for gains. A bias toward maintaining the status quo itself was found, however, independently of omission bias. Most of the results can be explained by norm theory and by loss aversion, but other possible accounts are inconsistent with the results.","Baron, J., & Ritov, I. (1994). Reference points and omission bias. Organizational Behavior and Human Decision Processes, 59(3), 475-498.",
"4","Spranca etal (1991) Omission and Commission in Judgement and Choice","Spranca","Spranca, Minsk, Baron","1991","Omission and Commission in Judgement and Choice","Journal of Experimental Social Psychology","Experimental","6","Yes","Included: effects coded",2,".; Keyword 11","Classic experiment used for the pre-registered replication (Experiment 1)","Subjects read scenarios concerning pairs of options. One option was an omission, the other, a commission. Intentions, motives, and consequences were held constant. Subjects either judged the morality of actors by their choices or rated the goodness of decision options. Subjects often rated harmful omissions as less immoral, or less bad as decisions, than harmful commissions. Such ratings were associated with judgments that omissions do not cause outcomes. The effect of commission is not simply an exaggerated response to commissions: a reverse effect for good outcomes was not found, and a few subjects were even willing to accept greater harm in order to avoid action. The “omission bias” revealed in these experiments can be described as an overgeneralization of a useful heuristic to cases in which it is not justified. Additional experiments indicated that subjects' judgments about the immorality of omissions and commissions are dependent on several factors that ordinarily distinguish omissions and commissions: physical movement in commissions, the presence of salient alternative causes in omissions, and the fact that the consequences of omissions would occur if the actor were absent or ignorant of the effects of not acting.","Spranca, M., Minsk, E., & Baron, J. (1991). Omission and commission in judgment and choice. Journal of experimental social psychology, 27(1), 76-105.",
"5","Haidt Baron (1996) Social roles and the moral judgement","Haidt","Haidt, Baron","1996","Social roles and the moral judgement of acts and omissions","European Journal of Social Psychology","Experimental","3","No","Dropped at full text (Coding decisions)",0,".; Keyword 12",,"Three experiments investigated how moral judgements of harmful acts and omissions are affected by information about social roles. Subjects were given vignettes in which the relationship between an actor and victim was varied along the dimensions of solidarity (e.g. friends versus strangers) and hierachy (e.g. superior versus equal; the terms are from Hamilton & Sanders, 1981). Subjects were asked to judge the morality of the actor in each case, both for a harmful omission (e.g. intentionally withholding the truth) and for an equivalent act (e.g. actively lying). Subjects judged the behaviour worse in the act than the omission. Judgements were also affected by role relationships. The act–omission difference was also greater in the low-responsibility roles. Responses to the high-responsibility roles seem to reflect in a consequentialist perspective, focusing on outcomes rather than prohibitions.","Haidt, J., & Baron, J. (1996). Social roles and the moral judgement of acts and omissions. European Journal of Social Psychology, 26(2), 201-218.","http://faculty.virginia.edu/haidtlab/articles/haidt.baron.1996.social-roles.pub008.pdf"
"6","Ritov Baron (1992) Status-quo and omission bias","Ritov","Ritov, Baron","1992","Status-quo and omission biases","Journal of Risk and Unvertainty","Experimental","3","No","Dropped at full text",0,"Status quo; Omission; Decision making; Keyword 13",,"Bias toward the status quo, found in choice and in emotional reactions to adverse outcomes, has been confounded with bias toward omission. We unconfounded these effects with scenarios in which change occurs unless action is taken. Subjects reacted more strongly to adverse outcomes caused by action, whether the status quo was maintained or not, and subjects preferred inaction over action even when inaction was associated with change. No status-quo bias was found in a matching task, which did not require action. The observed status-quo bias is at least partly caused by a bias toward omissions.","Ritov, I., & Baron, J. (1992). Status-quo and omission biases. Journal of risk and uncertainty, 5(1), 49-61.",
"7","DeScioli (2011) The Omission Strategy","DeScioli","DeScioli, Christner, Kurzban","2011","The Omission Strategy","Psychological Science","Experimental","2","Yes","Included: effects coded",4,"Moral psychology; Moral judgement; Omission; Condemnation; Punishment; Keyword 14","Omission bias ~ Omission strategy","People are more willing to bring about morally objectionable outcomes by omission than by commission. Similarly, people condemn others less harshly when a moral offense occurs by omission rather than by commission, even when intentions are controlled. We propose that these two phenomena are related, and that the reduced moral condemnation of omissions causes people to choose omissions in their own behavior to avoid punishment. We report two experiments using an economic game in which one participant (the taker) could take money from another participant (the owner) either by omission or by commission. We manipulated whether or not a third party had the opportunity to punish the taker by reducing the taker’s payment. Our results indicated that the frequency of omission increases when punishment is possible. We conclude that people choose omissions to avoid condemnation and that the omission effect is best understood not as a bias, but as a strategy.","DeScioli, P., Christner, J., & Kurzban, R. (2011). The omission strategy. Psychological Science, 22(4), 442-446.","http://pdescioli.com/papers/descioli.etal.omission.ps11.pdf"
"8","Ritov Baron (1995) Outcome Knowledge, Regret, and Omission Bias","Ritov","Ritov, Baron","1995","Outcome Knowledge, Regret, and Omission Bias","Organizational Behavior and Human Decision Processes","Experimental","4","Yes","Dropped after coding (Excluded tab)",0,".; Keyword 15",,"Subjects made or evaluated decisions in hypothetical scenarios. We manipulated knowledge about the outcome and act vs omission in four cases. In case 1 (production processes), acts (changing the process) were considered better than omissions when the decision maker did not know the outcome or knew that it was better than the status quo. Acts were considered worse than omissions once the decision maker learned that the foregone option would have led to an even better outcome. In case 2 (medical treatment), act vs omission again interacted with gain vs loss (relative to the status quo) unless the outcome of the foregone option was known, in which case act vs omission interacted with better vs worse (of the two options). In case 3 (fetal testing), subjects tolerated less risk of miscarriage when a potential for regret was present (because the test with the risk of miscarriage, although better, might miss disorders that another test would detect). This effect was greater for actions than omissions. In case 4 (vaccination), subjects showed less tolerance of vaccine risk when the decision maker would know about the outcome of vaccination or nonvaccination. Thus, the bias toward omission (not vaccinating) is greater when potential regret is present, and potential regret is greater when knowledge of outcomes is expected.","Ritov, I., & Baron, J. (1995). Outcome knowledge, regret, and omission bias. Organizational Behavior and Human Decision Processes, 64(2), 119-127.",
"9","Baron Ritov (2004) Omission bias, individual differences, and normality","Baron","Baron, Ritov","2004","Omission bias, individual differences, and normality","Organizational Behavior and Human Decision Processes","Experimental","2","Yes","Included: effects coded",2,".; Keyword 16",,"Omission bias is the preference for harm caused by omissions over equal or lesser harm caused by acts. Recent articles (Connolly & Reb, 2003; Patt & Zeckhauser, 2000; Tanner & Medin, in press) have raised questions about the generality of this phenomenon and have suggested that the opposite bias (action bias) sometimes exists. Prentice and Koehler (2003) have suggested that omission bias is sometimes confounded with a bias toward what is normal, a bias they find. We review this literature and report new data showing omission bias with appropriate methods, as well as a small normality bias that cannot explain the omission bias. The data suggest that the bias is largely based on the distinction between direct and indirect causation, rather than that between action and inaction as such. We report substantial individual differences: some subjects show action bias. We argue, though, that concern about omission bias is justified if only a substantial minority of people show it.","Baron, J., & Ritov, I. (2004). Omission bias, individual differences, and normality. Organizational Behavior and Human Decision Processes, 94(2), 74-85.",
"10","Cushman etal (2006) Conscious Reasoning and Moral Judgment","Cushman","Cushman, Young, Hauser","2006","The Role of Conscious Reasoning and Intuition in Moral Judgment","Psychological Science","Experimental","1","No","Dropped at full text (Coding decisions)",0,".; Keyword 17",,"Is moral judgment accomplished by intuition or conscious reasoning? An answer demands a detailed account of the moral principles in question. We investigated three principles that guide moral judgments: (a) Harm caused by action is worse than harm caused by omission, (b) harm intended as the means to a goal is worse than harm foreseen as the side effect of a goal, and (c) harm involving physical contact with the victim is worse than harm involving no physical contact. Asking whether these principles are invoked to explain moral judgments, we found that subjects generally appealed to the first and third principles in their justifications, but not to the second. This finding has significance for methods and theories of moral psychology: The moral principles used in judgment must be directly compared with those articulated in justification, and doing so shows that some moral principles are available to conscious reasoning whereas others are not.","Cushman, F., Young, L., & Hauser, M. (2006). The role of conscious reasoning and intuition in moral judgment: Testing three principles of harm. Psychological science, 17(12), 1082-1089.","https://pdfs.semanticscholar.org/276a/63954d90f49187b8644406c85168da2179a8.pdf"
"11","Bostyn Roets (2016) The morality of action","Bostyn","Bostyn, Roets","2016","The morality of action: The asymmetry between judgments of praise and blame in the action-omission effect","Journal of Experimental Social Psychology","Experimental & Meta-analysis","4","No","Dropped at full text (Coding decisions)",0,"Omission -bias; Action effect; Casual appraisal; Praise; Moral cognition; Keyword 18",,"Actions leading to negative outcomes (i.e., harm) are seen as more blameworthy than omissions of actions leading to the same negative outcomes. However, whether a similar action–omission effect applies to judgments of praiseworthiness of positive outcomes is still an open question. Drawing on positive–negative asymmetries found in other domains, we hypothesized that positive events would not elicit an action–omission effect for judgments of praise, because such positive events do not by default trigger the causal appraisal processes that are central to the action–omission effect. Furthermore, we posited that when people are explicitly asked to consider causality before or during the judgment, an action–omission effect on judgments of praise could be obtained too. These hypotheses were verified in three independent studies and a meta-analytic analysis. As such, the present set of studies provides novel insights in the action–omission effect's asymmetry for negative and positive outcomes, as well as an increased understanding of the role of causality appraisal in this effect: judgments of praise are less reliant on causal reasoning than judgments of blame, and therefore also less susceptible to the action–omission bias.","Bostyn, D. H., & Roets, A. (2016). The morality of action: The asymmetry between judgments of praise and blame in the action–omission effect. Journal of Experimental Social Psychology, 63, 19-25.",
"12","Connolly Reb (2003) Omission bias in vaccination decisions","Connolly","Connolly, Reb","2003","Omission bias in vaccination decisions: Where's the ""omission""? Where's the ""bias""?","Organizational Behavior and Human Decision Processes","Experimental","3","Yes","Included: effects coded",1,"Vaccination; Regret; Omission bias; Action; Justification; Keyword 19",,"Several studies have reported that parents are often reluctant to vaccinate their own or other people’s children, even when the balance of health risks and benefits clearly favors vaccination. This reluctance has been interpreted as a manifestation of “omission bias”, a general tendency to prefer inactive to active options even when inaction leads to worse outcomes or greater risks. The research raises significant public health concerns as well as worries about human decision biases in general. In this paper we argue that existing research on vaccination decisions has not convincingly demonstrated any general reluctance to vaccinate nor has it made the case that such a tendency, if found, would constitute a bias. We identify several conceptual and methodological issues that, we argue, cloud interpretation of earlier studies. In a new questionnaire-based study (Experiment 1) we examined the vaccination decisions of undergraduate students (N=103) and non-student adults (N=192). In both groups a clear majority chose to vaccinate when disease and vaccination risks were balanced. Experiments 2 and 3 identify several problems associated with the measures used in earlier studies, and show how these problems could have led to the misleading appearance of majority anti-vaccination preferences. In our data, vaccination intentions appear to be less a function of generalized preferences for action or inaction than they are of the regret respondents expect to feel if vaccination or non-vaccination were to lead to a poor outcome. Regret-avoiding choices led some respondents to favor vaccination, others to oppose it. In two follow-up studies, few respondents mentioned action or inaction per se in explaining their choices. We conclude that there is no convincing evidence that a generalized “omission bias” plays any important role in vaccination decisions.","Connolly, T., & Reb, J. (2003). Omission bias in vaccination decisions: where’s the “omission”? Where’s the “bias”?. Organizational Behavior and Human Decision Processes, 91(2), 186-202.",
"13","Kordes-de Vaal (1996) Intention and the omission bias","Kordes-de Vaal","Kordes-de Vaal","1996","Intention and the omission bias: Omissions perceived as nondecisions","Acta Psychologica","Experimental","3","Yes","Included: effects coded",7,"Omission Bias; Immorality; Intention; Causality; Responsibility; Keyword 20",,"People often evaluate a decision to commit an action more negatively than a decision to omit an action, given that both decisions have the same negative consequence. This phenomenon is called the omission bias. In the present experiments, subjects were not asked to justify their judgments in view of doubts about whether the processes underlying decision making are open to introspection. Instead, they were asked to rate an agent's immorality — or the anger evoked by the employer of the agent — as well as the agent's intention, causality, and responsibility for either a commission or an omission version of several scenarios. The results of the three experiments suggest that the basis of the omission bias is a difference in perceived causality, making the outcome of an omission appear less intended than the outcome of a commission. This reduction in perceived intention for outcomes of omissions might make the evaluation of someone's behavior less negative.","Kordes-de Vaal, J. H. (1996). Intention and the omission bias: Omissions perceived as nondecisions. Acta psychologica, 93(1), 161-172.",
"14","DeScioli etal (2011) The omission effect in moral cognition","DeScioli","DeScioli, Bruening, Kurban","2011","The omission effect in moral cognition: toward a functional explanation","Evolution and Human Behavior","Experimental","4","No","Dropped at full text (Coding decisions)",0,"Omission; Transparency; Moral judgment; Moral psychology; Keyword 21",,"Moral judgment involves much more than computations of the expected consequences of behavior. A prime example of the complexity of moral thinking is the frequently replicated finding that violations by omission are judged less morally wrong than violations by commission, holding intentions constant. Here we test a novel hypothesis: Omissions are judged less harshly because they produce little material evidence of wrongdoing. Evidence is crucial because moral accusations are potentially very costly unless supported by others. In our experiments, the omission effect was eliminated when physical evidence showed that an omission was chosen. Perpetrators who “opted out” by pressing a button that would clearly have no causal effects on the victim, rather than rescuing them, were judged as harshly as perpetrators who directly caused death. These results show that, to reduce condemnation, omissions must not only be noncausal, they must also leave little or no material evidence that a choice was made.","DeScioli, P., Bruening, R., & Kurzban, R. (2011). The omission effect in moral cognition: Toward a functional explanation. Evolution and Human Behavior, 32(3), 204-215.",
"15","Zeelenberg etal (2000) Attributions of responsibility and affective reactions","Zeelenberg","Zeelenberg, van der Pligt, de Vries","2000","Attributions of responsibility and affective reactions to decision outcomes","Acta Psychologica","Experimental","2","No","Dropped at full text (Coding decisions)",0,"Decision making; Affect; Attributions; Keyword 22",,"Immediate affective reactions to outcomes are more intense following decisions to act than following decisions not to act. This finding holds for both positive and negative outcomes. We relate this “actor-effect” to attribution theory and argue that decision makers are seen as more responsible for outcomes when these are the result of a decision to act as compared to a decision not to act. Experiment 1 (N=80) tests the main assumption underlying our reasoning and shows that affective reactions to decision outcomes are indeed more intense when the decision maker is seen as more responsible. Experiment 2 (N=40) tests whether the actor effect can be predicted on the basis of differential attributions following action and inaction. Participants read vignettes in which active and passive actors obtained a positive or negative outcome. Action resulted in more intense affect than inaction, and positive outcomes resulted in more intense affect than negative outcomes. Experiment 2 further shows that responsibility attributions and affective reactions to outcomes are highly correlated; that is, more extreme affective reactions are associated with more internal attributions. We discuss the implications for research on post-decisional reactions.","Zeelenberg, M., van der Pligt, J., & de Vries, N. K. (2000). Attributions of responsibility and affective reactions to decision outcomes. Acta Psychologica, 104(3), 303-315.","https://pure.uvt.nl/portal/files/410675/zeelenberg-2000_ACTA.pdf"
"16","Willemsen Reuter (2016) Is there really an omisson effect?","Willemsen","Willemsen, Reuter","2016","Is there really an omission effect?","Philosophical Psychology","Experimental","4","Yes","Included: effects coded",4,"Blame; causal judgments; moral cognition; omission bias; omission effect; Keyword 23",,"The omission effect, first described by Spranca and colleagues (Spranca, Minsk, & Baron, 1991), has since been extensively studied and repeatedly confirmed (Cushman, Murray, Gordon-McKeon, Wharton, & Greene, 2012). All else being equal, most people judge it to be morally worse to actively bring about a negative event than to passively allow that event to happen. In this paper, we provide new experimental data that challenges previous studies of the omission effect both methodologically and philosophically. We argue that previous studies have failed to control for the equivalence of rules that are violated by actions and omissions. Once equivalent norms are introduced, our results show that the omission effect is eliminated, even if the negative outcome of the behavior is foreseen and intended by the agent. We show that the omission effect does not constitute a basic, moral disposition but occurs exclusively in complex moral situations. Building on these empirical results, we cast doubt onto two influential explanations of the omission effect, the Causal Relevance Hypothesis and the Overgeneralization Hypothesis, and provide a novel explanation of the phenomenon. Furthermore, we discuss various ramifications of the interplay between our understanding of omissions and legal systems.","Willemsen, P., & Reuter, K. (2016). Is there really an omission effect?. Philosophical Psychology, 29(8), 1142-1159.","http://www.tandfonline.com/doi/full/10.1080/09515089.2016.1225194"
"17","Hayashi (2015) Omission bias and perceived intention","Hayashi","Hayashi","2015","Omission bias and perceived intention in children and adults","The British Psychological Society","Experimental","1","Yes","Included: effects coded",6,".; Keyword 24",,"Omission bias refers to the tendency to judge acts of commission as morally worse than equivalent acts of omission. Children aged 7–8 and 11–12 years, as well as adults, made moral judgements about acts of commission and omission in two conditions in which the protagonist obtained a self-directed benefit. In the antisocial condition, the other person was harmed; in the selfish condition, the other person was not harmed. The results showed that adults and both age groups of children judged that the agent who did something (act of commission) was morally worse than the agent who did nothing (omission) for both antisocial and selfish conditions, although this judgement tendency was clearer in the selfish condition than in the antisocial condition. Agent intention was held constant across commission and omission, but most participants rated the intention of the agent who did something as stronger than that of the agent who did nothing. These results suggest that omission bias occurs regardless of differences in age and situation. In addition, perceived intention appears to change in conjunction with omission bias.","Hayashi, H. (2015), Omission bias and perceived intention in children and adults. Br J Dev Psychol, 33: 237–251. doi:10.1111/bjdp.12082","http://onlinelibrary.wiley.com/doi/10.1111/bjdp.12082/abstract;jsessionid=EE03B4889ADBC7DDC520298B610AA3E0.f02t01"
"18","Asch etal (1994) Omission Bias and Pertussis Vaccination","Asch","Asch, Baron, Hershey, Kunreuther, Meszaros, Ritov, Spranca","1994","Omission Bias and Pertussis Vaccination","Medical Decision Making","Experimental","1","No","Dropped after coding (Excluded tab)",0,".; Keyword 25",,"Background: Several laboratory studies have suggested that many people favor potentially harmful omissions over less harmful acts. The authors studied the role of this omission bias in parents' decisions whether to vaccinate their children against pertussis. Methods: Two hundred mail surveys were sent to subscribers to a magazine that had published articles favoring and opposing pertussis vaccination. Subjects were asked about their beliefs about the vaccine and the disease, and whether they had vaccinated their own children or planned to, and they were given test items to identify omission bias in their reasoning. Results: One hundred and three subjects (52%) responded to the survey. Respondents who reported they did not or would not allow their children to be vaccinated (n = 43; 41 %) were more likely to believe that vaccinating was more dangerous than not vaccinating (p < 0.001 ). They were also more likely to exhibit omission bias (p = 0.004), holding constant their stated beliefs about the danger of the vaccine. Conclusions: Omission bias plays a role in decisions not to vaccinate with pertussis vaccine, beyond the role played by belief about the risk of vaccination. Key words: behavioral sciences; decision making; decision theory; ethics; health policy; judgment; pertussis vaccine; probability; psychology; public health; risk; vaccination; whooping cough.","Asch, D. A., Baron, J., Hershey, J. C., Kunreuther, H., Meszaros, J., Ritov, I., & Spranca, M. (1994). Omission bias and pertussis vaccination. Medical decision making, 14(2), 118-123.",
"19","DiBonaventura Chapman (2008) Do Decision Biases Predict Bad Decisions?","DiBonaventura","DiBonaventura, Chapman","2008","Do Decision Biases Predict Bad Decisions? Omission Bias, Naturalness Bias, and Influenza Vaccination","Decision Psyhology and Judgment","Experimental","1","No","Dropped after coding (Excluded tab)",0,"omission bias; naturalness bias; influenza; vaccination; Keyword 26",,"Purpose. Numerous studies using hypothetical vignettes have demonstrated decision biases or deviations from utility theory. Do people who commit biases in questionnaire studies make worse real-world decisions than do less biased people? Methods.Two hundred seventy university faculty and staff participated in a questionnaire study in which they reported whether they accepted a free influenza vaccine offered at their work place. Influenza vaccine acceptance was the measure of real-world decision making. Participants responded to 3 hypothetical scenarios. Two scenarios measured the omission bias and described a vaccine (scenario 1) and a medication (scenario 2) that prevented a negative health outcome but that itself could cause the negative health outcome. The omission bias is a preference for not vaccinating or medicating even when the vaccine/medication lowers the total risk of the negative outcome. A 3rd scenario measured the naturalness bias by presenting a choice between 2 chemically identical medications, one extracted from a natural herb and the other synthesized in a laboratory. Preference for the natural medication indicated the naturalness bias.Results.The results indicated that a substantial proportion of participants exhibited these biases and that participants who exhibited these biases were less likely to accept the flu vaccine. Conclusions.To the extent that declining a free flu vaccine is a worse real-world decision, people who demonstrate the naturalness and omission biases in hypothetical scenarios make worse real-world decisions.","DiBonaventura, M., & Chapman, G. B. (2008). Do decision biases predict bad decisions? Omission bias, naturalness bias, and influenza vaccination. Medical Decision Making, 28(4), 532-539.","http://journals.sagepub.com/doi/pdf/10.1177/0272989X07312723"
"20","Royzman Baron (2002) The Preference for Indirect Harm","Royzman","Royzman, Baron","2002","The Preference for Indirect Harm","Social Justice Research","Experimental","3","No","Dropped at full text (Coding decisions)",0,"tragic moral choices; omission bias; direct vs. Indirect harm; Kant; Keyword 27",,"We presented subjects pairs of hypothetical scenarios. The action in each scenario harmed some people in order to aid others. In one member of the pair, the harm was a direct result of the action. In the other member, it was an indirect byproduct. Subjects preferred the indirect harm to the direct harm. This result could not be fully explained in terms of differences in judgments about which option was more active, more intentional, more likely to cause harm, or more subject to the disapproval of others. Taken together, these findings provide evidence for a new bias in judgment, a tendency to favor indirectly harmful options over directly harmful alternatives, irrespective of the associated outcomes, intentions, or self-presentational concerns. We speculate that this bias could originate from the use of a typical but somewhat unreliable property of harmful acts, their directness, as a cue to moral evaluation. We discuss the implications of the bias for a range of social issues, including the distinction between passive and active euthanasia, legal deterrence, and the rhetoric of affirmative action.","Royzman, E. B., & Baron, J. (2002). The preference for indirect harm. Social Justice Research, 15(2), 165-184.",
"21","Baron (1996) Do no harm","Baron","Baron","1996","Do no harm","Behavioral research into business ehtics","Review","No","No","Dropped at full text (Coding decisions)",0,"Keyword 28",,"No abstract","Baron, J. (1996). Do no harm. Codes of conduct: Behavioral research into business ethics, 197-213.",
"22","Powell etal (2012) Biases in children's and adults' moral judgments","Powell","Powell, Derbyshire, Guttentag","2012","Biases in children's and adults' moral judgments","Jouranl of Experimental Child Psychology","Experimental","1","No","Dropped at full text (Coding decisions)",0,"Moral development; omission bias; moral judgments; physical contact principle; intention principle; trolley problem; Keyword 29",,"Two experiments examined biases in children’s (5/6- and 7/8-year-olds) and adults’ moral judgments. Participants at all ages judged that it was worse to produce harm when harm occurred (a) through action rather than inaction (omission bias), (b) when physical contact with the victim was involved (physical contact principle), and (c) when the harm was produced as a direct means to an end rather than as an unintended but foreseeable side effect of the action (intention principle). The youngest participants, however, did not incorporate benefit when making judgments about situations in which harm to one individual resulted in benefit to five individuals. Older participants showed some preference for benefit resulting from action (commission) as opposed to inaction (omission). The findings are discussed in the context of the theory that moral judgments result, in part, from the operation of an inherent, intuitive moral faculty compared with the theory that moral judgments require development of necessary cognitive abilities.","Powell, N. L., Derbyshire, S. W., & Guttentag, R. E. (2012). Biases in children’s and adults’ moral judgments. Journal of experimental child psychology, 113(1), 186-193.",
"23","Tanner Medin (2004) No omission bias and no framing effects","Tanner","Tanner, Medin","2011","Proteced values: No omisison bias and no framing effects","Psychonomic Bulletin & Review","Experimental","1","No","Dropped at full text (Coding decisions)",0,".; Keyword 30",,"Previous studies have suggested that people holding protected values (PVs) show a bias against harmful acts, as opposed to harmful omissions (omission bias). In the present study, we (1) investigated the relationship between PVs and acts versus omissions in risky choices, using a paradigm in which act and omission biases were presented in a symmetrical manner, and (2) examined whether people holding PVs respond differently to framing manipulations. Participants were given environmental scenarios and were asked to make choices between actions and omissions. Both the framing of the outcomes (positive vs. negative) and the outcome certainty (risky vs. certain) were manipulated. In contrast to previous studies, PVs were linked to preferences for acts, rather than for omissions. PVs were more likely to be associated with moral obligations to act than with moral prohibitions against action. Strikingly, people with strong PVs were immune to framing; participants with few PVs showed robust framing effects.","Tanner, C., & Medin, D. L. (2004). Protected values: No omission bias and no framing effects. Psychonomic bulletin & review, 11(1), 185-191.",
"24","Anderson (2005) Alternative perspectives on omission bias","Anderson","Anderson","2005","Alternative perspectives on omission bias","Behavioral and Brain Sciences","Commentary","No","No","Dropped at full text (Coding decisions)",0,".; Keyword 31",,"The act/omission distinction is likely to lead to biases and be used as a moral heuristic. However, it is frequently difficult to determine whether this act-omission distinction is responsible for a judgment outside the lab. Furthermore, more encompassing theories of omission bias are needed to make progress in dealing with its harmful consequences. One such theory is briefly presented.","Anderson, C. J. (2005). Alternative perspectives on omission bias.","https://papers.ssrn.com/sol3/papers.cfm?abstract_id=895756"
"25","Cushman Young (2011) Patterns of Moral Judgment","Cushman","Cushman, Young","2011","Patterns of Moral Judgment Derive From Nonmoral Psychological Representations","Cognitive Science","Experimental","3","Yes","Included: effects coded",2,"Morality; Attribution; Theory of mind; Intention; Causation; Doctrine of double effect; Doctrine of doing and allowing; Keyword 32",,"Ordinary people often make moral judgments that are consistent with philosophical principles and legal distinctions. For example, they judge killing as worse than letting die, and harm caused as a necessary means to a greater good as worse than harm caused as a side effect (Cushman, Young, &Hauser, 2006). Are these patterns of judgment produced by mechanisms specific to the moral domain, or do they derive from other psychological domains? We show that the action ⁄ omission and means ⁄ side effect distinctions affect nonmoral representations and provide evidence that their role in moral judgment is mediated by these nonmoral psychological representations. Specifically, the action ⁄ omission distinction affects moral judgment primarily via causal attribution, while the means ⁄ side-effect distinction affects moral judgment via intentional attribution. We suggest that many of the specific patterns evident in our moral judgments in fact derive from nonmoral psychological mechanisms, and especially from the processes of causal and intentional attribution.","Cushman, F., & Young, L. (2011). Patterns of moral judgment derive from nonmoral psychological representations. Cognitive Science, 35(6), 1052-1075.","http://onlinelibrary.wiley.com/doi/10.1111/j.1551-6709.2010.01167.x/epdf"
"26","Abarbanell Hause (2010) Mayan morality","Abarbanell","Abarbanell, Hauser","2010","Mayan morality: An exploration of permissible harms","Elsevier Cognition","Experimental","5","No","Dropped at full text",0,"Moral psychology; Cross-cultural; omission bias; means-side-effects; universals; Mayans; Keyword 33","should be asked for official version of paper","Anthropologists have provided rich field descriptions of the norms and conventions governing behavior and interactions in small-scale societies. Here, we add a further dimension to this work by presenting hypothetical moral dilemmas involving harm, to a small-scale, agrarian Mayan population, with the specific goal of exploring the hypothesis that certain moral principles apply universally. We presented Mayan participants with moral dilemmas translated into their native language, Tseltal. Paralleling several studies carried out with educated subjects living in large-scale, developed nations, the Mayan participants judged harms caused as the means to a greater good as more forbidden than harms caused as a side-effect (i.e., side-effect bias). However, unlike these other populations living in large-scale societies, as well as a more educated and less rural Mayan comparison group, the target rural Mayan participants did not judge actions causing harm as worse than omissions (i.e., omission bias). A series of probes targeting the action-omission distinction suggest that the absence of an omission bias among the rural Mayan participants was not due to difficulties comprehending the dilemmas, using the judgment scale, or in attributing a greater causal role for actions over omissions. Thus, while the moral distinction between means and side-effect may be more universal, the moral distinction between actions and omission appears to be open to greater cross-cultural variation. We discuss these results in light of issues concerning the role of biological constraints and cultural variation in moral decision-making, as well as the limitations of such experimental, cross-cultural research.","Abarbanell, L., & Hauser, M. D. (2010). Mayan morality: An exploration of permissible harms. Cognition, 115(2), 207-224.",
"27",,"Chung","Chung, Kim, Sohn","2014","Regulatory focus as a predictor of omission bias in moral judgment: Mediating role of anticipated regrets","Asian Journal of Social Psychology","Experimental","2","No","Dropped at full text (Coding decisions)",0,"anticipated guilt; anticipated regret; individual differences; moral judgment; omission bias; regulatory focus; Keyword 34","Condition 2 is interesting for this meta-analysis","Omission bias occurs when people are more reluctant to accept negative consequences caused by their actions than by their inaction. Recent research on omission bias in decision-making has found evidence for individual differences, thus indicating that some people are more likely to show omission inclination than others. The present research aims to explore the role of regulatory focus as individual difference variables in omission bias. Moreover, we examine whether anticipated regret mediates the relationship between regulatory focus and moral judgement. Moral judgement tasks utilized include: (i) moral dilemma scenarios (Study 1); and (ii) ethical scenarios embracing apparent legal rule violations (Study 2). The results of both studies show that only prevention focus is significantly related to omission bias in moral judgement. Specifically, this relationship holds regardless of the nature of the ‘omission’ (whether they are deontological or utilitarian). In addition, anticipated regret/guilt for action was found to mediate the relationship between prevention focus and omission bias. Implications and limitations are discussed based on the results of the current study.","Chung, E. K., Kim, S. J., & Sohn, Y. W. (2014). Regulatory focus as a predictor of omission bias in moral judgment: Mediating role of anticipated regrets. Asian Journal of Social Psychology, 17(4), 302-311.","http://onlinelibrary.wiley.com/doi/10.1111/ajsp.12060/epdf?r3_referer=wol&tracking_action=preview_click&show_checkout=1&purchase_referrer=www.google.de&purchase_site_license=LICENSE_DENIED"
"28","Brown etal (2010) Omission bias and vaccine rejection","Brown","Brown, Kroll, Hudson, Ramsay, Green, Vincent, Fraser, Sevdalis","2010","Omission bias and vaccine rejection by parentes of health children: Implications for the influenza A/H1N1 vaccination programme","Elsevier Vaccine","Experimental","1","Yes","Dropped after coding (Excluded tab)",0,"H1N1 vaccine; Vaccine decision-making; Omission bias; Keyword 35",,"2009 H1N1 influenza A (“swine flu”) vaccine has been offered to healthy UK children aged 6 months–5 years since December 2009, though around 50% of parents plan to reject the vaccine. This study examined whethersuchparentsexhibitomissionbias(preferenceforerrorsarisingfrominactionovererrorsarising from action). One-hundred and forty-two parents completed an online questionnaire in which they rated (a) probability of occurrence, (b) symptoms and (c) duration of a hypothetical disease and a hypotheticalvaccine adverse event (VAE). Almost all attributes were rated significantly less favourably when relatingto VAE than to disease (p<0.01 for 17 of 22 outcomes), despite the attributes being objectively identical.These data suggest that any vaccine is at a disadvantage in many parents’ consciousness in comparison with the infection itself,and that minor safety concerns could have disproportionat elydetrimental effects on vaccine uptake. Behavioural science offers strategies to ameliorate the impact of this bias and these should be explored further.","Brown, K. F., Kroll, J. S., Hudson, M. J., Ramsay, M., Green, J., Vincent, C. A., ... & Sevdalis, N. (2010). Omission bias and vaccine rejection by parents of healthy children: implications for the influenza A/H1N1 vaccination programme. Vaccine, 28(25), 4181-4185.",
"29","Blahunka (2014) The Impact of Intentions and Omissions on Moral Judgment","Blahunka","Blahunka","2014","The Impact of Intentions and Omissions on Moral Judgment Across Domains","?","Experimental","1","Yes","Included: effects coded",1,".; Keyword 36",,"Moral psychologists disagree over whether descriptively different moral violations represent distinct cognitive domains or are in fact unified by common cognitive mechanisms. The Moral Foundations Theory (MFT; Haidtm2007) offers five different domains of moral transgressions: Harm/Care, Fairness/Reciprocity, Ingroup/Loyality, and Purity/Sanctity. Both intentionality and omissionbias (e.g. omissions such as letting someone die being judged less harsly than actions such as killing someone) have been shown to impact moral judgements; however, it remains unclear how these rules modulate judgments across moral transgressions of various types. Here, we investigate the role of intentionality and omission bias across different moral violations to determine if the divide between moral domains represent true cognitive, (as opposed to descriptive), differences. We utilized a 2 x 2 x 5 design to create stories across 5 domains posited by MFT that were intentional/accidental cases of actions/omissions. Importantly, this study also looks at four distinct moral judgments of wrongness, responsibility, blameworthiness, and punishment to assess the role of these rules across judgments. We found that intent and action play different roles across judments, particularly when comparing wrongness and punishment. Intent seems to matter more for wrongness, whereas action matters more for punishment. Further, these rules also differ across domains. We found that intent matter more for the individualizing foundations of harm and fairness (versus the binding foundations of ingroup, authority, and purity) in judgments of wrongness and punishment. The difference between action and omission is also more important for the individualizing foundations for punishment. These data suggest intentionality and omision bias manifest themselves uniquely across moral judgments and domains and provide evidence that there are meaningful differences between domains.","?","https://dlib.bc.edu/islandora/object/bc-ir:102257/datastream/PDF/view"
"30","Baron (2009) Looking at individual subjects in research on judment and decision making","Baron","Baron","2009","Looking at individual subjects in research on jugdment and decision making (or anything).","Journal of Cognition and Culture","Review/report","No","No","Dropped at full text (Coding decisions)",0,"multiple testing; one-tailed tests; experimental methods; omission bias; Keyword 37","Thesis/Dissertation","Many questions in judgment and decision-making research, and, indeed, in experimental psychology generally, concern the existence of effects, and the explanation of effects shown to exist. These questions do not concern the prevalence of effects in any particular population. It is thus appropriate to look for effects in single subjects. If one person shows the effect, then it exists. This argument implies that it is sometimes appropriate to test effects across cases or rounds, without testing across subjects. It also implies that, in some experiments, effects in opposite directions may exist. I recommend looking for such effects by carrying out statistical tests on individual subjects. I describe a few methods, varying in formality, that can be used to deal with the inevitable problem of doing multiple tests of the same hypothesis: probability-probability plots; tests of the distribution of p-values; and correction for multiple testing with step-down resampling. I also present a few examples, some of which show effects in both directions and some of which do not.","Baron, J. (2009). Looking at individual subjects in research on judgment and decision making (or anything).","http://citeseerx.ist.psu.edu/viewdoc/download?doi=10.1.1.295.1469&rep=rep1&type=pdf"
"31","Cushman etal (2008) Moral appraisals affect doing/allowing judgments","Cushman","Cushman, Knobe, Sinnott-Armstrong","2008","Moral appraisals affect doing/allowing judments","Elsevier Cognition","Experimental","2","No","Dropped at full text (Coding decisions)",0,"moral judgment; doing and allowing; intentional action; omission bias; Keyword 38",,"An extensive body of research suggests that the distinction between doing and allowing plays a critical role in shaping moral appraisails. Here, we report evidence from a pair of experiments suggesting that the converse is also true: moral appraisals affect doing/allowing judgments. Specifically, morally bad behavior is more likely to be construed as actively 'doing' than as passively 'allowing'. This finding adds to a growing list of folk concepts influenced by moral appraisal, including causation and intentional action. We therefore suggest that the present finding favors the view that moral appraisal plays a pervasive role in shaping diverse cognitive representations across multiple domains.","Cushman, F., Knobe, J., & Sinnott-Armstrong, W. (2008). Moral appraisals affect doing/allowing judgments. Cognition, 108(1), 281-289.",
"32","Hauser etal (2009) When Moral Intuitions Are Immune to the Law","Hauser","Hauser, Tonnaer, Cima","2009","When Moral Intuitions Are Immune to the Law: A Case Study of Euthanasia and the Act-Omission Distinction in The Netherlands","Journal of Cognition and Culture","Experimental","1","No","Dropped at full text (Coding decisions)",0,"Omission bias; enthanasia; moral intuitions; universality; cognitive penetrability; law; Keyword 39",,,"Hauser, M. D., Tonnaer, F., & Cima, M. (2009). When moral intuitions are immune to the law: A case study of euthanasia and the act-omission distinction in the Netherlands. Journal of Cognition and Culture, 9(3), 149-169.",
"33","Hauser etal (2007) A dissociation between moral judgment and justification","Hauser","Hauser, Cushman, Young, Jin, Mikhail","2007","A dissociation between moral judgment and justification","Mind and Language","Experimental","1","No","Dropped at full text (Coding decisions)",0,".; Keyword 40",,"To what extent do moral judgments depend on conscious reasoning from explicitly understood principles? We address this question by investigating one particular moral principle, the principle of the double effect. Using web-based technology, we collected a large data set on individuals’ responses to a series of moral dilemmas, asking when harm to innocent others is permissible. Each moral dilemma presented a choice between action and inaction, both resulting in lives saved and lives lost. Results showed that: (1) patterns of moral judgments were consistent with the principle of double effect and showed little variation across differences in gender, age, educational level, ethnicity, religion or national affiliation (within the limited range of our sample population) and (2) a majority of subjects failed to provide justifications that could account for their judgments. These results indicate that the principle of the double effect may be operative in our moral judgments but not open to conscious introspection. We discuss these results in light of current psychological theories of moral cognition, emphasizing the need to consider the unconscious appraisal system that mentally represents the causal and intentional properties of human action","Hauser, M., Cushman, F., Young, L., Kang‐Xing Jin, R., & Mikhail, J. (2007). A dissociation between moral judgments and justifications. Mind & language, 22(1), 1-21.","http://ai2-s2-pdfs.s3.amazonaws.com/0b0a/513759bea45d86dd313bcb0b63d238eaaa92.pdf"
"34","Anderson (2003) The psychology of doing nothing","Anderson","Anderson","2003","The Psychology of doing nothing: Forms of Decision Avoidance Result From Reason and Emotion","Psychological Bulletin","Review/report","No","No","Dropped at full text (Coding decisions)",0,".; Keyword 41","it is about the double effect --> intended harm or harm as a side effect","Several independent lines of research bear on the question of why individuals avoid decisions by postponing them, failing to act, or accepting the status quo. This review relates findings across several different disciplines and uncovers 4 decision avoidance effects that offer insight into this common but troubling behavior: choice deferral, status quo bias, omission bias, and inaction inertia. These findings are related by common antecedents and consequences in a rational– emotional model of the factors that predispose humans to do nothing. Prominent components of the model include cost– benefit calculations, anticipated regret, and selection difficulty. Other factors affecting decision avoidance through these key components, such as anticipatory negative emotions, decision strategies, counterfactual thinking, andpreference uncertainty, are also discussed.","Anderson, C. J. (2003). The psychology of doing nothing: forms of decision avoidance result from reason and emotion. Psychological bulletin, 129(1), 139.","http://citeseerx.ist.psu.edu/viewdoc/download?doi=10.1.1.832.7245&rep=rep1&type=pdf"
"35","Meszaros etal (1996) Cognitive Processes and the Decisions of some Parents","Meszaros","Meszaros, Asch, Baron, Hershey, Kunreuther, Schwartz-Buzaglo","1996","Cognitive Processes and the Decisions of Some Parents to Forego Pertussis Vaccination for Their Children",,"Experimental","1","No","Dropped at full text (Coding decisions)",0,"behavioral sciences; DPT; health policy;; decision making; judgment; parents; pertussis vaccination;probability; psychology; public health; risk; wwhooping cough; Keyword 42",,"Public health analyses suggest that, in spite of the possibility that pertussis vaccine may cause rare cases of neurological injury, catastrophic risks to individual children are lower if they are vaccinated. A number of parents, however, choose not to vaccinate their children. The purpose of this study was to investigate the decision processes of some parents who choose to vaccinate and some parents who choose not to do so. Surveys were mailed to 500 randomly selected subscribers of Mothering magazine. Two hundred and ninety-four completed questionnaires were returned (59%). In addition to well-recognized factors in vaccination decisions, perceived dangers of the vaccine, and of the disease and susceptibility to the disease, several cognitive processes not previously considered in vaccination decision studies were found to be important predictors in this population of parents: perceived ability to control children's susceptibility to the disease and the outcome of the disease; ambiguity or doubts about the reliability of vaccine information; a preference for errors of omission over errors of commission; and recognition that if many other children are vaccinated, the risk to unvaccinated children may be lowered. Although perhaps most cases of undervaccination for pertussis reflect more general problems of health care access, some parents choose to forego vaccination for their children for other reasons. Traditional risk-benefit arguments alone will be unlikely to persuade these parents to reassess their decisions. Efforts to increase childhood vaccination must incorporate an understanding of the cognitive processes that help drive these decisions.","Meszaros, J. R., Asch, D. A., Baron, J., Hershey, J. C., Kunreuther, H., & Schwartz-Buzaglo, J. (1996). Cognitive processes and the decisions of some parents to forego pertussis vaccination for their children. Journal of clinical epidemiology, 49(6), 697-703.",
"36","Schweitzer (1994) Disentangling Status Quo and Omission Effects","Schweitzer","Schweitzer","1994","Disentangling Status Quo and Omission Effects: An Experimental Analysis","Organizational Behavior and Human Decision Processes","Experimental","1","No","Dropped at full text (Coding decisions)",0,".; Keyword 43",,"The status quo bias as described by Samuelson and Zeckhauser (1988) can be decomposed into two primary effects-an exaggerated preference for the current or previous state of affairs and an exaggerated preference for inaction. We describe an experiment designed to disentangle these effects. Analysis of results shows that both effects can occur, they appear to be additive, and subjects exhibit these effects unknowingly. These effects relate to and may interact with loss aversion, ambiguity, and regret","Schweitzer, M. (1994). Disentangling status quo and omission effects: An experimental analysis. Organizational Behavior and Human Decision Processes, 58(3), 457-476.","http://citeseerx.ist.psu.edu/viewdoc/download?doi=10.1.1.832.7245&rep=rep1&type=pdf"
"37","Wroe etal (2005) Feeling bad about immunising our children","Wroe","Wroe, Bhan, Salkovskis, Bedford","2005","Feeling bad about immunising our children","Elsevier Vaccine","Experimental","1","No","Dropped after coding (Excluded tab)",0,"Social implications; measles-mumps-rubella vaccines; Decision making; Keyword 44",,"Uptake of MMR vaccinations is as low as 60% in some parts of the UK. This poses a serious public health issue. This longitudinal study investigates parental decisions about MMR and single vaccinations. Parents (n = 114) rated their perceptions of the benefits and risks of immunisation, and emotion-related variables; and were followed up to ask their final immunisation decision. Analyses demonstrated that parental decisions were explained by emotion-related variables, specifically anticipated responsibility and regret. It was concluded that parents’ decisions about MMR are strongly influenced by the idea than harm that occurs as a result of deciding to immunise (commission) is less acceptable than harm that occurs as a result of deciding not to immunise (omission) (known as ‘omission bias’).","Wroe, A. L., Bhan, A., Salkovskis, P., & Bedford, H. (2005). Feeling bad about immunising our children. Vaccine, 23(12), 1428-1433.","http://www.sciencedirect.com/science/article/pii/S0264410X04007248"
"38","DeScioli (2012) Omissions and Byproducts","DeScioli","DeScioli, Asao, Kurzban","2012","Omissions and Byproducts across Moral Domains","Plos One","Experimental","3","Yes","Included: effects coded",12,".; Keyword 45",,"Research indicates that moral violations are judged less wrong when the violation results from omission as opposed to commission, and when the violation is a byproduct as opposed to a means to an end. Previous work examined these effects mainly for violent offenses such as killing. Here we investigate the generality of these effects across a range of moral violations including sexuality, food, property, and group loyalty. In Experiment 1, we observed omission effects in wrongness ratings for all of the twelve offenses investigated. In Experiments 2 and 3, we observed byproduct effects in wrongness ratings for seven and eight offenses (out of twelve), respectively, and we observed byproduct effects in forced-choice responses for all twelve offenses. Our results address an ongoing debate about whether different cognitive systems compute moral wrongness for different types of behaviors (surrounding violence, sexuality, food, etc.), or, alternatively, a common cognitive architecture computes wrongness for a variety of behaviors.","DeScioli, P., Asao, K., & Kurzban, R. (2012). Omissions and byproducts across moral domains. PloS one, 7(10), e46963.","http://journals.plos.org/plosone/article/file?id=10.1371/journal.pone.0046963&type=printable"
"39","Miller etal (2014) Bad Actions or Bad Outcomes?","Miller","Miller, Hannikainen, Cushman","2014","Bad Actions or Bad Outxomes?Differentiating Affective Contributions to the Moral Condemnation of Harm","American Psychological Association","Experimental","4","Yes","Dropped after coding (Excluded tab)",0,"morality; affect; harm; aversion; empathy; Keyword 46",,"Moral condemnation of harmful behavior is influenced by both cognitive and affective processes. However, despite much recent research, the proximate source of affect remains unclear. One obvious contender is empathy; simulating the victim’s pain could lead one to judge an action as wrong (“outcome aversion”). An alternative, less obvious source is one’s own aversion to performing the action itself (“action aversion”). To dissociate these alternatives, we developed a scale that assessed individual aversions to (a) witnessing others experience painful outcomes (e.g., seeing someone fall down stairs); and (b) performing actions that are harmless yet aversive (e.g., stabbing a fellow actor with a fake stage knife). Across 4 experiments, we found that moral condemnation of both first-person and third-party harmful behavior in the context of moral dilemmas is better predicted by one’s aversion to action properties than by an affective response to victim suffering. In a fifth experiment, we manipulated both action aversion and the degree of expected suffering across a number of actions and found that both factors make large, independent contributions to moral judgment. Together, these results suggest we may judge others’ actions by imagining what it would feel like to perform the action rather than experience the consequences of the action. Accordingly, they provide a counterpoint to a dominant but largely untested assumption that empathy is the key affective response governing moral judgments of harm","Miller, R. M., Hannikainen, I. A., & Cushman, F. A. (2014). Bad actions or bad outcomes? Differentiating affective contributions to the moral condemnation of harm. Emotion, 14(3), 573.","http://cushmanlab.fas.harvard.edu/docs/Miller_Hannikainen_Cushman_2014.pdf"
"40","Wroe Salkovskis (2000) Causing harm and allowing harm","Wroe","Wroe, Salkovskis","2000","Causing harm and allowing harm: a study of beliefs in obsessional problems","Behaviour Research and Therapy","Experimental","1","No","Dropped at full text (Coding decisions)",0,".; Keyword 47",,"This study investigates two factors hypothesised as relevant to obsessional problems because of the way in which they influence decisions whether or not to act to prevent harm. These are (i) the way in which intrusive thoughts increase the internal awareness of harm, and confront the person with the possibility of taking action to prevent such harm and (ii) the extent to which there is some obvious external factor which increases awareness of the possibility of preventing harm. Obsessional patients, anxious and non-clinical controls completed a scale which systematically measured these factors across a wide range of situations. Results across all situations evaluated confirmed previous findings that both obsessionals and nonobsessionals were more likely to report acting to prevent harm when awareness of it is prompted by an intrusion than when it is not. It was also found that participants in all groups acted more ‘obsessionally’ when a scenario is described in ways which suggest that harm may be by ‘commission’ than when it is described in terms of an ‘omission’. When scenarios about which each individual is most disturbed were analysed, anxious and non-clinical controls continued to differentially rate omission and commission situations; as predicted, this differential was not present for obsessional patients.It is concluded that obsessionals are more sensitive to omission than are nonobsessionals when considering scenarios about which they are concerned, and that this sensitivity is one factor influencing the decision whether to act to prevent harm.","Wroe, A. L., & Salkovskis, P. M. (2000). Causing harm and allowing harm: A study of beliefs in obsessional problems. Behaviour Research and Therapy, 38(12), 1141-1162.","http://www.sciencedirect.com/science/article/pii/S000579679900145X"
"41","Bergstrand (2014) The Mobilizing power of grievances","Bergstrand","Bergstrand","2014","The Mobilizing Power of grievances: Applying Loss Aversion And Omission Bias to Social Movements","Psychological Inquiry (Mobilization)","Experimental","2","Yes","Included: effects coded",2,".; Keyword 48","Second Study important","This study investigates how the nature of grievances can provide advantages or disadvantages to social movements. I use an experimental design to test the effects of loss aversion and omission bias on people's reactions toward grievances and the campaigns that seek to address them. The results indicate that grievances involving a loss are perceived as more immoral, unjust, and important than grievances involving a gain. Loss-based grievances also generate stronger emotions, increase willingness to engage in activism, and produce perceptions of greater public support. Similarly, grievances resulting from a commission (action), as compared to an omission (inaction), are seen as more immoral, unjust, and important. Commission-based grievances direct attribution of blame toward perpetrators, evoke higher levels of emotions, and increase willingness to participate in campaigns. These findings provide support for the idea that not all grievances are created equal in their ability to appeal to and potentially mobilize the public.","Bergstrand, K. (2014). The mobilizing power of grievances: Applying loss aversion and omission bias to social movements. Mobilization: An International Quarterly, 19(2), 123-142.","http://mobilizationjournal.org/doi/abs/10.17813/maiq.19.2.247753433p8k6643"
"42","Carnes Bulman (2012) Harm, Help, and the Nature of (Im)Moral and (In)Action","Carnes","Carnes, Janoff-Bulman","2012","Harm, Help, and the Nature of (Im)Moral (In)Action","Psychological Inquiry","Review/report","No","No","Dropped at full text",0,"Keyword 49",,"No abstract","Carnes, N., & Janoff-Bulman, R. (2012). Harm, help, and the nature of (im) moral (in) action. Psychological Inquiry, 23(2), 137-142.",
"43","Baron etal (1998) Attitudes of Obstetricians and Gynecologists toward Hormone Replacement Therapy","Baron","Baron, Holzman, Schulkin","1998","Attitudes of Obstetricians and Gynecologists toward Hormone Replacement Therapy","Medical Decision Making","Experimental","1","No","Dropped after coding (Excluded tab)",0,"hormone replacement; estrogen; Decision making; biases; Keyword 50",,"To determine the attitudes of obstetricians and gynecologists toward hor mone replacement therapy (HRT), and the beliefs and intuitions that affected those attitudes. Design. A questionnaire was sent to 1,000 gynecologists in the United States; 328 replies were received. The questionnaire asked about effects of HRT, practices concerning HRT, and decisions in hypothetical scenarios. Results. The re spondents strongly favored HRT, and they were well informed about its effects on osteoporosis, cardiovascular disease, and breast cancer. They were aware of conflict ing findings concerning breast cancer. The strength of their recommendation of HRT was sensitive to patient differences in risk factors. The respondents also showed four biases hypothesized to cause resistance to HRT: omission bias (more concern about harmful acts than harmful omissions); proportionality bias (attention to relative risk rather than risk differences); naturalness bias (preference for the natural); and ambi guity (avoiding options with missing information). Proportion bias, naturalness bias, and (weakly) omission bias were related to less favorable attitudes toward HRT. Con clusion. Although specialists are highly favorable toward HRT in general, some neg ativity toward HRT may result from decision biases.","Baron, J., Holzman, G. B., & Schulkin, J. (1998). Attitudes of obstetricians and gynecologists toward hormone replacement therapy. Medical decision making, 18(4), 406-411.","http://journals.sagepub.com/doi/abs/10.1177/0272989X9801800408"
"44","Hayashi (2009) Young children's moral judgments of commission and omission","Hayashi","Hayashi","2009","Young children's moral judgments of commission and omission related to the understanding of Knowledge or Ignorance","Infant and Child Development","Experimental","1","No","Dropped at full text (Coding decisions)",0,".; Keyword 51",,"This study examined developmental change in young children's moral judgments of commission and omission related to mental states, especially knowledge or ignorance. 4–5 and 5- to 6-year-olds (n=67) made moral judgments about the tasks related to the understanding of knowledge or ignorance. The tasks were also composed of two types of acts: commission or omission. The results showed that the both age groups understood knowledge and ignorance, but that the older group made moral judgments based on this understanding more similar to adults compared to the younger group. There was not an age difference concerning whether the acts were of commission or omission. These findings indicate that there is no difference for young children in the difficulty in moral judgments of acts of commission and omission related to mental states, whereas there is a developmental difference in using the understanding of knowledge or ignorance for making moral judgments.","Hayashi, H. (2010). Young children's moral judgments of commission and omission related to the understanding of Knowledge or Ignorance. Infant and Child Development, 19(2), 187-203.","http://onlinelibrary.wiley.com/doi/10.1002/icd.641/abstract"
"45","Hayashi (2007) Children's moral judgments of commission and omission","Hayashi","Hayashi","2007","Children's moral judgments of commission and omission based on their understanding of second-order mental states","Japanese Psychological Research","Experimental","1","No","Dropped at full text (Coding decisions)",0,"understanding second-order menal states; theory-of mind; moral judgments; commission; omission; Keyword 52",,"Children’s moral judgments about acts of commission and omission with negative outcomes were studied based on their understanding of mental states. Children (N=142) in the first, third, and fifth grades made judgments about four tasks composed of two levels of mental states (first-order or second-order) and two types of acts (commission or omission). The results showed that the 7-year-olds responded considering only first-order mental states, but the 9- and 11-year-olds also used second-order mental states in their judgments. Whether the acts were commission or omission did not make a difference. These results indicate that children can make moral judgments regarding acts of commission and omission based on an understanding of second-order mental states by approximately the age of 9 years.","Hayashi, H. (2007). Children's moral judgments of commission and omission based on their understanding of second‐order mental states1. Japanese Psychological Research, 49(4), 261-274.","http://onlinelibrary.wiley.com/doi/10.1111/j.1468-5884.2007.00352.x/epdf"
"46","Hayashi (2009) Is there a developmental difference in recognizing harm through action and inaction","Hayashi","Hayashi, Rubaltelli, Motro","2009","Is there a developmental diffference in recognizing harm through action and inaction (commission and omission) based on first-order mental states?","Psychologia","Experimental","1","No","Dropped at full text (Coding decisions)",0,"harm through action (commission); harm through inaction (omission); first-order mental states; young children; Keyword 53",,"The aim of this study is to investigate whether there is a developmental difference in recognizing acts of harm through action and inaction (commission and omission). Thirty-nine children who were 4-to 6-year-olds judged tasks with acts of commission or acts of omission based on first-order mental states. Participants were more likely to give correct responses to mental state questions and incorrect ones to moral judgments questions than the reverse pattern. However, the difference between commissions or omissions did not significantly affect the correct responses in any age group. These results suggest that there are no developmental differences in recognizing acts of commissions and omissions based on the understanding of mental states.","Hayashi, H. (2009). Is There a Developmental Difference in Recognizing Harm Through Action and Inaction (Commission and Omission) Based on First-Order Mental States?. Psychologia, 52(3), 209-218.","https://www.jstage.jst.go.jp/article/psysoc/52/3/52_3_209/_pdf"
"47","Pittarello etal (2015) Legitimate lies","Pittarello","Pittarello, Mancini","2015","Legitimate lies: The relationship between omission, commission, and cheating","European Journal of Social Psychology","Experimental","4","No","Dropped after coding (Excluded tab)",0,"omission bias; cheating; legitimacy; ethical behavior; dishonesty; Keyword 54",,"Across four experiments, we show that when people can serve their self-interest, they are more likely to refrain from reporting the truth (lie of omission) than actively lie (lie of commission). We developed a novel online “Heads or Tails” task in which participants can lie to win a monetary prize. During the task, they are informed that the software is not always accurate, and it might provide incorrect feedback about their outcome. In Experiment 1, those in the omission condition received incorrect feedback informing them that they had won the game. Participants in commission condition were correctly informed that they had lost. Results indicated that when asked to report any errors in the detection of their payoff, participants in the omission condition cheated significantly more than those in the commission condition. Experiment 2 showed that this pattern of results is robust even when controlling for the perceived probability of the software error. Experiments 3 and 4 suggest that receiving incorrect feedback makes individuals feel more legitimate in withholding the truth, which, in turn, increases cheating.","Pittarello, A., Rubaltelli, E., & Motro, D. (2016). Legitimate lies: The relationship between omission, commission, and cheating. European Journal of Social Psychology.",
"48","Gangemi Mancini (?) Moral choices","Gangemi","Gangemi","?","Moral choices: The influence of the ""Do no play God"" principle","?","Experimental","2","No","Dropped at full text (Coding decisions)",0,"omission bias; moral choices; trolley dilemma; ""do not play god"" principle; Keyword 55",,,"Gangemi, A., & Mancini, F. (2013). Moral choices: the influence of the do not play god principle. In Proceedings of the 35 th Annual Meeting of the Cognitive Science Society, Cooperative Minds: Social Interaction and Group Dynamics.","http://csjarchive.cogsci.rpi.edu/Proceedings/2013/papers/0532/paper0532.pdf"
"49","Baron (1995) Blind Justice","Baron","Baron, Iliev, Sachdeva","1995","Blind Justice: Fairness to Groups and the Do-no-harm Principle","Journal of Behavioral Decision Making","Experimental","3","No","Dropped at full text",0,"do-no-harm principle; fairness; framing effect; heuristic; Keyword 56",,"This study examined developmental change in young children's moral judgments of commission and omission related to mental states, especially knowledge or ignorance. 4–5 and 5- to 6-year-olds (n=67) made moral judgments about the tasks related to the understanding of knowledge or ignorance. The tasks were also composed of two types of acts: commission or omission. The results showed that the both age groups understood knowledge and ignorance, but that the older group made moral judgments based on this understanding more similar to adults compared to the younger group. There was not an age difference concerning whether the acts were of commission or omission. These findings indicate that there is no difference for young children in the difficulty in moral judgments of acts of commission and omission related to mental states, whereas there is a developmental difference in using the understanding of knowledge or ignorance for making moral judgments.","Baron, J. (2013). Moral judgment: Acts, omissions, and rules. Unpublished manuscript, Department of Psychology, University of Pennsylvania, Philadelphia, United States.",
"50","Gong etal (2012) Consequences are far away","Gong","Gong","2012","Consequences are far away: Psychological distance affects modes of moral decision making","Cognition","Experimental","5","Yes","Dropped after coding (Excluded tab)",0,"morality; decision making; psychological distance; consequentialism; deontology; Keyword 57",,"Much of the work on deontological and consequentialist moral choices assumes that these modes of decision making are rooted in individual differences or cognitive capacities. We examine the idea that whether a person focuses on actions or outcomes while making moral choices depends on the psychological distance from the moral situation. When the situation is perceived as far off, whether in time or space, consequentialist considerations loom larger. In the first four studies in this paper, we establish that psychological distance from an event decreases deontological judgments and increases consequentialist choices. This effect holds across two distinct paradigms. Finally, in Experiment 5 we use Construal Level Theory to suggest that deontology and consequentialist reasoning may be linked to how information is represented at near and far distances. This work implies that decision makers have several distinct strategies when making moral choices but the selection of those strategies is far from fixed, and may depend on factors such as psychological distance.","Gong, H., Iliev, R., & Sachdeva, S. (2012). Consequences are far away: Psychological distance affects modes of moral decision making.","http://www.sciencedirect.com/science/article/pii/S0010027712002053"
"51","Nordhall (2009) Saving five by killing one","Nordhall","Nordhall, S.Beer","2009","Saving five by killing one: Effects of in-vs. Out-group membership on moral judgments of acts and omissions","?","Experimental","1","No","Dropped at full text (Coding decisions)",0,"Keyword 58",,,"Nordhall, O. (2009). Saving five by killing one: Effects of in-vs. out-group membership on moral judgments of acts and omissions.","http://www.diva-portal.org/smash/get/diva2:232042/FULLTEXT01.pdf"
"52","Gawronski Beer (2016) What makes moral dilemma judgments ""urilitarian"" or ""deontological""?","Gawronski","Gawronski, Bonnefon","2016","What makes moral dilemma judgments ""utilarian"" or ""deontological""?","Social Neuroscience","Experimental","1","No","Dropped at full text (Coding decisions)",0,"deontology; measurement; moral judgment; omission bias; utilittarianism; Keyword 59",,,"Gawronski, B., & Beer, J. S. (2016). What makes moral dilemma judgments “utilitarian” or “deontological”?. Social Neuroscience, 1-7.",
"53","Trémolière Bonnefon (2014) Efficient Kill-Save Ratios Ease Up the Cognitive Demands","Trémolière","Trémolière","2014","Efficient Kill-Save Ratios Ease Up the Cognitive Demands on Counterintuitive Moral Utilitarianism","Personality and Social Psychology Bulletin","Experimental","3","No","Dropped at full text (Coding decisions)",0,"moral cognition; utilitarianism; time pressure; cognitive load; Keyword 60",,,"Trémolière, B., & Bonnefon, J. F. (2014). Efficient kill–save ratios ease up the cognitive demands on counterintuitive moral utilitarianism. Personality and Social Psychology Bulletin, 40(7), 923-930.","http://citeseerx.ist.psu.edu/viewdoc/download?doi=10.1.1.941.4066&rep=rep1&type=pdf"
"54","Avni-Babad (2003) Action/Inaction Regret as  a function of severity of loss","Avni-Babad","Avni-Babad, Tsay, Cushman, Bazerman","2003","Action/Inaction Regret as a Function of Severity of Loss","Applied Cognitive Psychology","Experimental","2","No","Dropped at full text",0,".; Keyword 61",,"Two studies were conducted to examine whether people who experience severe losses tend to regret their failures to act more than people that experience less severe losses. Two time points were considered, after the event (short term), and a year later (long term). In Study 1, participants responded to scenarios depicting losses varying in degree of severity. As hypothesized, protagonists in the heavy loss cases were attributed with more regrets of omission (inaction) both in the short and in the long term. In the less severe loss scenarios, action regrets decreased significantly in the long term. In Study 2, one of the severe loss scenarios from Study 1 was presented with a less severe outcome. As expected, participants generated more inaction regrets in the severe loss version. Severity of loss influenced the preference for omission regrets in both studies for the short term and the long term.","Avni‐Babad, D. (2003). Action/inaction regret as a function of severity of loss. Applied cognitive psychology, 17(2), 225-235.","http://onlinelibrary.wiley.com/doi/10.1002/acp.855/full"
"55","Corren etal (2017) If you're going to do wrong, at least do it right","Corren","Corren, Sandberg","2017","If You're Going to Do Wrong, at Least Do It Right: Considering Two Moral Dilemmas at the Same Time Promotes Moral Consistency","Management Science","Experimental","3","No","Dropped at full text (Coding decisions)",0,"joint evaluation; preference reversal; normative conflict; moral judgment; deontology; utilitarianism; intention principle; Keyword 62",,"We study how people reconcile conflicting moral intuitions by juxtaposing two versions of classic moral problems: the trolley problem and the footbridge problem. When viewed separately, most people favor action i nthe former and disapprove of action in the latter, despite identical consequences. The difference is often explained in terms of the intention principle - whether the consequences are intended or incidental. Our results suggest that when the two problems are considered together, a different judgment emerges: participants reject the intention principle and embrace either the principle of utilitarianism, which favors action in both problems, or the action principle, which rejects action in both problems. In subsequent studies, we find that when required to choose between two harmful actions, people prefer the action that saves more lives, despite its being more aversive. Our findings shed light on the formation of moral judgment under normative conflict, the conditions for preference reversal, and the potential polarization of moral judgment under joint evaluation. Organizational implications are discussed.","Barak-Corren, N., Tsay, C. J., Cushman, F., & Bazerman, M. H. (2017). If You’re Going to Do Wrong, At Least Do It Right: Considering Two Moral Dilemmas at the Same Time Promotes Moral Consistency. Management Science.","http://cushmanlab.fas.harvard.edu/docs/Barak-Corren%20et%20al%20ManSci%202016.pdf"
"56","Gärtner Sandberg (2017) Is there an omission effect in prosocial behavior?","Gärtner","Gärtner, Willemsen, Gerstenberg","2017","Is there an omission effect in prosocial behavior? A laboratory experiment on passive vs. Active generosity","Plos One","Experimental","3","Yes","Dropped after coding (Excluded tab)",0,"Keyword 63",,"We investigate whether individuals are more prone to act selfishly if they can passively allow for an outcome to be implemented (omission) rather than having to make an active choice (commission). In most settings, active and passive choice alternatives differ in terms of factors such as the presence of a suggested option, costs of taking an action, and awareness. We isolate the omission effect from confounding factors in three experiments, and find no evidence that the distinction between active and passive choices has an independent effect on the propensity to implement selfish outcomes. This suggests that increased selfishness through omission, as observed in various economic choice situations, is driven by other factors than a preference for selfish omissions.","Gärtner, M., & Sandberg, A. (2017). Is there an omission effect in prosocial behavior? A laboratory experiment on passive vs. active generosity. PloS one, 12(3), e0172496.","http://journals.plos.org/plosone/article?id=10.1371/journal.pone.0172496"
"57","Stephan etal (2017) Marbles in Inaction","Stephan","Stephan, Granato, Spranca, Teubal","2017","Marbles in Inaction: Counterfactual Simulation and Causation by Omission","Research Gate","Experimental","2","No","Dropped at full text (Coding decisions)",0,"causality; counterfactuals; causation by omission; causal attribution; mental simulation; Keyword 64",,,"Stephan, S., Willemsen, P., & Gerstenberg, T. Marbles in Inaction: Counterfactual Simulation and Causation by Omission.","https://cbmm.mit.edu/sites/default/files/publications/Marbles%20in%20Inaction%20Counterfactual%20Simulation%20and%20Causation%20by%20Omission%2C%20Stephan%2C%20Willemsen%2C%20Gerstenberg%2C%202017.pdf"
"58","Baron etal/1993) Decision making biases in children and early adolescents","Baron","Baron, Miller","1993","Decision making biases in children and early adolescents: Exploratory studies","Merrill Palmer Quarterly","Experimental","3","Yes","Dropped after coding (Excluded tab)",0,".","only the part of omission bias interesting for the meta","In Study 1, a gifted group and an underprivileged group of subjects, ages 7 to 15, were questioned about vignettes that raised various issues in decision making: the precedent-setting effect of choices, the role of probability and frequency in choice, actively open-minded thinking (i.e., considering more than one goal and arguments on both sides of a controversial question), the sunk-cost effect, and omission bias. Subjects were often inattentive to precedent setting and probability. Age difference were found only in an item concerning search for goals and an item concerning use of frequency. The gifted group showed better performance on some items but worse performance on the omission-bias item. In Study 2, children aged 5 to 12 were interviewed about items concerned with actively open-minded thinking, precedent setting, sunk cost, and omission bias. Also examined was bias in the classification of arguments as for or against one's position. Errors in this task showed a ""myside"" bias: Arguments were erroneously classified as supporting the subject's favored option. Consistent age effects were absent. Study 3 found that seventh graders showed less omission bias than did second graders, contrary to Studies 1 and 2.","Baron, J., Granato, L., Spranca, M., & Teubal, E. (1993). Decision-making biases in children and early adolescents: Exploratory studies. Merrill-Palmer Quarterly (1982-), 22-46.","https://pdfs.semanticscholar.org/3723/73e76209193dd750283cf204714f0136e56b.pdf"
"59","Baron Miller (2000) Limiting the scope of moral obligatoins to help","Baron","Baron, Connolly","2000","Limiting the scope of moral obligations to help: A cross-cultural investigations","Journal of cross-cultural psychology","Experimental","2","Yes","Included: effects coded",2,".",,"Two studies compared the judgments of U.S. and Indian students regarding the obligation to save someone’s life by donating bone marrow. Indians were more likely to consider donation to be morally required, even when the needy person was a stranger “on the other side of the world.” Both groups limited obligations to help out-group members, but Americans also limited obligations to help in-group members from the same town. Indians regarded donating more highly when it arose from duty, whereas Americans regarded donating more highly when it went beyond the requirements of duty. Both groups distinguished acts and omissions and treated special obligations as agent general. Although Indians tend to perceive greater obligation, norms in both cultures limit the scope of obligations.","Baron, J., & Miller, J. G. (2000). Limiting the Scope of Moral Obligations to Help A Cross-Cultural Investigation. Journal of cross-cultural psychology, 31(6), 703-725.","http://journals.sagepub.com/doi/abs/10.1177/0022022100031006003"
"60","Reb Connolly (2007) The effects of action,normality, and decision carefulness","Reb","Reb, Reb","2007","The effects of Action,Normality, and Decision Carefulness on Anticipated Regret: Evidence for a Broad Mediating Role of Decisio Justifiability",,"Experimental","3","No","Dropped at full text (Coding decisions)",0,"Anticipated regret; Decision Making; Decision Process Carefulness; Justifiability; Normality; Regret Aversion",,"In three studies we examined the effects of action/inaction, social normality (i.e., how typical the decision is in one’s social environment) and decision process carefulness on anticipated regret. Whereas past research has drawn on norm theory (Kahneman & Miller, 1986) to emphasize the role of mutability in (anticipated) regret, the present studies highlight the important role of perceptions of decision justifiability (Connolly & Zeelenberg, 2002). Study 1 replicated earlier findings showing greater anticipated regret when behavior was abnormal, but perceived justifiability mediated the effect. Study 2 showed that anticipated regret was higher for careless than for careful decisions; perceived decision justifiability again mediated the effect. Study 3 found that, when both carefulness and normality information was provided, only the former affected anticipated regret, again mediated by perceived justifiability. Decision justification theory thus appears to provide a better account of anticipated regret intensity in this context than does norm theory.","Reb, J., & Connolly, T. (2010). The effects of action, normality, and decision carefulness on anticipated regret: Evidence for a broad mediating role of decision justifiability. Cognition and Emotion, 24(8), 1405-1420.","http://ink.library.smu.edu.sg/cgi/viewcontent.cgi?article=1496&context=lkcsb_research"
"61","Connolly Reb (2012) Toward interactive, Internet-based decision aid for vaccination decisions","Connolly","Connolly, Ordonez","2012","Toward interactive, Internet-based decision aid for vaccination decisions: Better information alone is not enough","Elsevier Vaccine","Review",,"No","Dropped at full text (Coding decisions)",0,"Decision Making; Decision aiding; Internet; vaccination decisions",,,"Connolly, T., & Reb, J. (2012). Toward interactive, Internet-based decision aid for vaccination decisions: better information alone is not enough. Vaccine, 30(25), 3813-3818.",
"62","Connolly Ordonez (1997) OBHD Regret and Responsibility in the evaluation of decision outcomes","Connolly","Connolly","1997","Regret and Responsibility in the evaluation of decision outcomes","Organizational Behavior and Human Decision Processes","Experimental","5","No","Dropped at full text (Coding decisions)",0,"",,,"Connolly, T., Ordóñez, L. D., & Coughlan, R. (1997). Regret and responsibility in the evaluation of decision outcomes. Organizational behavior and human decision processes, 70(1), 73-85.",
"66","Jamison Yay Feldman (2020) Action-inaction asymmetries in moral scenarios: Replication of the omission bias examining morality and blame with extensions linking to causality, intent, and regret","Jamison","Jamison, Yay, Feldman","2020","Action-inaction asymmetries in moral scenarios: Replication of the omission bias examining morality and blame with extensions linking to causality, intent, and regret","Journal of Experimental Social Psychology","Experimental","2","Yes","Included: effects coded",4,"omission bias; omission; commission; action; inaction; morality; blame; attributions",,"Omission bias is the preference for harm caused through omissions over harm caused through commissions. In a pre-registered experiment (N = 313), we successfully replicated an experiment from Spranca, Minsk, and Baron (1991), considered a classic demonstration of the omission bias, examining generalizability to a between-subject design with extensions examining causality, intent, and regret. Participants in the harm through commission condition(s) rated harm as more immoral and attributed higher responsibility compared to participants in the harm through omission condition (d = 0.45 to 0.47 and d = 0.40 to 0.53). An omission-commission asymmetry was also found for perceptions of causality and intent, in that commissions were attributed stronger action-outcome links and higher intentionality (d = 0.21 to 0.58). The effect for regret was opposite from the classic findings on the actioneffect, with higher regret for inaction over action (d = -0.26 to -0.19). Overall, higher perceived causality and intent were associated with higher attributed immorality and responsibility, and with lower perceived regret. All materials are available on: https://osf.io/9gsqe/","Jamison, J., Yay, T., & Feldman, G. (2019). Action-inaction asymmetries in moral scenarios: Replication of the omission bias examining morality and blame with extensions linking to causality, intent, and regret. Journal of Experimental Social Psychology",
"67","Zikmund-Fisher etal (2006) A Matter of Perspective","Zikmund-Fisher","Zikmund-Fisher, Sarr, Fagerlin, Ubel","2006","A Matter of Perspective Choosing for Others Differs from Choosing for Yourself in Making Treatment Decisions","The Journal of General Internal Medicine","Experimental","1","No","Dropped at full text",0,"Decision making; risk communication; omission bias",,"BACKGROUND: Many people display omission bias in medical decision making, accepting the risk of passive nonintervention rather than actively choosing interventions (such as vaccinations) that result in lower levels of risk. OBJECTIVE: Testing whether people’s preferences for active interventions would increase when deciding for others versus for themselves. RESEARCH DESIGN: Survey participants imagined themselves in 1 of 4 roles: patient, physician treating a single patient, medical director creating treatment guidelines, or parent deciding for a child. All read 2 short scenarios about vaccinations for a deadly flu and treatments for a slow-growing cancer. PARTICIPANTS: Two thousand three hundred and ninety-nine people drawn from a demographically stratified internet sample. MEASURES: Chosen or recommended treatments. We also measured participants’ emotional response to our task. RESULTS: Preferences for risk-reducing active treatments were significantly stronger for participants imagining themselves as medical professionals than for those imagining themselves as patients (vaccination: 73% [physician] & 63% [medical director] vs 48% [patient], Pso.001; chemotherapy: 68% & 68% vs 60%, Pso.012). Similar results were observed for the parental role (vaccination: 57% vs 48%, P =.003; chemotherapy: 72% vs 60%, Po.001). Reported emotional reactions were stronger in the responsible medical professional and parental roles yet were also independently associated with treatment choice, with higher scores associated with reduced omission tendencies (OR =1.15 for both regressions, Pso.01). CONCLUSIONS: Treatment preferences may be substantially influenced by a decision-making role. As certain roles appear to reinforce ‘‘big picture’’ thinking about difficult risk tradeoffs, physicians and patients should consider re-framing treatment decisions to gain new, and hopefully beneficial, perspectives.","Zikmund‐Fisher, B. J., Sarr, B., Fagerlin, A., & Ubel, P. A. (2006). A matter of perspective: choosing for others differs from choosing for yourself in making treatment decisions. Journal of General Internal Medicine, 21(6), 618-622.","https://onlinelibrary.wiley.com/doi/pdf/10.1111/j.1525-1497.2006.00410.x"
"63","Gärtner (2015) DIVA Omission effects in trolley problems","Gärtner","Gärtner, Mancini","2015","Omission effects in trolley problems with economic outcomes","Digitala Vetenskapliga Arkivet","Experimental","3","No","Dropped at full text (Coding decisions)",0,"",,"This paper tests how ethical views and hypothetical choices in a trolley problem with economic outcomes depend on whether an outcome is the result of an action or an omission. In a vignette experiment, subjects read about a spectator that harms one person in order to save five others from harm either by taking an action or by omission, whereas the outcomes are either death or loss of property. The results show that the distinction between harmful actions and harmful omissions is significantly smaller in the economic domain, suggesting that omission effects in trolley problems are domain-specific. A comparison of moral views about harmful actions across outcome domains shows that this difference is driven by subjects being more outcome-focused when property rather than lives are at stake.","Gärtner, M. (2015). Omission effects in trolley problems with economic outcomes.","http://www.diva-portal.org/smash/record.jsf?pid=diva2%3A862200&dswid=3218#sthash.ezkEtcDw.dpbs"
"64","D'Olimpio Mancini (2016) CN Don't play God","D'Olimpio","D'Olimpio, Armstrong, Conway, Friesdorf","2016","Don't play God: Is inaction preference linked to obsessive-compulsive characteristics?","Clinical Neuropsychology","Experimental","2","No","Dropped at full text (Coding decisions)",0,"",,"Objective: Two kinds of guilt feelings have been postulated: altruistic and deontological. The latter seems to play a role in the genesis and maintenance of Obsessive-Compulsive Disorder (OCD) and to be linked to inaction choice in moral dilemmas. This paper aims to investigate whether inaction choices in moral dilemmas are specifically linked to obsessivecompulsive (OC) characteristics and to feeling of deontological guilt. Method: In the first study, participants completed questionnaires for depression, anxiety and OC and answered to moral and non-moral dilemmas. In the second study, participants, after deontological or altruistic guilt or of shame induction and in control condition (no emotive induction), answered to moral and non-moral dilemmas and to Padua Inventory. Results: Showed that people who ever prefer inaction in moral dilemmas report higher scores only in OC characteristics, but not in depression or anxiety symptoms. At the same time, after induction of deontological guilt but not of altruistic guilt or shame, participants showed an increase of inaction choices. Conclusions: These findings support the existence of a specific link between OC characteristics and deontological guilt.","D'Olimpio, F., & Mancini, F. (2016). "" Don't Play God!"": Is Inaction Preference Linked To Obsessive Compulsive Characteristics?. Clinical Neuropsychiatry, (6).","http://web.a.ebscohost.com/abstract?direct=true&profile=ehost&scope=site&authtype=crawler&jrnl=17244935&AN=121117553&h=%2fN8rJEhv4AesG%2fWzL8zBEXalDkLN4irw2zj%2fjAMUek0QpkufQZ1iBnxSH9abnPCSHOOYWQt73YMU6k%2fQTNZUTQ%3d%3d&crl=c&resultNs=AdminWebAuth&resultLocal=ErrCrlNotAuth&crlhashurl=login.aspx%3fdirect%3dtrue%26profile%3dehost%26scope%3dsite%26authtype%3dcrawler%26jrnl%3d17244935%26AN%3d121117553"
"65","Gawronski (?) Consequences, Norms, and Generalized Inaction in Moral Dilemmas","Gawronski","Gawronski","?","Consequences, Norms, and Generalized Inaction in Moral DIlemmas: The CNI Model of Moral-Decision Making","In press, Journal of Personality and Social Psychology","Experimental","8","No","Dropped at full text (Coding decisions)",0,"deontological guilt; altruistic guilt; shame; moral dilemma; obsessive-compulsive charactersitics",,"Research on moral dilemma judgments has been fundamentally shaped by the distinction between utilitarianism and deontology. According to the principle of utilitarianism, the moral status of behavioral options depends on their consequences; the principle of deontology states that the moral status of behavioral options depends on their consistency with moral norms. To identify the processes underlying utilitarian and deontological judgments, researchers have investigated responses to moral dilemmas that pit one principle against the other (e.g., trolley problem). However, the conceptual meaning of responses in this paradigm is ambiguous, because the central aspects of utilitarianism and deontology—consequences and norms—are not manipulated. We illustrate how this shortcoming undermines theoretical interpretations of empirical findings and describe an alternative approach that resolves the ambiguities of the traditional paradigm. Expanding on this approach, we present a multinomial model that allows researchers to quantify sensitivity to consequences (C), sensitivity to moral norms (N), and general preference for inaction versus action irrespective of consequences and norms (I) in responses to moral dilemmas. We present 8 studies that used this model to investigate the effects of gender, cognitive load, question framing, and psychopathy on moral dilemma judgments. The findings obtained with the proposed CNI model offer more nuanced insights into the determinants of moral dilemma judgments, calling for a reassessment of dominant theoretical assumptions.","Gawronski, B., Conway, P., Armstrong, J., Friesdorf, R., & Hütter, M. Consequences, Norms, and Generalized Inaction in Moral Dilemmas: The CNI Model of Moral Decision-Making.","http://www.bertramgawronski.com/documents/GACFH_JPSP.pdf"
"68","Thorpe et al (2020) Action bias in the public’s clinically inappropriate expectations for antibiotics","Thorpe","Thorpe, Sirota, Juanchich, Orbell","2020","Action bias in the public’s clinically inappropriate expectations for antibiotics","Journal of Experimental Psychology: Applied.","Experimental","3","No","Dropped at full text (Coding decisions)",0,"antibiotics; nonclinical factors; patient decision making; action bias; cognitive biases",,"Clinical guidelines recommend that physicians educate patients about illnesses and antibiotics to eliminate inappropriate preferences for antibiotics. We expected that information provision about illnesses and antibiotics would reduce but not eliminate inappropriate preferences for antibiotics and that cognitive biases could explain why some people resist the effect of information provision. In 2 experiments, participants (n₁ = 424; n₂ = 434) either received incomplete information (about the viral etiology of their infection) or complete information (about viral etiology and the ineffectiveness and harms of taking antibiotics), before deciding to rest or take antibiotics. Those in the complete information conditions responded to items on 4 biases: action bias, social norm, source discrediting, and information neglect. In 2 follow-up experiments (n₁ = 150; n₂ = 732), we aimed to counteract the action bias by reframing the perception of the resting option as an action. Complete information provision reduced but did not eliminate inappropriate preferences for antibiotics. Around 10% of people wanted antibiotics even when informed they are harmful and offer no benefit and even when the alternative option (i.e., rest) was framed as an active treatment option. Results suggest an action bias underpins this preference but appears challenging to counteract.","Thorpe, A., Sirota, M., Juanchich, M., & Orbell, S. (2020). Action bias in the public’s clinically inappropriate expectations for antibiotics. Journal of Experimental Psychology: Applied. https://doi.org/10.1037/xap0000269","https://doi.apa.org/doiLanding?doi=10.1037%2Fxap0000269"
"69","Baron et al (2017) Correlations of trait and state emotions with utilitarian moral judgements","Baron","Baron, Gürçay, Luce","2017","Correlations of trait and state emotions with utilitarian moral judgements","Cognition and Emotion","Correlational","4","No","Dropped at full text (Coding decisions)",0,"Moral judgemen; utilitarianism; deontology; emotion; anger; disgust; sympathy; empathy",,"In four experiments, we asked subjects for judgements about scenarios that pit utilitarian outcomes against deontological moral rules, for example, saving more lives vs. a rule against active killing. We measured trait emotions of anger, disgust, sympathy and empathy (the last two in both specific and general forms, the latter referring to large groups of people), asked about the same emotions after each scenario (state emotions). We found that utilitarian responding to the scenarios, and higher scores on a utilitarianism scale, were correlated negatively with disgust, positively (but weakly and inconsistently) with anger, positively with specific sympathy and state sympathy, and less so with general sympathy or empathy. In a fifth experiment, we asked about anger and sympathy for specific outcomes, and we found that these are consistently predictive of utilitarian responding.","Baron, J., Gürçay, B., & Luce, M. F. (2018). Correlations of trait and state emotions with utilitarian moral judgements. Cognition and Emotion, 32(1), 116-129.",
"70","Baron et al (2015) Why does the Cognitive Reflection Test (sometimes) predict utilitarian moral judgment (and other things)?","Baron","Baron, Scott, Fincher, Metz","2015","Why does the Cognitive Reflection Test (sometimes) predict utilitarian moral judgment (and other things)?","Journal of Applied Research in Memory and Cognition","Correlational","3","No","Dropped at full text (Coding decisions)",0,"Cognitive-reflection test; Utilitarianism; Actively open-minded thinking; Belief bias",,"The Cognitive Reflection Test (CRT) is thought to correlate with measures of utilitarian moral judgment because it measures system-2 correction of an initial intuitive response. And some theories of moral judgment hold that the same thing often happens when people arrive a utilitarian judgments. We find, however, that CRT-type items (using logic as well as arithmetic) can work just as well when they do not have obvious intuitive answers at predicting utilitarian moral judgment, assessed with self-report questionnaires as well as with hypothetical scenarios, and also at predicting a measure of actively open-minded thinking (AOT). Moreover, long response times, as well as high accuracy, also predict moral judgment and other outcomes. The CRT might thus be considered a test of reflection-impulsivity (RI). However, RI is only part of AOT, because RI is concerned only with the amount of thinking, not its direction. Tests of AOT also predict utilitarian moral judgments. Individual differences in AOT and moral judgments are both strongly (negatively) associated with belief that morality comes from God and cannot be understood through thought. The correlation of CRT and utilitarian judgment, when found, is thus likely due to the (imperfect) correlation of AOT and CRT. Intuition in these domains is thus not necessarily something that people overcome through additional thinking, but rather what they rely on when they do not think very much.","Baron, J., Scott, S., Fincher, K., & Metz, S. E. (2015). Why does the Cognitive Reflection Test (sometimes) predict utilitarian moral judgment (and other things)?. Journal of Applied Research in Memory and Cognition, 4(3), 265-284.","https://www.sciencedirect.com/science/article/pii/S2211368114000801?via%3Dihub"
"71","Baron et al (2020) Consequences, norms, and inaction: A critical analysis","Baron","Baron, Goodwin","2020","Consequences, norms, and inaction: A critical analysis","Judgment and Decision Making","Experimental","2","No","Dropped at full text (Coding decisions)",0,"utilitarianism; deontology; omission bias; process dissociation",,"Gawronski, Armstrong, Conway, Friesdorf and Hütter (2017, GACFH) presented a model of choices in utilitarian moral dilemmas, those in which following a moral principle or norm (the deontological response) leads to worse consequences than violating the principle (the utilitarian response). In standard utilitarian dilemmas, the utilitarian option involves action (which causes some harm in order to prevent greater harm), and the deontological response, omission. GACFH propose that responses in such dilemmas arise in three different ways: a psychological process leading to a deontological choice, a different process leading to a utilitarian choice, or a bias toward inaction or action. GACFH attempt to separate these three processes with new dilemmas in which action and omission are switched, and dilemmas in which the utilitarian and deontological processes lead to the same choice. They conclude that utilitarian and deontological responses are indeed separable, and that past research has missed this fact by treating them as naturally opposed. We argue that a bias toward harmful inaction is best understood as an explanation of deontological responding rather than as an alternative process. It thus should be included as an explanation of deontological responding, not an alternative response type. We also argue that GACFH’s results can be largely explained in terms of subjects’ unwillingness to accept the researchers’ assumptions about which consequence is worse and which course of action is consistent with a moral norm. This problem is almost inherent in the attempt to switch act and omission while maintaining equivalent norms. We support this argument with data from experiments with new and old scenarios, in which we asked subjects to judge both norms and consequences. We also find that GACFH’s results are not as consistent as they appear to be in the paper.","Baron, J., & Goodwin, G. P. (2020). Consequences, norms, and inaction: A critical analysis. Judgment & Decision Making, 15(3).","http://journal.sjdm.org/19/190430a/jdm190430a.pdf"
"72","Leib et al (2019) Dishonest helping and harming after (un)fair treatment","Leib","Leib, Moran, Shalvi","2019","Dishonest helping and harming after (un)fair treatment","Judgment and Decision Making","Experimental","2","No","Dropped at full text (Coding decisions)",0,"behavioral ethics; fairness; dishonest behavior; decision making",,"People experience fair and unfair treatment daily, and at times may react by breaking ethical rules and lying. Here, we assess the extent to which individuals engage in dishonest behavior aimed at helping or harming others after they experience (un)fair treatment. Across three financially incentivized experiments, recipients in a dictator game received a fair or unfair amount and then could, by means of dishonesty, inflate or deflate their counterparts’ pay. Results show that dishonest helping is a common and robust behavior. Individuals lie to help others after fair, unfair, and no prior treatment. Dishonest harming, however, is less prevalent. Only after unfair treatment, some, but not all, individuals engage in dishonest harming. Dishonest harming was associated with high levels of anger and disappointment, and low levels of gratitude. Interestingly, the source of (un)fairness, whether it is intentional or not, did not attenuate peoples’ behavior, suggesting that dishonest reactions to (un)fairness were driven by the mere (un)fair treatment, and not by a motivation to reciprocate an (un)fair counterpart.","Leib, M., Moran, S., & Shalvi, S. (2019). Dishonest helping and harming after (un) fair treatment. Judgment and Decision Making, 14(4), 423-439.","http://journal.sjdm.org/19/190419/jdm190419.html"
"73","Gilead et al (2018) Not Our Fault: Judgments of Apathy Versus Harm Toward Socially Proximal Versus Distant Others","Gilead","Gilead, David, Ecker","2018","Not Our Fault: Judgments of Apathy Versus Harm Toward Socially Proximal Versus Distant Others","Social Psychological and Personality Science","Experimental","5","No","Dropped at full text (Coding decisions)",0,"moral judgment; moral foundations theory; political ideology; care; harm",,"The current research aimed to delineate the moral intuitions that underlie apathy toward the suffering of socially distant others. Past research has shown that people endorse in-group-focused morality, according to which the fate of socially distant others is discounted, and harm-focused morality, according to which the omission of care is viewed less negatively as compared to the commission of harm. In the current study, we investigated how these two moral principles interact, by examining whether increased social distance differentially attenuates the severity of moral judgments concerning acts of apathy and harm. The results of five studies show that judgments concerning the omission of care are dependent on social distance, whereas judgments concerning the commission of harm are not. The findings challenge normative theories of morality that deny the legitimacy of “positive rights” and positive theories of morality that see harm and care as two end points of the same psychological continuum.","Gilead, M., David, Y. B., & Ecker, Y. (2018). Not Our Fault: Judgments of Apathy Versus Harm Toward Socially Proximal Versus Distant Others. Social Psychological and Personality Science, 9(5), 568-575.","http://www.gileadlab.net/uploads/1/4/5/3/14530360/spps.pdf"
"74","Bereby-Meyer et al (2003) Decision making under internal uncertainty: the case of multiple-choice tests with different scoring rules","Bereby-Meyer","Bereby-Meyer, Meyer, Budescu","2003","Decision making under internal uncertainty: the case of multiple-choice tests with different scoring rules","Acta Psychologica","Experimental","2","No","Dropped at full text (Coding decisions)",0,"Framing; Internal uncertainty; Prospect Theory; Scoring rules",,"This paper assesses framing effects on decision making with internal uncertainty, i.e., partial knowledge, by focusing on examinees’ behavior in multiple-choice (MC) tests with different scoring rules. In two experiments participants answered a general-knowledge MC test that consisted of 34 solvable and 6 unsolvable items. Experiment 1 studied two scoring rules involving Positive (only gains) and Negative (only losses) scores. Although answering all items was the dominating strategy for both rules, the results revealed a greater tendency to answer under the Negative scoring rule. These results are in line with the predictions derived from Prospect Theory (PT) [Econometrica 47 (1979) 263]. The second experiment studied two scoring rules, which allowed respondents to exhibit partial knowledge. Under the Inclusion-scoring rule the respondents mark all answers that could be correct, and under the Exclusion-scoring rule they exclude all answers that might be incorrect. As predicted by PT, respondents took more risks under the Inclusion rule than under the Exclusion rule. The results illustrate that the basic process that underlies choice behavior under internal uncertainty and especially the effect of framing is similar to the process of choice under external uncertainty and can be described quite accurately by PT.","Bereby-Meyer, Y., Meyer, J., & Budescu, D. V. (2003). Decision making under internal uncertainty: The case of multiple-choice tests with different scoring rules. Acta psychologica, 112(2), 207-220.","https://www.sciencedirect.com/science/article/abs/pii/S0001691802000859?via%3Dihub"
"75","Budescu et al (1993) To Guess or Not to Guess: A Decision-Theoretic View of Formula Scoring","Budescu","Budescu, Bar-Hillel","1993","To Guess or Not to Guess: A Decision-Theoretic View of Formula Scoring","Journal of Educational Measurement","Theoretical","0","No","Dropped at full text (Coding decisions)",0,"",,"Multiple-choice tests are often scored by formulas under which the respondent's expected score for an item is the same whether he or she omits it or guesses at random. Typically, these formulas are accompanied by instructions that discourage guessing. In this article, we look at test taking from the normative and descriptive perspectives of judgment and decision theory. We show that for a rational test taker, whose goal is the maximization of expected score, answering is either superior or equivalent to omitting--a fact which follows from the scoring formula. For test takers who are not fully rational, or have goals other than the maximization of expected score, it is very hard to give adequate formula scoring instructions, and even the recommendation to answer under partial knowledge is problematic (though generally beneficial). Our analysis derives from a critical look at standard assumptions about the epistemic states, response strategies, and strategic motivations of test takers. In conclusion, we endorse the number-right scoring rule, which discourages omissions and is robust against variability in respondent motivations, limitations in judgments of uncertainty, and item vagaries.","Budescu, D., & Bar‐Hillel, M. (1993). To guess or not to guess: A decision‐theoretic view of formula scoring. Journal of Educational Measurement, 30(4), 277-291.","https://onlinelibrary.wiley.com/doi/abs/10.1111/j.1745-3984.1993.tb00427.x"
"76","Budescu et al (2014) Analyzing Test-Taking Behavior: Decision Theory Meets Psychometric Theory","Budescu","Budescu, Bo","2014","Analyzing Test-Taking Behavior: Decision Theory Meets Psychometric Theory","Psychometrika",,,"No","Dropped at full text (Coding decisions)",0,"multiple-choice tests; guessing; formula scoring; partial information; decision theory; loss aversion; mis-calibration of probabilities",,"We investigate the implications of penalizing incorrect answers to multiple-choice tests, from the perspective of both test-takers and test-makers. To do so, we use a model that combines a well-known item response theory model with prospect theory (Kahneman and Tversky, Prospect theory: An analysis of decision under risk, Econometrica 47:263–91, 1979). Our results reveal that when test-takers are fully informed of the scoring rule, the use of any penalty has detrimental effects for both test-takers (they are always penalized in excess, particularly those who are risk averse and loss averse) and test-makers (the bias of the estimated scores, as well as the variance and skewness of their distribution, increase as a function of the severity of the penalty).",,"https://link.springer.com/article/10.1007/s11336-014-9425-x"
